transaction_id,customer_id,transaction_date,amount,payment_method,status,latency_ms
TX-000001,CUST-0001,2025-06-07,171.13,PayPal,Completed,78
TX-000002,CUST-0001,2025-06-24,216.14,Wire Transfer,Completed,89
TX-000003,CUST-0001,2025-06-19,421.9,Credit Card,Completed,320
TX-000004,CUST-0001,2025-11-27,93.8,PayPal,Completed,310
TX-000005,CUST-0002,2026-02-06,412.66,PayPal,Completed,103
TX-000006,CUST-0002,2025-10-17,370.73,PayPal,Completed,349
TX-000007,CUST-0002,2026-02-14,460.61,PayPal,Failed,108
TX-000008,CUST-0002,2025-01-16,189.4,ACH Direct Debit,Completed,348
TX-000009,CUST-0002,2025-04-06,309.74,PayPal,Completed,232
TX-000010,CUST-0002,2025-12-30,44.87,PayPal,Completed,329
TX-000011,CUST-0002,2025-08-20,419.85,Credit Card,Completed,343
TX-000012,CUST-0002,2025-07-11,398.92,Credit Card,Completed,122
TX-000013,CUST-0002,2026-02-14,256.85,ACH Direct Debit,Completed,172
TX-000014,CUST-0002,2026-01-11,440.72,Credit Card,Completed,242
TX-000015,CUST-0003,2025-09-22,348.06,Credit Card,Completed,93
TX-000016,CUST-0003,2025-01-03,176.16,PayPal,Completed,379
TX-000017,CUST-0003,2025-08-28,447.92,Credit Card,Completed,412
TX-000018,CUST-0003,2025-10-23,386.49,Wire Transfer,Completed,182
TX-000019,CUST-0003,2025-05-27,160.03,PayPal,Completed,300
TX-000020,CUST-0003,2025-03-18,104.02,Credit Card,Completed,393
TX-000021,CUST-0003,2025-04-16,284.99,PayPal,Completed,213
TX-000022,CUST-0003,2025-10-21,145.07,ACH Direct Debit,Completed,388
TX-000023,CUST-0003,2025-01-26,91.13,ACH Direct Debit,Completed,420
TX-000024,CUST-0003,2025-01-28,70.48,ACH Direct Debit,Completed,380
TX-000025,CUST-0003,2025-11-12,197.14,Credit Card,Completed,176
TX-000026,CUST-0003,2026-01-22,389.28,ACH Direct Debit,Completed,122
TX-000027,CUST-0003,2025-02-19,244.12,Wire Transfer,Completed,313
TX-000028,CUST-0003,2025-03-15,434.72,PayPal,Completed,261
TX-000029,CUST-0003,2026-02-08,434.57,ACH Direct Debit,Completed,324
TX-000030,CUST-0003,2025-02-27,195.18,PayPal,Completed,162
TX-000031,CUST-0004,2025-10-22,89.88,Credit Card,Completed,129
TX-000032,CUST-0004,2026-02-10,172.0,Wire Transfer,Completed,377
TX-000033,CUST-0004,2025-10-08,104.74,ACH Direct Debit,Completed,108
TX-000034,CUST-0004,2026-02-06,490.7,Wire Transfer,Completed,250
TX-000035,CUST-0004,2025-03-30,341.43,Credit Card,Completed,368
TX-000036,CUST-0004,2025-10-31,310.16,Wire Transfer,Completed,124
TX-000037,CUST-0004,2025-06-07,479.27,ACH Direct Debit,Completed,130
TX-000038,CUST-0004,2025-06-17,262.32,Wire Transfer,Completed,121
TX-000039,CUST-0004,2025-10-25,454.53,Wire Transfer,Completed,75
TX-000040,CUST-0004,2025-08-20,279.69,Wire Transfer,Completed,370
TX-000041,CUST-0004,2025-12-15,442.39,ACH Direct Debit,Completed,230
TX-000042,CUST-0004,2026-01-03,491.81,ACH Direct Debit,Completed,120
TX-000043,CUST-0005,2025-03-07,430.68,Credit Card,Failed,356
TX-000044,CUST-0005,2025-12-27,293.21,Credit Card,Completed,131
TX-000045,CUST-0005,2025-05-01,232.91,ACH Direct Debit,Completed,395
TX-000046,CUST-0005,2025-07-27,209.34,Wire Transfer,Completed,414
TX-000047,CUST-0005,2025-04-07,291.05,Wire Transfer,Completed,259
TX-000048,CUST-0005,2025-05-28,498.8,Credit Card,Completed,143
TX-000049,CUST-0005,2025-03-15,369.03,Wire Transfer,Refunded,298
TX-000050,CUST-0005,2025-02-13,94.49,ACH Direct Debit,Completed,308
TX-000051,CUST-0005,2025-11-16,114.5,ACH Direct Debit,Completed,357
TX-000052,CUST-0005,2025-07-01,136.1,Wire Transfer,Completed,78
TX-000053,CUST-0005,2025-12-31,265.81,Credit Card,Completed,354
TX-000054,CUST-0005,2025-01-20,297.03,Credit Card,Completed,132
TX-000055,CUST-0005,2025-03-14,373.19,Credit Card,Completed,218
TX-000056,CUST-0005,2025-09-25,448.26,Credit Card,Completed,316
TX-000057,CUST-0005,2025-12-17,327.83,PayPal,Completed,234
TX-000058,CUST-0005,2025-10-01,395.91,PayPal,Completed,337
TX-000059,CUST-0006,2025-06-30,481.47,PayPal,Completed,223
TX-000060,CUST-0006,2026-01-08,398.96,Wire Transfer,Completed,397
TX-000061,CUST-0006,2025-10-21,54.26,ACH Direct Debit,Completed,394
TX-000062,CUST-0006,2025-02-12,89.61,PayPal,Completed,217
TX-000063,CUST-0006,2025-05-21,3755.48,ACH Direct Debit,Failed,2215
TX-000064,CUST-0006,2025-07-09,409.69,Credit Card,Completed,195
TX-000065,CUST-0006,2025-06-25,492.51,Wire Transfer,Failed,379
TX-000066,CUST-0006,2025-09-11,383.8,ACH Direct Debit,Completed,271
TX-000067,CUST-0006,2026-01-07,329.66,PayPal,Completed,251
TX-000068,CUST-0007,2026-02-24,84.52,ACH Direct Debit,Completed,279
TX-000069,CUST-0007,2026-01-18,475.68,ACH Direct Debit,Completed,194
TX-000070,CUST-0007,2025-08-31,153.43,ACH Direct Debit,Completed,297
TX-000071,CUST-0007,2025-07-15,348.89,PayPal,Completed,96
TX-000072,CUST-0007,2025-08-10,316.93,PayPal,Completed,214
TX-000073,CUST-0007,2026-02-15,76.19,Wire Transfer,Completed,275
TX-000074,CUST-0007,2026-01-11,345.79,Wire Transfer,Completed,341
TX-000075,CUST-0007,2025-06-10,287.38,Credit Card,Completed,109
TX-000076,CUST-0007,2025-09-26,78.84,PayPal,Completed,187
TX-000077,CUST-0007,2025-04-09,46.0,Wire Transfer,Failed,104
TX-000078,CUST-0007,2025-11-03,329.9,Wire Transfer,Completed,136
TX-000079,CUST-0007,2025-07-12,338.51,Wire Transfer,Completed,364
TX-000080,CUST-0007,2025-02-26,356.96,Credit Card,Completed,314
TX-000081,CUST-0007,2025-11-24,243.12,PayPal,Completed,293
TX-000082,CUST-0007,2025-05-12,106.12,PayPal,Completed,106
TX-000083,CUST-0008,2025-05-13,479.13,Wire Transfer,Completed,300
TX-000084,CUST-0008,2025-11-09,214.54,ACH Direct Debit,Completed,130
TX-000085,CUST-0008,2025-04-22,318.56,Credit Card,Completed,301
TX-000086,CUST-0009,2025-02-07,63.09,ACH Direct Debit,Completed,303
TX-000087,CUST-0009,2025-03-18,2771.24,Wire Transfer,Refunded,3099
TX-000088,CUST-0009,2025-12-25,185.02,ACH Direct Debit,Completed,76
TX-000089,CUST-0010,2025-08-12,219.84,Credit Card,Completed,110
TX-000090,CUST-0010,2025-07-16,478.45,PayPal,Completed,321
TX-000091,CUST-0010,2025-06-20,350.46,Credit Card,Refunded,398
TX-000092,CUST-0010,2025-07-07,281.27,PayPal,Completed,116
TX-000093,CUST-0010,2025-11-28,125.47,PayPal,Completed,271
TX-000094,CUST-0010,2025-12-23,213.35,ACH Direct Debit,Completed,258
TX-000095,CUST-0010,2026-01-12,119.05,Wire Transfer,Completed,87
TX-000096,CUST-0010,2025-09-08,212.72,ACH Direct Debit,Completed,404
TX-000097,CUST-0010,2025-01-09,47.41,Wire Transfer,Completed,96
TX-000098,CUST-0010,2026-02-18,337.31,Wire Transfer,Completed,349
TX-000099,CUST-0011,2025-01-19,375.67,Credit Card,Completed,84
TX-000100,CUST-0011,2025-05-05,359.61,PayPal,Completed,163
TX-000101,CUST-0011,2026-02-25,403.04,Credit Card,Completed,162
TX-000102,CUST-0011,2026-02-23,414.21,Wire Transfer,Completed,379
TX-000103,CUST-0012,2026-02-16,125.24,Wire Transfer,Completed,280
TX-000104,CUST-0012,2025-06-14,423.12,PayPal,Completed,98
TX-000105,CUST-0012,2025-02-02,86.75,PayPal,Completed,287
TX-000106,CUST-0012,2025-10-11,107.55,Credit Card,Completed,372
TX-000107,CUST-0013,2025-11-20,317.85,Credit Card,Completed,83
TX-000108,CUST-0013,2025-01-04,33.4,PayPal,Completed,408
TX-000109,CUST-0013,2025-08-02,355.95,Wire Transfer,Completed,318
TX-000110,CUST-0013,2025-03-15,330.72,Wire Transfer,Completed,285
TX-000111,CUST-0013,2025-11-09,355.09,Credit Card,Completed,330
TX-000112,CUST-0013,2025-11-18,418.45,Wire Transfer,Completed,289
TX-000113,CUST-0013,2025-04-09,85.23,Wire Transfer,Completed,123
TX-000114,CUST-0013,2025-08-26,392.06,Credit Card,Completed,216
TX-000115,CUST-0013,2026-02-12,100.13,Wire Transfer,Completed,317
TX-000116,CUST-0013,2025-12-10,463.66,ACH Direct Debit,Completed,261
TX-000117,CUST-0013,2025-05-09,187.12,Credit Card,Completed,307
TX-000118,CUST-0013,2025-10-03,112.67,Credit Card,Completed,323
TX-000119,CUST-0013,2025-05-01,369.06,PayPal,Completed,241
TX-000120,CUST-0013,2025-04-28,396.12,ACH Direct Debit,Completed,125
TX-000121,CUST-0013,2025-04-13,206.5,Credit Card,Completed,316
TX-000122,CUST-0014,2025-03-16,131.6,Wire Transfer,Completed,166
TX-000123,CUST-0014,2025-08-23,368.32,Wire Transfer,Completed,213
TX-000124,CUST-0014,2025-01-17,355.34,ACH Direct Debit,Completed,144
TX-000125,CUST-0014,2025-08-23,226.57,Wire Transfer,Completed,187
TX-000126,CUST-0014,2026-02-09,403.45,Wire Transfer,Completed,162
TX-000127,CUST-0014,2025-02-14,223.5,ACH Direct Debit,Completed,185
TX-000128,CUST-0014,2025-05-23,36.82,ACH Direct Debit,Completed,201
TX-000129,CUST-0014,2025-10-24,134.53,Credit Card,Completed,151
TX-000130,CUST-0014,2025-08-02,490.69,Credit Card,Completed,315
TX-000131,CUST-0015,2025-09-29,215.33,Wire Transfer,Completed,125
TX-000132,CUST-0015,2025-02-12,3624.15,PayPal,Failed,2392
TX-000133,CUST-0015,2025-06-01,142.36,PayPal,Completed,83
TX-000134,CUST-0015,2025-03-24,360.55,ACH Direct Debit,Completed,373
TX-000135,CUST-0015,2025-08-26,392.76,PayPal,Completed,282
TX-000136,CUST-0015,2025-11-17,248.22,PayPal,Completed,396
TX-000137,CUST-0015,2025-09-29,45.38,Wire Transfer,Completed,213
TX-000138,CUST-0015,2026-02-08,351.79,Credit Card,Completed,246
TX-000139,CUST-0015,2025-09-21,474.3,PayPal,Completed,101
TX-000140,CUST-0016,2025-11-13,49.21,Credit Card,Completed,406
TX-000141,CUST-0016,2025-10-15,363.39,Credit Card,Completed,246
TX-000142,CUST-0016,2025-11-29,254.89,Wire Transfer,Completed,372
TX-000143,CUST-0016,2026-01-21,380.16,ACH Direct Debit,Completed,255
TX-000144,CUST-0016,2025-05-22,55.6,Credit Card,Completed,306
TX-000145,CUST-0016,2025-08-29,363.62,ACH Direct Debit,Completed,347
TX-000146,CUST-0016,2025-11-14,203.03,ACH Direct Debit,Completed,108
TX-000147,CUST-0016,2025-02-14,67.68,Credit Card,Failed,222
TX-000148,CUST-0016,2025-02-25,107.44,Wire Transfer,Completed,150
TX-000149,CUST-0016,2025-09-24,477.49,Wire Transfer,Failed,288
TX-000150,CUST-0017,2025-06-27,227.46,Credit Card,Completed,85
TX-000151,CUST-0017,2025-01-12,439.74,ACH Direct Debit,Completed,341
TX-000152,CUST-0017,2025-10-24,191.11,ACH Direct Debit,Completed,242
TX-000153,CUST-0017,2025-08-23,172.92,PayPal,Completed,231
TX-000154,CUST-0017,2025-04-27,257.59,PayPal,Completed,99
TX-000155,CUST-0017,2025-08-22,479.42,PayPal,Completed,157
TX-000156,CUST-0017,2025-04-04,487.41,Wire Transfer,Completed,416
TX-000157,CUST-0017,2025-05-02,84.95,PayPal,Completed,369
TX-000158,CUST-0017,2025-07-09,116.71,PayPal,Completed,92
TX-000159,CUST-0017,2025-03-17,205.27,Credit Card,Completed,158
TX-000160,CUST-0018,2025-07-27,467.6,Wire Transfer,Failed,309
TX-000161,CUST-0018,2025-01-03,485.97,PayPal,Completed,334
TX-000162,CUST-0018,2025-08-31,451.11,ACH Direct Debit,Completed,368
TX-000163,CUST-0019,2025-12-19,82.79,Credit Card,Completed,95
TX-000164,CUST-0019,2025-06-07,41.65,Credit Card,Completed,187
TX-000165,CUST-0019,2025-06-17,55.87,PayPal,Completed,373
TX-000166,CUST-0019,2025-04-11,40.6,Credit Card,Completed,303
TX-000167,CUST-0019,2025-09-20,215.38,Credit Card,Completed,383
TX-000168,CUST-0019,2025-12-08,199.7,PayPal,Completed,293
TX-000169,CUST-0019,2025-01-07,163.79,Credit Card,Completed,303
TX-000170,CUST-0019,2025-04-21,372.09,PayPal,Completed,287
TX-000171,CUST-0020,2026-02-17,372.16,Credit Card,Completed,287
TX-000172,CUST-0020,2025-03-15,127.66,Credit Card,Refunded,343
TX-000173,CUST-0020,2025-10-30,385.37,PayPal,Completed,284
TX-000174,CUST-0020,2025-08-01,112.2,Wire Transfer,Completed,365
TX-000175,CUST-0020,2025-04-13,117.42,PayPal,Completed,358
TX-000176,CUST-0021,2025-10-27,172.84,Credit Card,Completed,312
TX-000177,CUST-0021,2025-03-20,153.46,PayPal,Completed,400
TX-000178,CUST-0021,2025-08-02,114.3,Credit Card,Completed,405
TX-000179,CUST-0021,2026-01-27,160.29,PayPal,Completed,109
TX-000180,CUST-0021,2025-10-25,255.83,ACH Direct Debit,Completed,207
TX-000181,CUST-0021,2025-12-22,414.59,PayPal,Completed,369
TX-000182,CUST-0021,2025-03-25,303.38,Wire Transfer,Completed,311
TX-000183,CUST-0021,2025-07-02,106.76,PayPal,Completed,289
TX-000184,CUST-0021,2025-01-25,166.23,Wire Transfer,Completed,114
TX-000185,CUST-0021,2026-01-27,74.42,PayPal,Completed,353
TX-000186,CUST-0021,2025-12-17,405.94,PayPal,Completed,260
TX-000187,CUST-0021,2025-03-15,36.06,ACH Direct Debit,Completed,265
TX-000188,CUST-0021,2025-06-24,462.83,Wire Transfer,Completed,186
TX-000189,CUST-0021,2025-04-07,403.7,Credit Card,Completed,344
TX-000190,CUST-0021,2025-08-02,246.43,ACH Direct Debit,Failed,142
TX-000191,CUST-0021,2025-06-28,176.44,PayPal,Completed,301
TX-000192,CUST-0022,2025-12-30,173.2,Wire Transfer,Completed,135
TX-000193,CUST-0022,2025-12-19,136.49,ACH Direct Debit,Refunded,141
TX-000194,CUST-0022,2025-12-20,388.62,ACH Direct Debit,Completed,84
TX-000195,CUST-0022,2025-01-22,122.28,Credit Card,Completed,412
TX-000196,CUST-0022,2025-08-29,85.89,Credit Card,Completed,108
TX-000197,CUST-0023,2025-02-19,397.71,Wire Transfer,Completed,180
TX-000198,CUST-0023,2025-04-05,345.18,PayPal,Completed,149
TX-000199,CUST-0023,2025-10-24,193.48,Wire Transfer,Completed,331
TX-000200,CUST-0023,2025-09-16,298.01,Wire Transfer,Completed,371
TX-000201,CUST-0023,2026-01-02,120.03,Credit Card,Completed,350
TX-000202,CUST-0023,2025-04-20,462.62,Wire Transfer,Completed,318
TX-000203,CUST-0023,2025-08-14,346.56,ACH Direct Debit,Refunded,256
TX-000204,CUST-0023,2025-04-20,271.7,Credit Card,Completed,235
TX-000205,CUST-0023,2025-09-24,93.88,Credit Card,Completed,222
TX-000206,CUST-0023,2025-02-12,184.21,PayPal,Completed,220
TX-000207,CUST-0023,2025-12-18,488.8,ACH Direct Debit,Completed,358
TX-000208,CUST-0023,2025-04-07,432.68,PayPal,Failed,318
TX-000209,CUST-0023,2025-04-02,36.01,ACH Direct Debit,Completed,419
TX-000210,CUST-0023,2025-09-25,339.52,Credit Card,Completed,148
TX-000211,CUST-0023,2026-01-15,464.89,Wire Transfer,Completed,108
TX-000212,CUST-0024,2025-04-13,309.63,ACH Direct Debit,Completed,137
TX-000213,CUST-0024,2026-01-07,264.58,ACH Direct Debit,Completed,372
TX-000214,CUST-0024,2025-07-02,253.64,PayPal,Refunded,282
TX-000215,CUST-0024,2025-03-17,390.96,Wire Transfer,Completed,203
TX-000216,CUST-0024,2025-11-18,472.93,ACH Direct Debit,Completed,102
TX-000217,CUST-0024,2025-12-14,42.57,Wire Transfer,Completed,384
TX-000218,CUST-0024,2025-06-05,322.32,ACH Direct Debit,Completed,114
TX-000219,CUST-0024,2026-02-10,249.03,PayPal,Completed,329
TX-000220,CUST-0025,2025-06-25,410.46,Credit Card,Failed,84
TX-000221,CUST-0025,2025-08-09,443.66,ACH Direct Debit,Completed,305
TX-000222,CUST-0025,2025-08-15,246.04,PayPal,Completed,360
TX-000223,CUST-0025,2025-12-28,107.15,ACH Direct Debit,Completed,234
TX-000224,CUST-0025,2026-01-27,81.41,ACH Direct Debit,Completed,412
TX-000225,CUST-0025,2025-09-01,294.26,ACH Direct Debit,Completed,103
TX-000226,CUST-0025,2025-10-30,486.31,PayPal,Completed,255
TX-000227,CUST-0025,2025-06-14,58.87,PayPal,Completed,140
TX-000228,CUST-0025,2026-02-19,378.77,Credit Card,Completed,395
TX-000229,CUST-0025,2025-08-08,192.22,Wire Transfer,Completed,254
TX-000230,CUST-0025,2025-05-07,140.27,Credit Card,Completed,118
TX-000231,CUST-0026,2025-06-06,83.8,ACH Direct Debit,Completed,350
TX-000232,CUST-0026,2025-12-03,435.78,ACH Direct Debit,Completed,290
TX-000233,CUST-0026,2025-10-29,40.45,Credit Card,Completed,367
TX-000234,CUST-0026,2026-02-18,259.53,PayPal,Completed,180
TX-000235,CUST-0026,2025-03-27,318.97,Credit Card,Completed,298
TX-000236,CUST-0026,2025-10-02,130.62,ACH Direct Debit,Refunded,227
TX-000237,CUST-0026,2026-02-16,136.17,Credit Card,Completed,122
TX-000238,CUST-0026,2025-10-31,188.31,Wire Transfer,Completed,346
TX-000239,CUST-0026,2025-06-27,403.96,PayPal,Completed,229
TX-000240,CUST-0026,2025-08-10,341.82,ACH Direct Debit,Completed,287
TX-000241,CUST-0026,2025-12-10,388.82,Wire Transfer,Completed,84
TX-000242,CUST-0026,2025-10-23,264.63,ACH Direct Debit,Completed,314
TX-000243,CUST-0026,2025-10-17,371.51,Wire Transfer,Completed,177
TX-000244,CUST-0026,2025-05-04,100.72,ACH Direct Debit,Completed,228
TX-000245,CUST-0026,2025-06-13,434.29,ACH Direct Debit,Completed,399
TX-000246,CUST-0026,2025-05-17,417.14,Wire Transfer,Completed,206
TX-000247,CUST-0027,2025-05-03,83.37,PayPal,Completed,200
TX-000248,CUST-0027,2025-08-26,258.13,Credit Card,Completed,291
TX-000249,CUST-0027,2025-04-14,104.9,PayPal,Completed,207
TX-000250,CUST-0027,2025-12-04,288.83,ACH Direct Debit,Failed,96
TX-000251,CUST-0027,2026-02-05,39.36,PayPal,Completed,117
TX-000252,CUST-0027,2025-02-02,453.27,Credit Card,Completed,261
TX-000253,CUST-0027,2025-07-23,473.29,Credit Card,Completed,146
TX-000254,CUST-0027,2025-09-25,342.18,Credit Card,Completed,343
TX-000255,CUST-0027,2025-05-02,311.92,ACH Direct Debit,Completed,235
TX-000256,CUST-0028,2026-01-19,379.66,Wire Transfer,Completed,186
TX-000257,CUST-0028,2025-04-20,485.86,Credit Card,Completed,205
TX-000258,CUST-0028,2025-09-09,280.73,ACH Direct Debit,Completed,132
TX-000259,CUST-0028,2025-09-01,350.89,PayPal,Completed,149
TX-000260,CUST-0028,2026-02-25,174.84,Credit Card,Completed,385
TX-000261,CUST-0028,2025-12-20,461.2,PayPal,Completed,204
TX-000262,CUST-0028,2025-11-24,480.49,Wire Transfer,Completed,137
TX-000263,CUST-0028,2025-08-15,212.58,PayPal,Failed,276
TX-000264,CUST-0028,2025-06-04,72.42,Wire Transfer,Completed,195
TX-000265,CUST-0028,2025-08-13,326.74,Credit Card,Completed,404
TX-000266,CUST-0028,2025-05-21,437.23,ACH Direct Debit,Completed,326
TX-000267,CUST-0028,2025-06-20,367.17,PayPal,Completed,126
TX-000268,CUST-0028,2025-09-17,61.19,ACH Direct Debit,Completed,355
TX-000269,CUST-0028,2025-12-22,42.85,ACH Direct Debit,Completed,403
TX-000270,CUST-0028,2026-02-10,3048.26,Credit Card,Refunded,2751
TX-000271,CUST-0029,2025-03-22,147.31,ACH Direct Debit,Completed,407
TX-000272,CUST-0029,2026-02-10,471.53,PayPal,Completed,143
TX-000273,CUST-0029,2026-02-14,162.44,ACH Direct Debit,Completed,263
TX-000274,CUST-0029,2025-10-20,135.51,Wire Transfer,Completed,360
TX-000275,CUST-0030,2025-08-25,123.19,ACH Direct Debit,Completed,161
TX-000276,CUST-0030,2025-11-04,152.27,Credit Card,Completed,263
TX-000277,CUST-0030,2025-01-08,367.73,ACH Direct Debit,Completed,307
TX-000278,CUST-0030,2025-03-02,135.51,ACH Direct Debit,Completed,211
TX-000279,CUST-0031,2025-03-08,232.72,PayPal,Refunded,185
TX-000280,CUST-0031,2026-01-08,348.28,Credit Card,Completed,284
TX-000281,CUST-0031,2025-05-29,488.78,PayPal,Completed,305
TX-000282,CUST-0031,2025-10-26,351.61,PayPal,Completed,80
TX-000283,CUST-0031,2025-12-21,216.85,PayPal,Completed,271
TX-000284,CUST-0031,2025-02-07,74.78,ACH Direct Debit,Failed,245
TX-000285,CUST-0031,2025-07-01,498.47,Credit Card,Completed,381
TX-000286,CUST-0031,2025-01-03,149.22,PayPal,Refunded,229
TX-000287,CUST-0031,2025-03-09,484.99,Wire Transfer,Completed,372
TX-000288,CUST-0032,2025-09-10,467.25,ACH Direct Debit,Completed,142
TX-000289,CUST-0032,2025-03-14,152.39,PayPal,Completed,140
TX-000290,CUST-0032,2026-01-18,199.48,PayPal,Completed,209
TX-000291,CUST-0032,2025-09-22,177.11,ACH Direct Debit,Completed,236
TX-000292,CUST-0032,2026-01-27,476.52,ACH Direct Debit,Completed,411
TX-000293,CUST-0032,2025-01-28,118.79,PayPal,Completed,168
TX-000294,CUST-0032,2025-03-25,361.8,PayPal,Completed,328
TX-000295,CUST-0032,2025-12-30,293.6,Wire Transfer,Completed,132
TX-000296,CUST-0032,2025-03-05,194.31,Wire Transfer,Completed,220
TX-000297,CUST-0032,2026-01-19,269.11,Credit Card,Completed,414
TX-000298,CUST-0032,2025-09-27,390.42,ACH Direct Debit,Completed,114
TX-000299,CUST-0033,2025-02-18,447.06,Credit Card,Completed,137
TX-000300,CUST-0033,2025-06-15,102.27,PayPal,Completed,412
TX-000301,CUST-0033,2025-11-01,339.26,ACH Direct Debit,Completed,97
TX-000302,CUST-0033,2025-06-16,475.29,Credit Card,Completed,366
TX-000303,CUST-0033,2026-02-15,332.51,ACH Direct Debit,Completed,103
TX-000304,CUST-0033,2025-02-17,217.46,Wire Transfer,Completed,279
TX-000305,CUST-0033,2025-03-25,212.6,Wire Transfer,Completed,406
TX-000306,CUST-0033,2025-03-03,170.32,Wire Transfer,Completed,233
TX-000307,CUST-0033,2025-07-03,342.79,ACH Direct Debit,Completed,337
TX-000308,CUST-0033,2025-07-18,253.93,ACH Direct Debit,Completed,291
TX-000309,CUST-0033,2026-02-20,203.07,Credit Card,Completed,397
TX-000310,CUST-0033,2025-09-20,190.62,Wire Transfer,Completed,189
TX-000311,CUST-0033,2025-09-11,277.82,ACH Direct Debit,Completed,117
TX-000312,CUST-0034,2026-02-15,254.48,PayPal,Completed,140
TX-000313,CUST-0034,2025-05-08,275.85,Credit Card,Completed,99
TX-000314,CUST-0034,2025-09-20,80.59,PayPal,Completed,123
TX-000315,CUST-0034,2025-07-01,149.78,ACH Direct Debit,Completed,332
TX-000316,CUST-0035,2026-02-07,115.64,PayPal,Completed,117
TX-000317,CUST-0035,2025-06-10,305.99,PayPal,Completed,418
TX-000318,CUST-0035,2025-06-24,484.36,Credit Card,Completed,170
TX-000319,CUST-0035,2026-01-18,491.63,Credit Card,Completed,419
TX-000320,CUST-0035,2025-01-03,2573.37,ACH Direct Debit,Refunded,3384
TX-000321,CUST-0036,2025-11-13,412.17,ACH Direct Debit,Failed,419
TX-000322,CUST-0036,2026-02-16,172.25,Credit Card,Completed,82
TX-000323,CUST-0036,2025-12-23,486.14,Wire Transfer,Completed,182
TX-000324,CUST-0036,2025-11-29,143.64,PayPal,Completed,350
TX-000325,CUST-0036,2026-01-30,247.81,Wire Transfer,Completed,86
TX-000326,CUST-0036,2026-01-14,360.22,ACH Direct Debit,Completed,316
TX-000327,CUST-0036,2025-10-27,144.04,Credit Card,Completed,275
TX-000328,CUST-0037,2025-11-19,428.39,PayPal,Completed,287
TX-000329,CUST-0037,2025-01-19,259.12,ACH Direct Debit,Completed,377
TX-000330,CUST-0037,2025-04-29,365.72,Credit Card,Completed,291
TX-000331,CUST-0037,2025-05-18,449.65,PayPal,Completed,317
TX-000332,CUST-0038,2025-12-24,235.03,ACH Direct Debit,Completed,173
TX-000333,CUST-0038,2025-04-29,268.59,ACH Direct Debit,Failed,248
TX-000334,CUST-0038,2025-03-09,445.09,PayPal,Failed,274
TX-000335,CUST-0038,2026-02-12,251.99,PayPal,Completed,157
TX-000336,CUST-0038,2025-12-20,382.15,Wire Transfer,Completed,141
TX-000337,CUST-0038,2025-11-07,261.33,Wire Transfer,Completed,327
TX-000338,CUST-0038,2025-10-13,-52.11,PayPal,Failed,246
TX-000339,CUST-0038,2025-12-13,104.54,Credit Card,Completed,332
TX-000340,CUST-0038,2025-06-22,232.39,ACH Direct Debit,Completed,136
TX-000341,CUST-0038,2025-05-13,497.02,PayPal,Completed,98
TX-000342,CUST-0039,2025-12-20,440.64,ACH Direct Debit,Completed,128
TX-000343,CUST-0039,2026-02-14,244.85,Credit Card,Refunded,131
TX-000344,CUST-0039,2025-10-15,49.73,Wire Transfer,Completed,397
TX-000345,CUST-0039,2025-07-05,103.81,ACH Direct Debit,Completed,301
TX-000346,CUST-0039,2026-01-11,439.13,Wire Transfer,Completed,261
TX-000347,CUST-0040,2025-04-14,236.38,ACH Direct Debit,Completed,78
TX-000348,CUST-0040,2025-06-24,164.78,ACH Direct Debit,Completed,211
TX-000349,CUST-0040,2025-07-04,325.84,Wire Transfer,Completed,346
TX-000350,CUST-0040,2025-03-12,406.83,PayPal,Completed,284
TX-000351,CUST-0041,2025-08-15,1263.52,PayPal,Failed,1785
TX-000352,CUST-0041,2025-06-11,218.78,Credit Card,Completed,297
TX-000353,CUST-0041,2025-12-05,463.58,PayPal,Completed,369
TX-000354,CUST-0042,2025-07-25,446.32,PayPal,Completed,230
TX-000355,CUST-0042,2025-06-26,33.71,Wire Transfer,Completed,345
TX-000356,CUST-0042,2025-12-25,219.85,ACH Direct Debit,Completed,353
TX-000357,CUST-0042,2025-12-24,192.27,Wire Transfer,Completed,407
TX-000358,CUST-0042,2025-06-04,69.61,Wire Transfer,Completed,274
TX-000359,CUST-0042,2025-09-24,496.2,PayPal,Completed,122
TX-000360,CUST-0042,2025-09-24,190.13,PayPal,Completed,86
TX-000361,CUST-0042,2025-05-04,421.15,Credit Card,Refunded,291
TX-000362,CUST-0042,2026-01-10,58.17,Credit Card,Completed,396
TX-000363,CUST-0043,2026-01-23,335.95,Credit Card,Completed,227
TX-000364,CUST-0043,2025-08-21,189.32,Wire Transfer,Completed,372
TX-000365,CUST-0043,2025-06-29,170.62,ACH Direct Debit,Completed,368
TX-000366,CUST-0044,2026-01-13,146.39,PayPal,Completed,373
TX-000367,CUST-0044,2025-08-21,76.05,Credit Card,Completed,285
TX-000368,CUST-0044,2025-08-06,447.6,ACH Direct Debit,Completed,303
TX-000369,CUST-0044,2025-10-29,292.72,ACH Direct Debit,Completed,210
TX-000370,CUST-0044,2025-08-14,353.84,Wire Transfer,Completed,288
TX-000371,CUST-0044,2025-09-16,89.75,Credit Card,Failed,141
TX-000372,CUST-0044,2025-12-22,129.94,PayPal,Failed,155
TX-000373,CUST-0044,2025-03-02,312.75,PayPal,Completed,136
TX-000374,CUST-0044,2025-01-21,275.71,PayPal,Refunded,231
TX-000375,CUST-0044,2025-05-31,258.39,ACH Direct Debit,Completed,147
TX-000376,CUST-0044,2025-01-25,470.31,ACH Direct Debit,Completed,220
TX-000377,CUST-0045,2025-03-04,287.34,PayPal,Completed,97
TX-000378,CUST-0045,2025-10-17,242.62,Wire Transfer,Completed,268
TX-000379,CUST-0045,2026-01-26,95.11,Wire Transfer,Completed,305
TX-000380,CUST-0046,2026-01-08,182.85,ACH Direct Debit,Completed,415
TX-000381,CUST-0046,2025-04-30,453.11,ACH Direct Debit,Failed,98
TX-000382,CUST-0046,2026-01-12,160.37,PayPal,Completed,159
TX-000383,CUST-0046,2025-10-15,333.23,Credit Card,Completed,118
TX-000384,CUST-0046,2025-10-19,275.22,Credit Card,Completed,332
TX-000385,CUST-0046,2025-12-04,470.01,Wire Transfer,Completed,84
TX-000386,CUST-0046,2025-05-06,419.95,PayPal,Completed,371
TX-000387,CUST-0046,2025-07-25,306.78,Wire Transfer,Completed,86
TX-000388,CUST-0046,2025-08-01,41.31,Credit Card,Completed,270
TX-000389,CUST-0046,2025-02-20,284.64,Credit Card,Completed,168
TX-000390,CUST-0046,2025-03-20,174.19,PayPal,Completed,161
TX-000391,CUST-0046,2025-04-03,42.77,Wire Transfer,Completed,274
TX-000392,CUST-0046,2025-07-31,449.72,Wire Transfer,Completed,136
TX-000393,CUST-0046,2026-01-21,310.59,ACH Direct Debit,Completed,335
TX-000394,CUST-0046,2025-02-28,156.57,ACH Direct Debit,Completed,358
TX-000395,CUST-0046,2025-01-15,221.52,Credit Card,Completed,84
TX-000396,CUST-0047,2026-01-26,290.71,ACH Direct Debit,Completed,230
TX-000397,CUST-0047,2025-02-12,427.75,Wire Transfer,Completed,147
TX-000398,CUST-0047,2026-02-05,145.23,Credit Card,Completed,359
TX-000399,CUST-0047,2026-02-21,248.39,Wire Transfer,Completed,223
TX-000400,CUST-0047,2025-01-01,58.28,ACH Direct Debit,Completed,214
TX-000401,CUST-0047,2025-06-29,425.95,Wire Transfer,Completed,336
TX-000402,CUST-0048,2025-10-01,294.65,Wire Transfer,Completed,277
TX-000403,CUST-0048,2026-01-07,291.55,PayPal,Completed,296
TX-000404,CUST-0048,2025-12-16,474.34,PayPal,Completed,306
TX-000405,CUST-0048,2025-06-24,128.99,Wire Transfer,Completed,243
TX-000406,CUST-0048,2025-11-27,463.46,Wire Transfer,Completed,77
TX-000407,CUST-0048,2025-07-31,291.22,Credit Card,Completed,325
TX-000408,CUST-0048,2026-02-08,442.06,ACH Direct Debit,Completed,350
TX-000409,CUST-0048,2025-12-11,88.01,PayPal,Completed,267
TX-000410,CUST-0048,2025-07-18,113.28,PayPal,Completed,79
TX-000411,CUST-0048,2025-04-09,238.95,PayPal,Completed,85
TX-000412,CUST-0048,2025-04-09,72.28,Wire Transfer,Completed,230
TX-000413,CUST-0048,2025-04-30,490.66,Wire Transfer,Completed,93
TX-000414,CUST-0048,2025-01-04,122.16,PayPal,Completed,277
TX-000415,CUST-0048,2025-10-19,265.15,Wire Transfer,Completed,174
TX-000416,CUST-0049,2025-10-29,90.28,Wire Transfer,Failed,207
TX-000417,CUST-0049,2025-09-25,372.58,PayPal,Refunded,86
TX-000418,CUST-0049,2025-12-15,293.25,Credit Card,Completed,293
TX-000419,CUST-0049,2025-06-15,233.3,ACH Direct Debit,Completed,215
TX-000420,CUST-0050,2025-07-05,273.11,ACH Direct Debit,Completed,189
TX-000421,CUST-0050,2025-09-30,2209.08,Wire Transfer,Failed,1835
TX-000422,CUST-0050,2025-12-20,229.2,PayPal,Completed,202
TX-000423,CUST-0050,2025-06-09,59.54,Credit Card,Completed,89
TX-000424,CUST-0050,2025-10-31,404.69,ACH Direct Debit,Completed,203
TX-000425,CUST-0050,2025-05-03,480.64,Wire Transfer,Completed,245
TX-000426,CUST-0050,2025-02-07,394.6,Credit Card,Completed,123
TX-000427,CUST-0050,2025-02-13,488.03,Credit Card,Completed,268
TX-000428,CUST-0050,2026-02-05,89.94,ACH Direct Debit,Completed,301
TX-000429,CUST-0050,2025-02-03,77.86,ACH Direct Debit,Completed,101
TX-000430,CUST-0051,2025-02-19,320.13,Credit Card,Completed,381
TX-000431,CUST-0051,2025-08-21,210.44,PayPal,Completed,392
TX-000432,CUST-0051,2025-11-30,470.66,Wire Transfer,Completed,307
TX-000433,CUST-0051,2025-02-25,78.26,Wire Transfer,Completed,109
TX-000434,CUST-0051,2025-10-21,89.21,ACH Direct Debit,Completed,256
TX-000435,CUST-0051,2025-04-06,144.28,ACH Direct Debit,Completed,105
TX-000436,CUST-0051,2025-09-20,481.08,Wire Transfer,Completed,234
TX-000437,CUST-0051,2025-03-17,250.68,Credit Card,Completed,224
TX-000438,CUST-0051,2025-09-23,305.63,Credit Card,Completed,104
TX-000439,CUST-0052,2025-06-26,121.84,PayPal,Completed,178
TX-000440,CUST-0052,2025-04-07,343.89,PayPal,Completed,314
TX-000441,CUST-0052,2025-10-24,296.07,Wire Transfer,Completed,228
TX-000442,CUST-0052,2025-02-23,243.52,Credit Card,Completed,96
TX-000443,CUST-0052,2025-11-24,134.82,ACH Direct Debit,Completed,394
TX-000444,CUST-0052,2026-01-12,391.12,Wire Transfer,Completed,267
TX-000445,CUST-0052,2025-01-04,200.52,Wire Transfer,Completed,90
TX-000446,CUST-0052,2025-05-29,236.99,Credit Card,Completed,259
TX-000447,CUST-0052,2025-04-12,122.98,PayPal,Completed,209
TX-000448,CUST-0053,2025-10-11,145.6,Credit Card,Completed,165
TX-000449,CUST-0053,2025-01-11,420.78,Credit Card,Completed,410
TX-000450,CUST-0053,2025-06-23,469.97,PayPal,Completed,197
TX-000451,CUST-0053,2025-12-05,110.54,Credit Card,Completed,394
TX-000452,CUST-0053,2025-03-02,97.88,ACH Direct Debit,Completed,172
TX-000453,CUST-0053,2025-12-22,205.9,Credit Card,Completed,400
TX-000454,CUST-0053,2026-01-26,319.53,Wire Transfer,Completed,349
TX-000455,CUST-0053,2025-06-17,146.17,ACH Direct Debit,Completed,218
TX-000456,CUST-0053,2025-04-18,371.83,Wire Transfer,Completed,414
TX-000457,CUST-0053,2025-09-18,212.41,ACH Direct Debit,Completed,335
TX-000458,CUST-0053,2025-04-02,181.26,ACH Direct Debit,Completed,322
TX-000459,CUST-0053,2025-08-31,156.12,Wire Transfer,Completed,373
TX-000460,CUST-0053,2025-04-23,450.6,PayPal,Completed,195
TX-000461,CUST-0053,2025-08-06,447.69,Credit Card,Completed,266
TX-000462,CUST-0053,2025-03-10,383.26,Credit Card,Completed,340
TX-000463,CUST-0053,2025-08-27,270.76,ACH Direct Debit,Completed,305
TX-000464,CUST-0054,2026-02-16,263.85,Wire Transfer,Completed,87
TX-000465,CUST-0054,2025-05-16,333.32,Credit Card,Completed,117
TX-000466,CUST-0054,2026-02-07,159.92,Credit Card,Completed,135
TX-000467,CUST-0054,2025-10-07,124.14,PayPal,Completed,243
TX-000468,CUST-0054,2025-04-08,361.65,Credit Card,Completed,353
TX-000469,CUST-0054,2026-01-30,170.75,Credit Card,Failed,281
TX-000470,CUST-0054,2025-08-30,337.42,Wire Transfer,Completed,151
TX-000471,CUST-0054,2025-04-27,369.97,ACH Direct Debit,Completed,194
TX-000472,CUST-0055,2026-02-21,246.86,ACH Direct Debit,Completed,235
TX-000473,CUST-0055,2026-01-30,472.71,Credit Card,Completed,299
TX-000474,CUST-0055,2025-07-11,95.31,Credit Card,Failed,231
TX-000475,CUST-0055,2025-09-13,410.89,ACH Direct Debit,Completed,248
TX-000476,CUST-0055,2025-12-18,383.73,Credit Card,Completed,350
TX-000477,CUST-0055,2025-10-18,399.12,PayPal,Refunded,153
TX-000478,CUST-0055,2025-10-18,326.02,ACH Direct Debit,Completed,386
TX-000479,CUST-0055,2025-07-15,125.98,ACH Direct Debit,Completed,348
TX-000480,CUST-0055,2025-02-25,184.56,Credit Card,Completed,402
TX-000481,CUST-0055,2025-03-29,79.03,ACH Direct Debit,Completed,91
TX-000482,CUST-0055,2025-01-14,117.75,Wire Transfer,Completed,272
TX-000483,CUST-0055,2025-05-30,340.0,Credit Card,Completed,104
TX-000484,CUST-0055,2025-03-29,183.58,Credit Card,Completed,275
TX-000485,CUST-0055,2025-03-08,282.13,Wire Transfer,Completed,110
TX-000486,CUST-0056,2025-04-16,175.59,PayPal,Completed,415
TX-000487,CUST-0056,2025-10-28,125.4,Credit Card,Completed,309
TX-000488,CUST-0056,2025-03-15,239.49,PayPal,Completed,384
TX-000489,CUST-0056,2025-10-19,443.24,Credit Card,Completed,369
TX-000490,CUST-0056,2025-05-28,333.76,PayPal,Completed,252
TX-000491,CUST-0057,2025-11-10,417.01,ACH Direct Debit,Completed,287
TX-000492,CUST-0057,2025-08-23,210.79,Credit Card,Completed,366
TX-000493,CUST-0057,2025-05-03,446.2,Credit Card,Completed,396
TX-000494,CUST-0057,2025-12-24,371.47,Credit Card,Completed,327
TX-000495,CUST-0057,2025-07-08,65.97,Wire Transfer,Completed,241
TX-000496,CUST-0057,2025-05-10,127.46,ACH Direct Debit,Completed,88
TX-000497,CUST-0057,2025-07-15,191.52,Credit Card,Completed,174
TX-000498,CUST-0057,2025-05-09,83.9,ACH Direct Debit,Completed,242
TX-000499,CUST-0057,2025-09-06,246.84,ACH Direct Debit,Completed,411
TX-000500,CUST-0058,2025-08-30,415.6,Credit Card,Completed,162
TX-000501,CUST-0058,2025-04-01,168.25,Credit Card,Completed,275
TX-000502,CUST-0058,2025-12-13,158.43,Credit Card,Completed,166
TX-000503,CUST-0058,2025-12-12,280.18,Credit Card,Completed,99
TX-000504,CUST-0058,2025-07-19,354.46,ACH Direct Debit,Completed,381
TX-000505,CUST-0059,2025-04-14,466.55,Credit Card,Completed,197
TX-000506,CUST-0059,2025-08-04,557.42,Credit Card,Failed,1758
TX-000507,CUST-0059,2026-02-13,422.63,Credit Card,Completed,160
TX-000508,CUST-0059,2026-02-22,183.76,ACH Direct Debit,Completed,172
TX-000509,CUST-0059,2025-08-08,86.78,Credit Card,Completed,257
TX-000510,CUST-0059,2025-07-25,3129.71,PayPal,Failed,2401
TX-000511,CUST-0059,2025-11-29,323.24,ACH Direct Debit,Completed,186
TX-000512,CUST-0059,2025-02-22,364.89,Credit Card,Completed,366
TX-000513,CUST-0059,2025-11-04,182.45,Wire Transfer,Completed,273
TX-000514,CUST-0059,2025-06-20,112.41,ACH Direct Debit,Refunded,237
TX-000515,CUST-0059,2025-02-04,187.5,Wire Transfer,Completed,374
TX-000516,CUST-0059,2025-09-15,306.11,Credit Card,Completed,194
TX-000517,CUST-0059,2025-06-08,141.11,Credit Card,Completed,199
TX-000518,CUST-0059,2025-03-12,206.03,Credit Card,Completed,152
TX-000519,CUST-0059,2025-05-02,464.0,PayPal,Completed,302
TX-000520,CUST-0060,2025-05-23,179.24,ACH Direct Debit,Completed,95
TX-000521,CUST-0060,2025-11-28,411.97,PayPal,Completed,192
TX-000522,CUST-0060,2025-06-25,143.86,Wire Transfer,Refunded,415
TX-000523,CUST-0060,2025-11-08,440.17,Credit Card,Completed,168
TX-000524,CUST-0060,2025-02-03,438.84,Wire Transfer,Completed,173
TX-000525,CUST-0061,2025-03-06,73.13,Credit Card,Completed,179
TX-000526,CUST-0061,2025-08-07,370.74,Wire Transfer,Completed,176
TX-000527,CUST-0061,2025-11-07,147.02,Wire Transfer,Failed,304
TX-000528,CUST-0061,2025-05-20,435.34,Wire Transfer,Completed,259
TX-000529,CUST-0061,2025-08-30,237.45,ACH Direct Debit,Completed,296
TX-000530,CUST-0061,2025-01-11,388.11,PayPal,Completed,117
TX-000531,CUST-0062,2025-10-03,101.82,PayPal,Completed,206
TX-000532,CUST-0062,2025-08-21,163.12,Wire Transfer,Completed,321
TX-000533,CUST-0062,2026-01-02,250.55,PayPal,Completed,172
TX-000534,CUST-0062,2025-09-09,220.14,PayPal,Refunded,277
TX-000535,CUST-0062,2025-07-16,260.09,Credit Card,Completed,376
TX-000536,CUST-0062,2025-03-05,210.87,PayPal,Completed,174
TX-000537,CUST-0062,2026-01-30,459.15,PayPal,Completed,335
TX-000538,CUST-0062,2025-12-23,57.12,Wire Transfer,Completed,292
TX-000539,CUST-0062,2025-09-02,46.22,Credit Card,Completed,398
TX-000540,CUST-0062,2025-12-24,342.87,Wire Transfer,Completed,384
TX-000541,CUST-0062,2025-05-11,146.28,Credit Card,Completed,414
TX-000542,CUST-0062,2025-03-01,392.36,Credit Card,Completed,271
TX-000543,CUST-0063,2025-04-07,441.72,PayPal,Completed,293
TX-000544,CUST-0063,2025-09-14,484.81,ACH Direct Debit,Completed,270
TX-000545,CUST-0063,2026-01-21,441.91,PayPal,Completed,120
TX-000546,CUST-0063,2026-02-21,97.08,Credit Card,Completed,278
TX-000547,CUST-0063,2025-03-28,3482.99,PayPal,Refunded,3211
TX-000548,CUST-0063,2026-01-11,232.55,Wire Transfer,Completed,170
TX-000549,CUST-0063,2025-09-07,115.53,Wire Transfer,Completed,305
TX-000550,CUST-0063,2025-04-06,124.44,ACH Direct Debit,Completed,173
TX-000551,CUST-0063,2025-08-14,324.61,PayPal,Completed,400
TX-000552,CUST-0063,2025-02-13,207.53,Wire Transfer,Completed,250
TX-000553,CUST-0063,2025-09-02,258.04,Credit Card,Completed,79
TX-000554,CUST-0064,2025-10-26,400.93,Credit Card,Completed,183
TX-000555,CUST-0064,2025-07-12,313.4,ACH Direct Debit,Failed,211
TX-000556,CUST-0064,2026-01-23,188.4,PayPal,Completed,264
TX-000557,CUST-0064,2025-06-11,413.92,Credit Card,Completed,415
TX-000558,CUST-0064,2025-07-02,440.35,ACH Direct Debit,Completed,76
TX-000559,CUST-0064,2026-01-07,422.65,PayPal,Completed,88
TX-000560,CUST-0064,2025-12-25,383.18,ACH Direct Debit,Completed,306
TX-000561,CUST-0064,2025-09-21,224.17,PayPal,Failed,401
TX-000562,CUST-0064,2025-01-09,327.88,Wire Transfer,Completed,241
TX-000563,CUST-0064,2025-11-07,257.73,ACH Direct Debit,Completed,116
TX-000564,CUST-0064,2025-12-04,432.84,Wire Transfer,Completed,272
TX-000565,CUST-0064,2025-12-31,97.29,Credit Card,Completed,367
TX-000566,CUST-0064,2025-03-07,264.02,ACH Direct Debit,Refunded,419
TX-000567,CUST-0065,2025-08-17,478.87,Wire Transfer,Completed,351
TX-000568,CUST-0065,2025-03-29,384.03,Credit Card,Completed,120
TX-000569,CUST-0065,2025-03-24,466.63,Wire Transfer,Completed,271
TX-000570,CUST-0065,2026-01-04,151.09,Wire Transfer,Completed,418
TX-000571,CUST-0065,2025-10-01,327.77,Credit Card,Completed,245
TX-000572,CUST-0066,2025-06-25,207.19,ACH Direct Debit,Completed,270
TX-000573,CUST-0066,2026-02-18,139.68,Credit Card,Completed,223
TX-000574,CUST-0066,2025-06-24,378.07,Wire Transfer,Completed,134
TX-000575,CUST-0066,2025-06-10,478.41,Wire Transfer,Completed,75
TX-000576,CUST-0066,2025-07-18,490.53,Wire Transfer,Completed,261
TX-000577,CUST-0066,2025-09-24,341.96,ACH Direct Debit,Completed,129
TX-000578,CUST-0066,2025-06-11,98.01,ACH Direct Debit,Completed,187
TX-000579,CUST-0066,2025-03-17,312.69,Credit Card,Completed,415
TX-000580,CUST-0066,2025-11-03,180.47,ACH Direct Debit,Completed,138
TX-000581,CUST-0066,2025-11-20,419.48,PayPal,Completed,267
TX-000582,CUST-0066,2025-03-20,419.11,Credit Card,Completed,190
TX-000583,CUST-0066,2026-02-02,114.14,Wire Transfer,Completed,275
TX-000584,CUST-0066,2025-01-12,287.53,ACH Direct Debit,Refunded,317
TX-000585,CUST-0067,2025-02-06,278.09,ACH Direct Debit,Completed,174
TX-000586,CUST-0067,2025-02-19,91.52,Credit Card,Completed,372
TX-000587,CUST-0067,2025-12-30,172.91,ACH Direct Debit,Completed,370
TX-000588,CUST-0067,2025-05-30,451.69,Credit Card,Completed,175
TX-000589,CUST-0067,2025-07-05,371.2,ACH Direct Debit,Completed,150
TX-000590,CUST-0067,2025-12-14,425.58,ACH Direct Debit,Completed,124
TX-000591,CUST-0067,2025-04-02,474.18,ACH Direct Debit,Completed,338
TX-000592,CUST-0067,2025-03-18,324.68,ACH Direct Debit,Completed,92
TX-000593,CUST-0067,2025-09-08,172.26,ACH Direct Debit,Completed,163
TX-000594,CUST-0068,2025-12-21,495.85,ACH Direct Debit,Completed,120
TX-000595,CUST-0068,2025-05-21,327.2,Credit Card,Completed,80
TX-000596,CUST-0068,2025-03-04,259.93,ACH Direct Debit,Completed,335
TX-000597,CUST-0068,2025-05-21,356.05,ACH Direct Debit,Completed,378
TX-000598,CUST-0068,2025-11-27,360.29,Credit Card,Completed,139
TX-000599,CUST-0068,2026-01-01,457.17,Credit Card,Completed,169
TX-000600,CUST-0068,2025-07-21,291.35,Credit Card,Completed,346
TX-000601,CUST-0068,2026-01-21,383.9,Wire Transfer,Completed,135
TX-000602,CUST-0068,2025-01-03,290.72,Wire Transfer,Completed,137
TX-000603,CUST-0068,2025-12-01,105.77,Credit Card,Completed,92
TX-000604,CUST-0068,2025-09-17,170.33,Credit Card,Completed,162
TX-000605,CUST-0068,2025-05-08,171.28,PayPal,Completed,340
TX-000606,CUST-0068,2025-12-04,281.03,PayPal,Completed,326
TX-000607,CUST-0068,2025-11-07,282.96,Credit Card,Completed,125
TX-000608,CUST-0068,2025-05-02,47.26,Wire Transfer,Failed,185
TX-000609,CUST-0069,2025-07-03,160.38,PayPal,Completed,291
TX-000610,CUST-0069,2025-05-14,209.44,PayPal,Completed,279
TX-000611,CUST-0069,2025-12-13,229.91,PayPal,Completed,349
TX-000612,CUST-0069,2025-11-21,357.5,Wire Transfer,Completed,265
TX-000613,CUST-0069,2025-08-03,416.14,Wire Transfer,Completed,297
TX-000614,CUST-0069,2025-02-09,156.96,PayPal,Completed,355
TX-000615,CUST-0069,2025-11-24,71.82,Wire Transfer,Completed,214
TX-000616,CUST-0069,2025-05-21,34.64,Credit Card,Completed,188
TX-000617,CUST-0069,2026-02-05,465.05,ACH Direct Debit,Completed,231
TX-000618,CUST-0069,2025-02-18,278.61,Credit Card,Completed,219
TX-000619,CUST-0069,2025-01-25,110.25,ACH Direct Debit,Completed,274
TX-000620,CUST-0069,2025-09-02,308.39,Wire Transfer,Completed,337
TX-000621,CUST-0070,2025-07-13,296.75,Wire Transfer,Refunded,402
TX-000622,CUST-0070,2025-12-14,316.09,PayPal,Completed,168
TX-000623,CUST-0070,2026-02-13,250.27,Wire Transfer,Completed,294
TX-000624,CUST-0070,2025-06-06,328.75,PayPal,Completed,231
TX-000625,CUST-0070,2025-02-16,328.3,Wire Transfer,Failed,197
TX-000626,CUST-0071,2025-01-30,69.76,Credit Card,Completed,327
TX-000627,CUST-0071,2025-08-06,348.21,Credit Card,Completed,144
TX-000628,CUST-0071,2025-07-27,36.53,PayPal,Completed,78
TX-000629,CUST-0071,2025-05-06,497.28,Credit Card,Completed,345
TX-000630,CUST-0071,2025-11-07,240.87,Wire Transfer,Completed,343
TX-000631,CUST-0071,2025-02-08,202.51,ACH Direct Debit,Failed,255
TX-000632,CUST-0071,2025-09-11,208.17,Wire Transfer,Completed,132
TX-000633,CUST-0071,2025-10-04,429.87,PayPal,Completed,223
TX-000634,CUST-0071,2025-05-16,130.14,PayPal,Completed,366
TX-000635,CUST-0071,2025-11-26,272.3,ACH Direct Debit,Completed,312
TX-000636,CUST-0071,2025-01-30,197.2,Credit Card,Completed,243
TX-000637,CUST-0071,2025-01-03,194.37,Credit Card,Completed,280
TX-000638,CUST-0072,2025-09-09,122.85,ACH Direct Debit,Completed,153
TX-000639,CUST-0072,2025-01-04,103.15,PayPal,Completed,190
TX-000640,CUST-0072,2025-06-03,201.31,Credit Card,Completed,349
TX-000641,CUST-0072,2025-08-13,338.45,ACH Direct Debit,Completed,146
TX-000642,CUST-0072,2025-01-03,198.84,PayPal,Completed,176
TX-000643,CUST-0072,2025-01-21,92.83,Wire Transfer,Completed,244
TX-000644,CUST-0072,2025-12-08,123.53,Credit Card,Refunded,415
TX-000645,CUST-0072,2025-08-04,259.86,ACH Direct Debit,Completed,140
TX-000646,CUST-0072,2025-09-14,371.22,Credit Card,Completed,274
TX-000647,CUST-0073,2025-01-11,89.28,Wire Transfer,Completed,81
TX-000648,CUST-0073,2025-01-27,348.81,ACH Direct Debit,Completed,380
TX-000649,CUST-0073,2025-09-03,166.05,Wire Transfer,Completed,294
TX-000650,CUST-0073,2026-01-09,270.28,Wire Transfer,Completed,133
TX-000651,CUST-0073,2025-12-08,415.69,Wire Transfer,Completed,127
TX-000652,CUST-0073,2025-04-07,496.5,Credit Card,Completed,399
TX-000653,CUST-0073,2025-03-09,218.6,ACH Direct Debit,Failed,173
TX-000654,CUST-0073,2025-01-10,319.74,PayPal,Completed,101
TX-000655,CUST-0073,2025-12-25,327.66,Credit Card,Completed,247
TX-000656,CUST-0073,2025-09-19,230.72,PayPal,Completed,131
TX-000657,CUST-0073,2025-06-29,364.45,Credit Card,Completed,99
TX-000658,CUST-0073,2025-01-27,340.4,Credit Card,Completed,221
TX-000659,CUST-0073,2025-08-09,116.87,Credit Card,Completed,261
TX-000660,CUST-0073,2025-02-19,344.41,PayPal,Completed,141
TX-000661,CUST-0073,2026-01-16,396.04,PayPal,Completed,265
TX-000662,CUST-0074,2025-10-27,210.5,Credit Card,Completed,141
TX-000663,CUST-0074,2025-01-22,305.68,Wire Transfer,Completed,410
TX-000664,CUST-0074,2025-12-27,239.51,PayPal,Completed,354
TX-000665,CUST-0074,2026-01-07,252.87,Credit Card,Completed,348
TX-000666,CUST-0074,2025-03-07,120.1,PayPal,Completed,204
TX-000667,CUST-0074,2025-07-07,240.79,ACH Direct Debit,Completed,298
TX-000668,CUST-0075,2025-09-15,401.72,Wire Transfer,Completed,215
TX-000669,CUST-0075,2025-05-29,51.36,ACH Direct Debit,Completed,172
TX-000670,CUST-0075,2025-09-11,351.81,ACH Direct Debit,Completed,113
TX-000671,CUST-0075,2025-10-15,396.3,Credit Card,Completed,214
TX-000672,CUST-0075,2025-03-23,298.79,ACH Direct Debit,Completed,79
TX-000673,CUST-0075,2025-09-15,362.64,PayPal,Completed,230
TX-000674,CUST-0075,2025-12-29,156.2,Wire Transfer,Completed,189
TX-000675,CUST-0075,2025-05-30,48.37,PayPal,Failed,217
TX-000676,CUST-0075,2026-02-09,54.21,Credit Card,Completed,182
TX-000677,CUST-0075,2025-11-29,193.31,PayPal,Completed,263
TX-000678,CUST-0075,2026-01-05,92.8,Credit Card,Completed,225
TX-000679,CUST-0076,2026-02-22,34.89,Credit Card,Completed,218
TX-000680,CUST-0076,2025-10-03,338.94,ACH Direct Debit,Completed,373
TX-000681,CUST-0076,2025-12-01,150.95,ACH Direct Debit,Completed,384
TX-000682,CUST-0076,2025-04-23,182.4,ACH Direct Debit,Completed,397
TX-000683,CUST-0076,2025-03-21,239.65,ACH Direct Debit,Completed,297
TX-000684,CUST-0076,2025-02-17,263.1,ACH Direct Debit,Completed,165
TX-000685,CUST-0076,2026-01-09,114.79,Wire Transfer,Completed,233
TX-000686,CUST-0076,2026-02-23,215.27,ACH Direct Debit,Completed,110
TX-000687,CUST-0076,2025-05-06,243.86,Wire Transfer,Completed,281
TX-000688,CUST-0076,2026-01-08,3290.68,Credit Card,Failed,3072
TX-000689,CUST-0076,2025-01-07,388.82,Credit Card,Completed,97
TX-000690,CUST-0076,2025-05-18,97.04,Credit Card,Completed,81
TX-000691,CUST-0076,2026-02-10,79.98,Credit Card,Completed,248
TX-000692,CUST-0077,2025-03-13,255.8,PayPal,Completed,302
TX-000693,CUST-0077,2025-06-19,255.09,Credit Card,Completed,353
TX-000694,CUST-0077,2025-01-11,417.71,ACH Direct Debit,Completed,226
TX-000695,CUST-0077,2025-03-14,30.57,Wire Transfer,Completed,191
TX-000696,CUST-0077,2025-06-30,338.02,Credit Card,Completed,271
TX-000697,CUST-0077,2025-09-09,109.69,PayPal,Failed,127
TX-000698,CUST-0078,2025-02-09,319.38,Wire Transfer,Completed,118
TX-000699,CUST-0078,2025-04-02,231.46,Wire Transfer,Completed,167
TX-000700,CUST-0078,2025-12-08,352.97,Credit Card,Completed,221
TX-000701,CUST-0078,2025-05-19,460.63,Credit Card,Completed,210
TX-000702,CUST-0078,2026-02-08,31.02,Wire Transfer,Completed,151
TX-000703,CUST-0078,2025-06-13,99.46,Credit Card,Completed,319
TX-000704,CUST-0078,2025-10-23,230.9,Wire Transfer,Completed,149
TX-000705,CUST-0078,2025-04-04,390.74,ACH Direct Debit,Completed,328
TX-000706,CUST-0079,2026-02-11,329.2,ACH Direct Debit,Failed,409
TX-000707,CUST-0079,2025-08-03,288.19,Wire Transfer,Completed,327
TX-000708,CUST-0079,2025-07-16,69.3,Wire Transfer,Completed,344
TX-000709,CUST-0079,2025-12-26,71.01,Credit Card,Refunded,179
TX-000710,CUST-0079,2025-07-05,292.44,PayPal,Completed,131
TX-000711,CUST-0079,2025-07-04,428.91,Wire Transfer,Completed,146
TX-000712,CUST-0079,2025-10-10,486.76,Wire Transfer,Completed,199
TX-000713,CUST-0079,2025-01-29,381.09,Credit Card,Completed,148
TX-000714,CUST-0079,2025-12-23,483.51,Credit Card,Completed,129
TX-000715,CUST-0079,2025-09-02,423.6,Wire Transfer,Completed,90
TX-000716,CUST-0079,2025-02-10,1885.26,Wire Transfer,Failed,3205
TX-000717,CUST-0079,2025-08-29,379.47,PayPal,Completed,228
TX-000718,CUST-0080,2026-02-05,2886.99,Wire Transfer,Failed,1745
TX-000719,CUST-0080,2025-09-15,105.36,ACH Direct Debit,Completed,291
TX-000720,CUST-0080,2025-10-11,364.36,Wire Transfer,Completed,367
TX-000721,CUST-0080,2025-08-05,467.78,Wire Transfer,Completed,122
TX-000722,CUST-0080,2026-01-16,129.58,Credit Card,Completed,187
TX-000723,CUST-0080,2026-02-23,355.44,ACH Direct Debit,Completed,409
TX-000724,CUST-0080,2025-03-26,55.7,Credit Card,Completed,292
TX-000725,CUST-0080,2025-02-23,66.57,PayPal,Completed,246
TX-000726,CUST-0080,2025-03-25,284.54,PayPal,Completed,380
TX-000727,CUST-0080,2025-04-07,289.29,Credit Card,Completed,91
TX-000728,CUST-0081,2025-10-17,51.09,PayPal,Completed,322
TX-000729,CUST-0081,2025-02-17,4800.73,Wire Transfer,Refunded,2656
TX-000730,CUST-0081,2025-06-11,383.37,Credit Card,Completed,141
TX-000731,CUST-0081,2025-06-19,221.42,Wire Transfer,Completed,126
TX-000732,CUST-0081,2025-01-13,305.97,Credit Card,Completed,375
TX-000733,CUST-0081,2025-05-29,105.77,Credit Card,Completed,115
TX-000734,CUST-0081,2026-01-03,138.84,Wire Transfer,Completed,409
TX-000735,CUST-0081,2025-09-14,272.66,PayPal,Completed,408
TX-000736,CUST-0081,2025-08-18,399.12,ACH Direct Debit,Completed,259
TX-000737,CUST-0081,2025-01-21,448.62,Credit Card,Completed,273
TX-000738,CUST-0081,2025-03-20,296.44,Wire Transfer,Completed,124
TX-000739,CUST-0081,2026-01-28,439.12,ACH Direct Debit,Completed,119
TX-000740,CUST-0082,2025-03-28,469.01,PayPal,Completed,218
TX-000741,CUST-0082,2025-02-15,63.43,ACH Direct Debit,Completed,310
TX-000742,CUST-0082,2025-05-12,388.68,ACH Direct Debit,Failed,146
TX-000743,CUST-0082,2025-01-21,200.83,Wire Transfer,Completed,284
TX-000744,CUST-0082,2025-08-14,202.36,ACH Direct Debit,Completed,235
TX-000745,CUST-0082,2025-09-17,241.54,Credit Card,Completed,96
TX-000746,CUST-0082,2026-01-15,401.58,Credit Card,Completed,362
TX-000747,CUST-0082,2025-05-29,206.64,ACH Direct Debit,Completed,112
TX-000748,CUST-0083,2025-02-17,194.0,ACH Direct Debit,Completed,348
TX-000749,CUST-0083,2025-02-25,70.34,Wire Transfer,Completed,278
TX-000750,CUST-0083,2025-07-25,184.5,ACH Direct Debit,Completed,384
TX-000751,CUST-0083,2025-02-28,160.84,Wire Transfer,Failed,154
TX-000752,CUST-0083,2025-11-24,130.33,Credit Card,Completed,382
TX-000753,CUST-0083,2026-02-18,199.9,Wire Transfer,Completed,317
TX-000754,CUST-0083,2025-01-12,477.74,Wire Transfer,Completed,213
TX-000755,CUST-0083,2025-02-12,96.62,ACH Direct Debit,Completed,116
TX-000756,CUST-0083,2025-08-03,276.65,Credit Card,Completed,207
TX-000757,CUST-0083,2025-02-17,450.63,PayPal,Completed,227
TX-000758,CUST-0083,2025-08-03,256.36,ACH Direct Debit,Failed,157
TX-000759,CUST-0083,2025-07-01,458.92,Wire Transfer,Completed,80
TX-000760,CUST-0083,2025-02-09,369.68,PayPal,Completed,149
TX-000761,CUST-0084,2025-03-19,451.36,Credit Card,Completed,330
TX-000762,CUST-0084,2026-02-10,485.89,ACH Direct Debit,Completed,341
TX-000763,CUST-0084,2025-03-06,328.12,Wire Transfer,Completed,371
TX-000764,CUST-0085,2025-04-07,227.48,Wire Transfer,Completed,160
TX-000765,CUST-0085,2025-06-28,128.59,PayPal,Failed,370
TX-000766,CUST-0085,2026-02-21,200.98,Credit Card,Completed,232
TX-000767,CUST-0085,2025-12-25,264.59,PayPal,Completed,286
TX-000768,CUST-0085,2025-10-05,230.15,Wire Transfer,Completed,246
TX-000769,CUST-0085,2025-08-23,231.34,ACH Direct Debit,Completed,379
TX-000770,CUST-0085,2025-07-15,163.96,Credit Card,Completed,298
TX-000771,CUST-0085,2025-02-14,408.79,ACH Direct Debit,Completed,407
TX-000772,CUST-0085,2025-02-23,263.31,ACH Direct Debit,Completed,353
TX-000773,CUST-0085,2025-09-15,303.18,Wire Transfer,Completed,223
TX-000774,CUST-0085,2025-04-25,395.13,ACH Direct Debit,Completed,133
TX-000775,CUST-0085,2025-03-05,194.79,ACH Direct Debit,Completed,312
TX-000776,CUST-0085,2025-01-04,471.62,PayPal,Completed,334
TX-000777,CUST-0085,2025-06-07,424.09,Credit Card,Completed,287
TX-000778,CUST-0086,2025-01-17,37.3,PayPal,Completed,266
TX-000779,CUST-0086,2025-06-21,110.09,ACH Direct Debit,Completed,295
TX-000780,CUST-0086,2025-04-09,319.65,ACH Direct Debit,Completed,101
TX-000781,CUST-0086,2025-03-07,471.51,PayPal,Completed,163
TX-000782,CUST-0086,2025-09-22,104.47,ACH Direct Debit,Completed,139
TX-000783,CUST-0086,2026-01-26,324.84,PayPal,Completed,358
TX-000784,CUST-0086,2025-04-15,73.83,Wire Transfer,Completed,80
TX-000785,CUST-0086,2025-01-15,320.51,Credit Card,Completed,115
TX-000786,CUST-0086,2026-01-16,375.06,PayPal,Completed,399
TX-000787,CUST-0087,2025-05-03,336.69,Wire Transfer,Completed,174
TX-000788,CUST-0087,2026-01-07,396.61,PayPal,Completed,208
TX-000789,CUST-0087,2025-02-12,469.44,Credit Card,Refunded,401
TX-000790,CUST-0087,2025-02-26,245.79,PayPal,Completed,129
TX-000791,CUST-0087,2025-04-03,73.61,Wire Transfer,Completed,260
TX-000792,CUST-0088,2025-02-21,260.79,Credit Card,Completed,112
TX-000793,CUST-0088,2025-04-18,353.05,ACH Direct Debit,Completed,235
TX-000794,CUST-0088,2026-02-18,105.72,Credit Card,Completed,166
TX-000795,CUST-0088,2025-03-02,488.68,Credit Card,Refunded,322
TX-000796,CUST-0088,2025-03-23,275.22,Credit Card,Completed,137
TX-000797,CUST-0088,2025-10-02,40.83,PayPal,Completed,153
TX-000798,CUST-0088,2025-02-28,452.33,Wire Transfer,Completed,145
TX-000799,CUST-0088,2025-05-18,158.62,PayPal,Completed,122
TX-000800,CUST-0088,2025-08-28,380.24,Wire Transfer,Failed,337
TX-000801,CUST-0089,2025-03-30,123.0,Credit Card,Failed,218
TX-000802,CUST-0089,2025-10-26,402.78,ACH Direct Debit,Completed,159
TX-000803,CUST-0089,2025-08-10,444.94,Credit Card,Completed,214
TX-000804,CUST-0089,2025-11-07,210.03,Credit Card,Completed,255
TX-000805,CUST-0089,2025-08-19,108.61,ACH Direct Debit,Completed,336
TX-000806,CUST-0089,2025-05-31,313.82,Credit Card,Completed,346
TX-000807,CUST-0089,2025-02-28,114.55,Credit Card,Completed,170
TX-000808,CUST-0090,2025-12-03,204.68,PayPal,Completed,235
TX-000809,CUST-0090,2025-12-19,35.12,PayPal,Completed,313
TX-000810,CUST-0090,2025-04-30,293.97,Wire Transfer,Completed,383
TX-000811,CUST-0090,2025-02-22,293.65,ACH Direct Debit,Completed,418
TX-000812,CUST-0090,2025-12-16,385.41,Credit Card,Completed,238
TX-000813,CUST-0090,2026-02-15,262.15,Credit Card,Completed,215
TX-000814,CUST-0091,2025-03-29,312.67,PayPal,Completed,196
TX-000815,CUST-0091,2025-01-10,332.52,PayPal,Completed,77
TX-000816,CUST-0091,2025-03-09,425.57,Credit Card,Completed,348
TX-000817,CUST-0091,2025-06-22,333.04,ACH Direct Debit,Completed,123
TX-000818,CUST-0091,2026-01-06,171.47,PayPal,Completed,252
TX-000819,CUST-0091,2025-09-10,317.79,Credit Card,Completed,307
TX-000820,CUST-0091,2025-07-11,470.72,Credit Card,Completed,189
TX-000821,CUST-0091,2025-03-13,79.41,Credit Card,Completed,298
TX-000822,CUST-0091,2025-04-08,370.33,Credit Card,Refunded,350
TX-000823,CUST-0091,2025-05-13,445.16,Credit Card,Failed,99
TX-000824,CUST-0092,2025-06-18,353.32,Wire Transfer,Completed,269
TX-000825,CUST-0092,2025-03-12,304.22,ACH Direct Debit,Completed,238
TX-000826,CUST-0092,2025-11-23,239.99,ACH Direct Debit,Completed,345
TX-000827,CUST-0092,2025-12-05,260.35,PayPal,Completed,322
TX-000828,CUST-0092,2026-01-28,169.23,Wire Transfer,Completed,360
TX-000829,CUST-0092,2025-12-04,334.15,ACH Direct Debit,Completed,114
TX-000830,CUST-0092,2025-01-31,129.86,Wire Transfer,Completed,314
TX-000831,CUST-0093,2025-02-23,190.01,PayPal,Completed,345
TX-000832,CUST-0093,2026-01-25,473.86,Credit Card,Completed,410
TX-000833,CUST-0093,2025-03-08,132.83,Wire Transfer,Completed,306
TX-000834,CUST-0093,2026-02-04,218.1,PayPal,Completed,291
TX-000835,CUST-0093,2025-10-23,334.74,Wire Transfer,Completed,129
TX-000836,CUST-0093,2025-01-09,450.23,ACH Direct Debit,Completed,89
TX-000837,CUST-0093,2025-06-30,154.82,Wire Transfer,Completed,118
TX-000838,CUST-0093,2025-03-19,216.56,PayPal,Completed,245
TX-000839,CUST-0093,2025-07-09,75.97,Wire Transfer,Completed,291
TX-000840,CUST-0093,2025-07-26,113.02,ACH Direct Debit,Completed,386
TX-000841,CUST-0094,2025-12-15,53.44,Credit Card,Completed,131
TX-000842,CUST-0094,2025-01-19,300.36,Wire Transfer,Completed,347
TX-000843,CUST-0094,2025-11-14,358.77,PayPal,Completed,276
TX-000844,CUST-0094,2025-09-11,126.68,PayPal,Completed,252
TX-000845,CUST-0095,2025-01-02,74.29,PayPal,Completed,393
TX-000846,CUST-0095,2025-12-19,142.15,PayPal,Completed,110
TX-000847,CUST-0095,2025-08-22,1048.55,Wire Transfer,Failed,2868
TX-000848,CUST-0095,2025-05-16,444.19,ACH Direct Debit,Completed,79
TX-000849,CUST-0095,2025-10-26,30.47,Credit Card,Completed,316
TX-000850,CUST-0095,2025-10-18,349.62,Wire Transfer,Completed,191
TX-000851,CUST-0095,2026-01-22,98.89,PayPal,Completed,230
TX-000852,CUST-0095,2025-08-20,260.61,ACH Direct Debit,Completed,354
TX-000853,CUST-0095,2025-05-10,2035.45,Credit Card,Refunded,2866
TX-000854,CUST-0095,2025-05-19,352.32,ACH Direct Debit,Completed,85
TX-000855,CUST-0095,2025-04-23,339.9,ACH Direct Debit,Completed,329
TX-000856,CUST-0095,2025-07-04,126.96,PayPal,Completed,268
TX-000857,CUST-0095,2025-11-17,349.04,Wire Transfer,Refunded,305
TX-000858,CUST-0095,2025-05-16,457.85,ACH Direct Debit,Completed,244
TX-000859,CUST-0096,2025-06-08,119.57,Credit Card,Completed,250
TX-000860,CUST-0096,2025-08-10,403.81,Credit Card,Completed,252
TX-000861,CUST-0096,2025-09-13,465.8,PayPal,Completed,151
TX-000862,CUST-0096,2025-11-16,292.33,PayPal,Completed,324
TX-000863,CUST-0096,2025-01-08,243.31,ACH Direct Debit,Completed,378
TX-000864,CUST-0096,2025-06-06,32.39,Wire Transfer,Completed,75
TX-000865,CUST-0096,2025-06-29,443.0,Wire Transfer,Completed,332
TX-000866,CUST-0097,2026-01-01,157.21,Credit Card,Completed,175
TX-000867,CUST-0097,2025-05-29,132.86,ACH Direct Debit,Completed,256
TX-000868,CUST-0097,2025-08-05,217.58,PayPal,Failed,208
TX-000869,CUST-0097,2025-03-30,295.04,Wire Transfer,Completed,240
TX-000870,CUST-0098,2026-01-29,123.77,PayPal,Completed,358
TX-000871,CUST-0098,2025-02-13,169.75,ACH Direct Debit,Completed,311
TX-000872,CUST-0098,2026-02-05,441.68,PayPal,Completed,145
TX-000873,CUST-0098,2025-09-15,469.39,ACH Direct Debit,Completed,314
TX-000874,CUST-0098,2025-08-04,481.88,ACH Direct Debit,Completed,361
TX-000875,CUST-0098,2025-02-15,385.25,PayPal,Completed,229
TX-000876,CUST-0098,2025-03-07,321.82,ACH Direct Debit,Completed,225
TX-000877,CUST-0098,2025-03-06,2817.95,Credit Card,Refunded,3621
TX-000878,CUST-0098,2025-02-13,55.71,Credit Card,Completed,407
TX-000879,CUST-0098,2026-02-25,166.57,Credit Card,Completed,244
TX-000880,CUST-0098,2026-01-15,304.77,Wire Transfer,Completed,102
TX-000881,CUST-0098,2025-10-15,378.0,Wire Transfer,Completed,189
TX-000882,CUST-0098,2025-06-04,325.27,Wire Transfer,Completed,78
TX-000883,CUST-0099,2025-02-04,30.02,Wire Transfer,Completed,136
TX-000884,CUST-0099,2025-04-15,78.7,Credit Card,Completed,333
TX-000885,CUST-0099,2025-03-04,170.96,PayPal,Completed,169
TX-000886,CUST-0099,2026-02-25,318.0,ACH Direct Debit,Completed,411
TX-000887,CUST-0100,2025-11-22,40.18,Wire Transfer,Completed,411
TX-000888,CUST-0100,2025-09-01,255.82,ACH Direct Debit,Failed,126
TX-000889,CUST-0100,2025-07-08,343.82,ACH Direct Debit,Completed,129
TX-000890,CUST-0100,2025-03-17,43.15,PayPal,Completed,363
TX-000891,CUST-0100,2025-01-18,333.2,PayPal,Completed,392
TX-000892,CUST-0101,2025-08-28,444.74,PayPal,Refunded,79
TX-000893,CUST-0101,2025-09-14,432.24,ACH Direct Debit,Completed,253
TX-000894,CUST-0101,2025-09-20,59.5,PayPal,Completed,255
TX-000895,CUST-0101,2025-08-24,366.14,PayPal,Completed,217
TX-000896,CUST-0101,2025-07-21,62.06,ACH Direct Debit,Completed,322
TX-000897,CUST-0102,2025-12-04,114.78,PayPal,Completed,334
TX-000898,CUST-0102,2025-03-08,357.95,ACH Direct Debit,Completed,372
TX-000899,CUST-0102,2025-02-04,51.12,Credit Card,Completed,156
TX-000900,CUST-0102,2025-09-13,469.09,Wire Transfer,Refunded,193
TX-000901,CUST-0102,2025-02-23,452.9,ACH Direct Debit,Completed,271
TX-000902,CUST-0102,2025-02-02,59.11,Credit Card,Completed,94
TX-000903,CUST-0102,2025-08-15,388.78,PayPal,Failed,90
TX-000904,CUST-0102,2025-02-25,358.4,Wire Transfer,Completed,401
TX-000905,CUST-0102,2025-04-11,148.67,Wire Transfer,Completed,221
TX-000906,CUST-0102,2025-08-11,412.5,Credit Card,Completed,173
TX-000907,CUST-0102,2025-11-19,481.12,Credit Card,Completed,92
TX-000908,CUST-0102,2025-07-04,393.96,ACH Direct Debit,Completed,111
TX-000909,CUST-0103,2025-04-17,298.07,Wire Transfer,Completed,255
TX-000910,CUST-0103,2026-02-15,61.56,Credit Card,Completed,267
TX-000911,CUST-0103,2025-03-07,397.72,Credit Card,Completed,135
TX-000912,CUST-0103,2025-11-04,284.05,PayPal,Failed,223
TX-000913,CUST-0103,2025-07-19,360.54,Credit Card,Failed,155
TX-000914,CUST-0103,2025-10-01,300.42,ACH Direct Debit,Completed,387
TX-000915,CUST-0104,2025-01-30,286.59,PayPal,Completed,373
TX-000916,CUST-0104,2025-12-01,44.09,Credit Card,Completed,208
TX-000917,CUST-0104,2025-03-13,125.99,Credit Card,Failed,243
TX-000918,CUST-0104,2025-05-01,261.97,Credit Card,Completed,363
TX-000919,CUST-0104,2025-06-27,491.1,Credit Card,Completed,381
TX-000920,CUST-0104,2025-10-10,255.02,ACH Direct Debit,Completed,96
TX-000921,CUST-0104,2025-09-17,135.87,Wire Transfer,Completed,319
TX-000922,CUST-0104,2025-01-11,467.69,ACH Direct Debit,Completed,175
TX-000923,CUST-0104,2025-12-16,-351.29,Credit Card,Failed,303
TX-000924,CUST-0104,2025-07-18,389.87,Wire Transfer,Completed,295
TX-000925,CUST-0104,2025-03-01,235.84,PayPal,Completed,263
TX-000926,CUST-0104,2025-08-12,461.49,Wire Transfer,Completed,122
TX-000927,CUST-0105,2026-01-18,383.71,Credit Card,Completed,349
TX-000928,CUST-0105,2026-01-04,147.46,Wire Transfer,Completed,104
TX-000929,CUST-0105,2025-05-25,50.55,PayPal,Completed,410
TX-000930,CUST-0105,2025-03-08,314.88,Credit Card,Completed,137
TX-000931,CUST-0105,2025-05-09,471.03,Wire Transfer,Completed,257
TX-000932,CUST-0105,2025-08-16,365.17,Wire Transfer,Completed,357
TX-000933,CUST-0105,2025-09-27,449.7,Credit Card,Completed,352
TX-000934,CUST-0105,2025-06-27,453.2,Credit Card,Completed,393
TX-000935,CUST-0105,2025-04-15,458.66,Wire Transfer,Completed,341
TX-000936,CUST-0106,2025-07-10,370.71,ACH Direct Debit,Refunded,93
TX-000937,CUST-0106,2025-11-29,389.17,Credit Card,Completed,85
TX-000938,CUST-0106,2025-05-19,160.64,ACH Direct Debit,Completed,118
TX-000939,CUST-0106,2025-09-11,38.86,Wire Transfer,Completed,302
TX-000940,CUST-0107,2025-04-05,340.17,PayPal,Completed,413
TX-000941,CUST-0107,2025-01-14,457.73,PayPal,Failed,247
TX-000942,CUST-0107,2026-02-19,384.06,ACH Direct Debit,Completed,89
TX-000943,CUST-0107,2025-08-07,397.83,ACH Direct Debit,Completed,104
TX-000944,CUST-0107,2026-01-05,468.26,PayPal,Completed,348
TX-000945,CUST-0107,2025-03-25,481.34,Credit Card,Completed,196
TX-000946,CUST-0107,2025-05-24,405.81,PayPal,Refunded,118
TX-000947,CUST-0107,2025-06-22,298.41,PayPal,Completed,215
TX-000948,CUST-0107,2026-02-05,336.92,PayPal,Completed,81
TX-000949,CUST-0108,2025-05-16,428.37,ACH Direct Debit,Completed,83
TX-000950,CUST-0108,2025-01-19,483.97,Credit Card,Completed,359
TX-000951,CUST-0108,2025-10-24,471.25,Credit Card,Completed,387
TX-000952,CUST-0108,2025-08-14,114.51,ACH Direct Debit,Completed,216
TX-000953,CUST-0108,2025-03-07,136.89,Wire Transfer,Completed,391
TX-000954,CUST-0108,2025-02-28,337.66,PayPal,Completed,334
TX-000955,CUST-0108,2025-01-22,290.1,Credit Card,Refunded,207
TX-000956,CUST-0108,2025-12-14,427.12,Wire Transfer,Completed,351
TX-000957,CUST-0108,2025-06-29,81.31,Wire Transfer,Completed,132
TX-000958,CUST-0108,2025-04-15,183.12,ACH Direct Debit,Completed,287
TX-000959,CUST-0108,2025-05-25,97.25,ACH Direct Debit,Completed,259
TX-000960,CUST-0108,2025-11-30,206.12,Wire Transfer,Completed,225
TX-000961,CUST-0108,2025-07-08,50.97,Wire Transfer,Completed,377
TX-000962,CUST-0108,2026-02-18,177.16,PayPal,Completed,335
TX-000963,CUST-0108,2025-04-21,208.05,ACH Direct Debit,Completed,411
TX-000964,CUST-0108,2026-01-26,498.98,Wire Transfer,Failed,114
TX-000965,CUST-0109,2025-09-15,498.97,Credit Card,Completed,289
TX-000966,CUST-0109,2025-09-28,405.16,ACH Direct Debit,Completed,412
TX-000967,CUST-0109,2025-06-12,156.52,PayPal,Completed,225
TX-000968,CUST-0109,2025-05-05,405.53,Credit Card,Completed,193
TX-000969,CUST-0109,2025-12-21,143.29,PayPal,Completed,284
TX-000970,CUST-0109,2025-10-14,267.65,Wire Transfer,Completed,409
TX-000971,CUST-0109,2025-08-18,399.56,Wire Transfer,Failed,139
TX-000972,CUST-0109,2026-02-02,457.35,PayPal,Completed,415
TX-000973,CUST-0109,2026-02-12,164.84,Wire Transfer,Completed,116
TX-000974,CUST-0109,2025-10-22,262.27,ACH Direct Debit,Completed,176
TX-000975,CUST-0109,2025-01-08,108.38,ACH Direct Debit,Completed,358
TX-000976,CUST-0109,2026-01-16,77.47,Wire Transfer,Completed,295
TX-000977,CUST-0110,2025-03-09,272.0,PayPal,Completed,273
TX-000978,CUST-0110,2025-03-07,219.09,PayPal,Completed,225
TX-000979,CUST-0110,2025-10-30,316.12,PayPal,Completed,98
TX-000980,CUST-0110,2025-08-18,458.02,ACH Direct Debit,Completed,298
TX-000981,CUST-0111,2025-03-10,374.72,Credit Card,Completed,376
TX-000982,CUST-0111,2025-03-19,450.93,ACH Direct Debit,Completed,264
TX-000983,CUST-0111,2025-07-14,180.61,Credit Card,Completed,376
TX-000984,CUST-0111,2025-04-29,169.75,ACH Direct Debit,Completed,363
TX-000985,CUST-0111,2025-05-27,181.72,Credit Card,Failed,166
TX-000986,CUST-0111,2026-02-21,474.17,PayPal,Completed,182
TX-000987,CUST-0111,2025-10-22,443.4,Credit Card,Completed,252
TX-000988,CUST-0111,2025-05-28,158.71,PayPal,Completed,161
TX-000989,CUST-0111,2025-11-07,384.13,Credit Card,Completed,416
TX-000990,CUST-0111,2025-04-16,289.52,Credit Card,Completed,161
TX-000991,CUST-0111,2025-10-04,282.82,Credit Card,Completed,325
TX-000992,CUST-0111,2025-07-09,125.48,ACH Direct Debit,Completed,367
TX-000993,CUST-0111,2025-09-24,89.3,Credit Card,Completed,131
TX-000994,CUST-0111,2025-08-16,447.77,PayPal,Completed,119
TX-000995,CUST-0112,2025-12-09,84.74,Wire Transfer,Completed,115
TX-000996,CUST-0112,2026-01-08,64.94,Credit Card,Completed,246
TX-000997,CUST-0112,2025-12-28,353.33,PayPal,Completed,94
TX-000998,CUST-0112,2025-04-08,425.47,Credit Card,Completed,395
TX-000999,CUST-0112,2025-05-06,94.33,PayPal,Completed,187
TX-001000,CUST-0112,2025-08-29,101.17,Wire Transfer,Completed,329
TX-001001,CUST-0112,2025-11-22,441.66,Credit Card,Completed,184
TX-001002,CUST-0112,2025-09-09,292.14,PayPal,Completed,166
TX-001003,CUST-0112,2025-11-11,208.74,Wire Transfer,Completed,401
TX-001004,CUST-0112,2025-06-03,425.13,ACH Direct Debit,Completed,417
TX-001005,CUST-0112,2025-11-03,197.85,PayPal,Completed,124
TX-001006,CUST-0112,2025-08-03,485.6,Wire Transfer,Completed,414
TX-001007,CUST-0112,2025-08-26,479.47,Wire Transfer,Completed,252
TX-001008,CUST-0112,2026-02-01,444.62,Wire Transfer,Completed,325
TX-001009,CUST-0113,2025-05-29,155.92,PayPal,Completed,284
TX-001010,CUST-0113,2025-05-14,347.24,PayPal,Completed,301
TX-001011,CUST-0113,2025-01-28,156.11,Credit Card,Completed,248
TX-001012,CUST-0114,2025-08-18,222.61,Credit Card,Completed,160
TX-001013,CUST-0114,2025-11-11,317.05,Credit Card,Completed,351
TX-001014,CUST-0114,2026-02-15,208.22,Credit Card,Completed,245
TX-001015,CUST-0114,2025-12-02,53.13,Wire Transfer,Completed,349
TX-001016,CUST-0114,2025-10-02,215.9,PayPal,Completed,223
TX-001017,CUST-0114,2025-06-19,224.3,Credit Card,Failed,202
TX-001018,CUST-0114,2025-01-11,384.91,ACH Direct Debit,Completed,331
TX-001019,CUST-0115,2025-03-22,163.05,Wire Transfer,Completed,398
TX-001020,CUST-0115,2025-01-18,158.06,Wire Transfer,Completed,268
TX-001021,CUST-0115,2026-02-23,378.05,ACH Direct Debit,Completed,118
TX-001022,CUST-0116,2025-01-08,379.05,ACH Direct Debit,Completed,152
TX-001023,CUST-0116,2025-04-10,420.79,Credit Card,Completed,240
TX-001024,CUST-0116,2025-06-04,158.8,ACH Direct Debit,Failed,210
TX-001025,CUST-0117,2025-05-30,231.88,ACH Direct Debit,Completed,283
TX-001026,CUST-0117,2025-05-26,456.6,ACH Direct Debit,Completed,200
TX-001027,CUST-0117,2026-01-08,215.01,ACH Direct Debit,Completed,354
TX-001028,CUST-0117,2025-04-25,301.6,ACH Direct Debit,Completed,193
TX-001029,CUST-0117,2025-10-16,81.21,Credit Card,Completed,148
TX-001030,CUST-0117,2025-02-18,293.62,Credit Card,Completed,325
TX-001031,CUST-0117,2025-03-14,219.5,Wire Transfer,Completed,342
TX-001032,CUST-0117,2025-01-31,390.68,Wire Transfer,Completed,234
TX-001033,CUST-0117,2025-01-19,181.08,PayPal,Completed,283
TX-001034,CUST-0118,2025-04-18,384.87,Wire Transfer,Completed,354
TX-001035,CUST-0118,2025-06-14,246.84,Credit Card,Completed,359
TX-001036,CUST-0118,2025-02-23,230.08,Wire Transfer,Completed,140
TX-001037,CUST-0118,2025-09-24,381.63,Credit Card,Completed,299
TX-001038,CUST-0118,2025-01-20,446.19,ACH Direct Debit,Completed,395
TX-001039,CUST-0118,2025-03-13,382.03,Credit Card,Completed,279
TX-001040,CUST-0118,2025-08-11,498.0,PayPal,Completed,213
TX-001041,CUST-0118,2025-10-16,335.6,PayPal,Completed,342
TX-001042,CUST-0118,2025-09-23,314.12,Wire Transfer,Failed,182
TX-001043,CUST-0118,2025-03-26,276.46,Wire Transfer,Completed,80
TX-001044,CUST-0118,2025-03-18,251.13,Wire Transfer,Completed,77
TX-001045,CUST-0118,2025-04-13,356.2,ACH Direct Debit,Completed,244
TX-001046,CUST-0118,2025-11-01,103.53,PayPal,Completed,361
TX-001047,CUST-0118,2025-11-18,36.64,ACH Direct Debit,Completed,220
TX-001048,CUST-0119,2026-01-09,173.7,Wire Transfer,Failed,281
TX-001049,CUST-0119,2025-02-09,308.54,PayPal,Completed,185
TX-001050,CUST-0119,2025-10-16,78.09,ACH Direct Debit,Completed,375
TX-001051,CUST-0119,2025-06-19,300.56,ACH Direct Debit,Completed,384
TX-001052,CUST-0119,2025-04-18,109.01,Wire Transfer,Completed,185
TX-001053,CUST-0119,2025-03-15,107.46,Credit Card,Completed,240
TX-001054,CUST-0119,2025-03-12,270.5,PayPal,Completed,415
TX-001055,CUST-0119,2025-09-14,387.2,ACH Direct Debit,Completed,276
TX-001056,CUST-0119,2025-12-28,253.0,Credit Card,Completed,342
TX-001057,CUST-0119,2025-11-06,425.83,Wire Transfer,Completed,399
TX-001058,CUST-0119,2025-08-12,293.43,ACH Direct Debit,Completed,203
TX-001059,CUST-0119,2025-11-30,193.64,PayPal,Completed,262
TX-001060,CUST-0120,2025-08-06,130.48,Wire Transfer,Completed,172
TX-001061,CUST-0120,2026-01-18,497.86,Credit Card,Completed,259
TX-001062,CUST-0120,2025-10-28,175.88,Credit Card,Completed,263
TX-001063,CUST-0120,2025-11-07,158.32,Credit Card,Completed,403
TX-001064,CUST-0120,2025-12-23,361.0,Credit Card,Refunded,104
TX-001065,CUST-0120,2026-01-03,465.96,Wire Transfer,Completed,398
TX-001066,CUST-0120,2025-08-31,382.47,Credit Card,Completed,354
TX-001067,CUST-0120,2025-07-09,43.55,Wire Transfer,Completed,153
TX-001068,CUST-0120,2025-03-09,68.93,Credit Card,Completed,136
TX-001069,CUST-0120,2025-06-10,75.81,Credit Card,Completed,174
TX-001070,CUST-0120,2025-06-20,423.52,Wire Transfer,Completed,237
TX-001071,CUST-0120,2025-10-28,369.4,ACH Direct Debit,Failed,82
TX-001072,CUST-0120,2025-08-02,423.73,Wire Transfer,Completed,108
TX-001073,CUST-0120,2026-01-09,155.32,Wire Transfer,Completed,97
TX-001074,CUST-0121,2025-09-16,222.35,PayPal,Completed,76
TX-001075,CUST-0121,2025-03-02,190.48,ACH Direct Debit,Completed,119
TX-001076,CUST-0121,2025-02-15,84.64,Credit Card,Completed,119
TX-001077,CUST-0121,2026-01-28,1296.17,Wire Transfer,Failed,3385
TX-001078,CUST-0121,2025-06-07,423.53,Wire Transfer,Completed,172
TX-001079,CUST-0121,2025-06-08,55.07,PayPal,Completed,166
TX-001080,CUST-0121,2025-07-31,136.2,PayPal,Completed,177
TX-001081,CUST-0121,2025-05-13,357.85,PayPal,Completed,325
TX-001082,CUST-0121,2025-06-28,393.01,Wire Transfer,Completed,398
TX-001083,CUST-0121,2025-01-19,476.34,Wire Transfer,Completed,154
TX-001084,CUST-0121,2025-12-26,233.91,PayPal,Completed,222
TX-001085,CUST-0121,2025-02-16,271.24,Credit Card,Completed,186
TX-001086,CUST-0121,2025-03-01,273.0,PayPal,Completed,318
TX-001087,CUST-0121,2025-07-10,294.97,Credit Card,Completed,92
TX-001088,CUST-0122,2025-07-03,4617.62,Credit Card,Refunded,2870
TX-001089,CUST-0122,2025-04-06,459.18,Credit Card,Completed,314
TX-001090,CUST-0122,2025-08-13,410.33,ACH Direct Debit,Completed,369
TX-001091,CUST-0122,2025-08-31,422.03,ACH Direct Debit,Completed,266
TX-001092,CUST-0122,2025-12-14,218.54,Credit Card,Completed,194
TX-001093,CUST-0122,2025-08-04,230.17,Credit Card,Completed,370
TX-001094,CUST-0122,2025-03-25,270.74,Wire Transfer,Failed,380
TX-001095,CUST-0122,2025-10-18,383.37,Credit Card,Completed,245
TX-001096,CUST-0122,2025-02-16,175.36,Wire Transfer,Completed,252
TX-001097,CUST-0122,2025-08-24,30.4,Credit Card,Completed,163
TX-001098,CUST-0122,2025-04-05,141.01,Wire Transfer,Completed,121
TX-001099,CUST-0122,2025-12-17,291.01,PayPal,Completed,77
TX-001100,CUST-0122,2025-02-21,251.28,ACH Direct Debit,Completed,183
TX-001101,CUST-0123,2025-08-26,361.93,PayPal,Completed,124
TX-001102,CUST-0123,2026-01-26,469.57,ACH Direct Debit,Completed,242
TX-001103,CUST-0123,2025-11-02,215.11,Credit Card,Completed,325
TX-001104,CUST-0123,2025-04-24,446.23,PayPal,Completed,195
TX-001105,CUST-0123,2025-09-14,416.92,Wire Transfer,Completed,278
TX-001106,CUST-0123,2025-03-12,264.98,PayPal,Completed,229
TX-001107,CUST-0123,2025-07-16,337.4,ACH Direct Debit,Completed,220
TX-001108,CUST-0123,2025-01-18,152.68,Credit Card,Completed,166
TX-001109,CUST-0123,2025-08-27,408.93,ACH Direct Debit,Completed,126
TX-001110,CUST-0123,2026-02-16,409.25,ACH Direct Debit,Completed,140
TX-001111,CUST-0123,2025-12-18,243.71,Credit Card,Completed,418
TX-001112,CUST-0123,2025-06-05,229.74,ACH Direct Debit,Completed,134
TX-001113,CUST-0123,2025-09-15,205.23,PayPal,Completed,246
TX-001114,CUST-0123,2025-02-27,399.18,Credit Card,Completed,347
TX-001115,CUST-0123,2025-03-18,33.27,ACH Direct Debit,Completed,377
TX-001116,CUST-0123,2025-08-11,52.82,ACH Direct Debit,Completed,137
TX-001117,CUST-0124,2025-01-26,447.91,PayPal,Completed,204
TX-001118,CUST-0124,2026-01-28,415.01,ACH Direct Debit,Completed,166
TX-001119,CUST-0124,2025-01-09,239.98,PayPal,Completed,93
TX-001120,CUST-0124,2026-01-10,47.21,Credit Card,Completed,202
TX-001121,CUST-0124,2025-03-06,371.59,PayPal,Completed,295
TX-001122,CUST-0124,2025-08-23,353.83,Credit Card,Completed,343
TX-001123,CUST-0124,2025-02-09,183.5,Credit Card,Refunded,386
TX-001124,CUST-0124,2025-07-15,270.94,PayPal,Failed,247
TX-001125,CUST-0125,2025-07-25,40.52,Credit Card,Completed,206
TX-001126,CUST-0125,2025-08-10,483.63,PayPal,Completed,367
TX-001127,CUST-0125,2025-11-12,271.6,Credit Card,Completed,199
TX-001128,CUST-0125,2025-07-11,299.47,Wire Transfer,Completed,298
TX-001129,CUST-0125,2025-05-22,265.73,PayPal,Completed,279
TX-001130,CUST-0125,2025-05-20,32.37,PayPal,Completed,287
TX-001131,CUST-0125,2025-05-17,247.35,Wire Transfer,Completed,400
TX-001132,CUST-0125,2025-04-26,38.49,ACH Direct Debit,Completed,107
TX-001133,CUST-0125,2025-10-29,227.76,Credit Card,Completed,352
TX-001134,CUST-0126,2025-06-24,180.23,ACH Direct Debit,Completed,152
TX-001135,CUST-0126,2025-04-18,280.15,Credit Card,Completed,274
TX-001136,CUST-0126,2025-12-05,430.58,PayPal,Completed,398
TX-001137,CUST-0126,2025-02-12,127.55,PayPal,Completed,264
TX-001138,CUST-0126,2025-08-20,347.02,PayPal,Completed,394
TX-001139,CUST-0126,2025-10-17,232.82,PayPal,Completed,86
TX-001140,CUST-0126,2025-10-12,379.7,Wire Transfer,Failed,267
TX-001141,CUST-0126,2025-07-13,315.35,Wire Transfer,Completed,124
TX-001142,CUST-0127,2025-10-20,165.99,PayPal,Completed,280
TX-001143,CUST-0127,2026-01-20,132.34,PayPal,Completed,217
TX-001144,CUST-0127,2025-11-19,79.65,PayPal,Completed,399
TX-001145,CUST-0127,2025-09-15,281.74,ACH Direct Debit,Completed,281
TX-001146,CUST-0128,2025-08-19,103.77,PayPal,Completed,279
TX-001147,CUST-0128,2026-01-26,248.09,ACH Direct Debit,Completed,125
TX-001148,CUST-0128,2025-08-03,222.84,Credit Card,Completed,391
TX-001149,CUST-0128,2025-11-03,298.17,Wire Transfer,Completed,86
TX-001150,CUST-0128,2025-03-27,297.57,Credit Card,Failed,121
TX-001151,CUST-0128,2026-01-16,312.63,Wire Transfer,Completed,274
TX-001152,CUST-0128,2025-03-24,245.15,Wire Transfer,Completed,197
TX-001153,CUST-0129,2025-03-09,167.7,ACH Direct Debit,Completed,180
TX-001154,CUST-0129,2025-05-06,351.33,ACH Direct Debit,Completed,198
TX-001155,CUST-0129,2025-09-14,331.45,Wire Transfer,Completed,244
TX-001156,CUST-0129,2025-05-06,247.24,ACH Direct Debit,Completed,78
TX-001157,CUST-0129,2025-09-24,497.9,PayPal,Completed,111
TX-001158,CUST-0129,2026-01-02,282.55,Credit Card,Completed,385
TX-001159,CUST-0129,2025-08-13,255.98,Credit Card,Completed,224
TX-001160,CUST-0129,2025-07-06,217.73,ACH Direct Debit,Completed,397
TX-001161,CUST-0130,2025-03-05,78.7,Credit Card,Completed,371
TX-001162,CUST-0130,2026-01-05,109.41,Wire Transfer,Completed,248
TX-001163,CUST-0130,2026-02-12,256.82,Credit Card,Completed,243
TX-001164,CUST-0130,2025-08-23,452.62,PayPal,Completed,200
TX-001165,CUST-0130,2025-06-01,353.92,PayPal,Completed,305
TX-001166,CUST-0130,2025-11-01,46.8,Wire Transfer,Completed,342
TX-001167,CUST-0130,2025-07-09,294.86,Wire Transfer,Failed,232
TX-001168,CUST-0130,2025-10-18,327.93,Wire Transfer,Completed,300
TX-001169,CUST-0130,2026-01-16,408.44,ACH Direct Debit,Completed,386
TX-001170,CUST-0130,2025-05-12,329.28,Wire Transfer,Completed,183
TX-001171,CUST-0130,2025-10-27,35.67,ACH Direct Debit,Completed,335
TX-001172,CUST-0130,2025-09-02,320.68,PayPal,Completed,251
TX-001173,CUST-0130,2025-09-25,205.95,ACH Direct Debit,Completed,323
TX-001174,CUST-0130,2025-03-31,257.48,PayPal,Failed,417
TX-001175,CUST-0130,2025-04-26,175.37,Credit Card,Completed,217
TX-001176,CUST-0131,2025-04-11,197.56,Wire Transfer,Completed,401
TX-001177,CUST-0131,2026-01-15,125.19,PayPal,Completed,279
TX-001178,CUST-0131,2025-09-17,61.58,Credit Card,Completed,348
TX-001179,CUST-0131,2026-02-13,56.31,Wire Transfer,Completed,201
TX-001180,CUST-0131,2025-12-20,470.08,ACH Direct Debit,Completed,191
TX-001181,CUST-0131,2025-04-01,48.91,Wire Transfer,Completed,357
TX-001182,CUST-0131,2026-01-11,420.43,Credit Card,Completed,142
TX-001183,CUST-0131,2025-04-17,136.97,Credit Card,Completed,372
TX-001184,CUST-0131,2025-10-02,444.37,ACH Direct Debit,Completed,399
TX-001185,CUST-0131,2025-03-01,237.69,Wire Transfer,Completed,126
TX-001186,CUST-0131,2025-11-03,259.0,Credit Card,Completed,372
TX-001187,CUST-0131,2026-01-04,446.66,ACH Direct Debit,Completed,174
TX-001188,CUST-0131,2025-01-01,148.32,Wire Transfer,Completed,213
TX-001189,CUST-0132,2025-09-17,257.14,Wire Transfer,Completed,405
TX-001190,CUST-0132,2025-06-24,159.39,Credit Card,Completed,233
TX-001191,CUST-0132,2026-01-23,474.48,ACH Direct Debit,Completed,238
TX-001192,CUST-0132,2025-09-11,106.67,Credit Card,Completed,296
TX-001193,CUST-0132,2025-08-15,190.94,Credit Card,Completed,168
TX-001194,CUST-0132,2026-01-26,138.95,ACH Direct Debit,Completed,231
TX-001195,CUST-0132,2025-02-22,351.83,Wire Transfer,Completed,182
TX-001196,CUST-0132,2025-06-15,103.5,Wire Transfer,Completed,162
TX-001197,CUST-0133,2025-09-22,491.14,PayPal,Completed,288
TX-001198,CUST-0133,2025-04-28,468.44,PayPal,Completed,230
TX-001199,CUST-0133,2025-06-20,371.55,ACH Direct Debit,Completed,236
TX-001200,CUST-0133,2025-10-16,214.96,ACH Direct Debit,Completed,281
TX-001201,CUST-0133,2025-07-01,333.52,Credit Card,Completed,308
TX-001202,CUST-0133,2026-02-24,361.04,PayPal,Completed,206
TX-001203,CUST-0133,2025-01-13,181.27,Wire Transfer,Completed,241
TX-001204,CUST-0133,2026-02-13,131.04,Wire Transfer,Completed,215
TX-001205,CUST-0134,2025-06-16,369.74,Credit Card,Completed,378
TX-001206,CUST-0134,2026-02-04,339.93,ACH Direct Debit,Completed,324
TX-001207,CUST-0134,2025-01-31,77.68,ACH Direct Debit,Completed,216
TX-001208,CUST-0134,2025-05-26,82.18,ACH Direct Debit,Completed,112
TX-001209,CUST-0134,2025-03-19,440.76,Credit Card,Completed,368
TX-001210,CUST-0135,2025-05-06,184.09,PayPal,Completed,413
TX-001211,CUST-0135,2025-12-20,40.27,PayPal,Completed,109
TX-001212,CUST-0135,2025-07-04,455.4,ACH Direct Debit,Completed,184
TX-001213,CUST-0135,2025-04-27,246.58,Credit Card,Completed,207
TX-001214,CUST-0135,2025-03-13,86.02,Credit Card,Completed,277
TX-001215,CUST-0135,2025-09-28,58.33,ACH Direct Debit,Completed,266
TX-001216,CUST-0135,2025-01-17,481.1,ACH Direct Debit,Completed,242
TX-001217,CUST-0135,2025-05-25,300.16,Credit Card,Completed,113
TX-001218,CUST-0135,2025-09-30,104.37,ACH Direct Debit,Completed,119
TX-001219,CUST-0135,2025-11-09,335.58,ACH Direct Debit,Completed,112
TX-001220,CUST-0136,2025-05-22,248.89,Credit Card,Completed,152
TX-001221,CUST-0136,2025-04-04,334.48,ACH Direct Debit,Completed,345
TX-001222,CUST-0136,2025-01-11,218.69,Credit Card,Completed,394
TX-001223,CUST-0136,2025-01-05,135.86,PayPal,Completed,207
TX-001224,CUST-0136,2025-09-30,245.14,Wire Transfer,Failed,369
TX-001225,CUST-0136,2025-04-07,393.31,Credit Card,Completed,167
TX-001226,CUST-0136,2026-02-04,89.84,PayPal,Completed,110
TX-001227,CUST-0136,2025-04-28,339.34,PayPal,Completed,158
TX-001228,CUST-0136,2025-04-30,470.06,ACH Direct Debit,Completed,256
TX-001229,CUST-0136,2025-03-05,422.05,Wire Transfer,Completed,302
TX-001230,CUST-0136,2025-07-14,53.13,ACH Direct Debit,Completed,176
TX-001231,CUST-0136,2025-10-30,412.81,Credit Card,Completed,164
TX-001232,CUST-0136,2025-03-25,385.6,PayPal,Completed,325
TX-001233,CUST-0136,2026-01-19,497.82,PayPal,Refunded,182
TX-001234,CUST-0136,2025-09-02,149.98,ACH Direct Debit,Completed,308
TX-001235,CUST-0136,2026-02-16,227.41,PayPal,Completed,126
TX-001236,CUST-0137,2025-02-03,234.05,Credit Card,Completed,228
TX-001237,CUST-0137,2025-11-30,332.48,PayPal,Completed,316
TX-001238,CUST-0137,2026-01-09,334.26,Wire Transfer,Completed,147
TX-001239,CUST-0137,2025-10-17,34.36,Credit Card,Completed,146
TX-001240,CUST-0137,2025-02-01,310.22,ACH Direct Debit,Completed,413
TX-001241,CUST-0137,2025-03-22,227.04,Wire Transfer,Failed,340
TX-001242,CUST-0137,2025-07-06,443.17,Wire Transfer,Completed,158
TX-001243,CUST-0137,2025-06-06,219.72,Credit Card,Completed,210
TX-001244,CUST-0137,2026-02-06,42.14,Wire Transfer,Completed,315
TX-001245,CUST-0137,2025-07-28,51.85,Wire Transfer,Completed,381
TX-001246,CUST-0137,2025-03-22,77.05,Credit Card,Completed,189
TX-001247,CUST-0137,2025-02-27,485.3,ACH Direct Debit,Completed,287
TX-001248,CUST-0137,2025-03-10,432.75,ACH Direct Debit,Completed,75
TX-001249,CUST-0137,2025-05-12,90.25,Credit Card,Failed,262
TX-001250,CUST-0137,2025-09-02,261.62,Wire Transfer,Completed,367
TX-001251,CUST-0137,2025-09-21,91.01,Credit Card,Completed,190
TX-001252,CUST-0138,2025-07-26,162.68,Wire Transfer,Completed,202
TX-001253,CUST-0138,2026-01-09,339.9,PayPal,Completed,311
TX-001254,CUST-0138,2026-01-25,452.78,Credit Card,Completed,266
TX-001255,CUST-0138,2026-01-18,455.83,Wire Transfer,Completed,99
TX-001256,CUST-0138,2025-01-08,97.19,PayPal,Completed,196
TX-001257,CUST-0138,2025-01-06,298.88,ACH Direct Debit,Completed,251
TX-001258,CUST-0138,2025-08-20,496.57,Credit Card,Completed,209
TX-001259,CUST-0138,2026-01-17,161.27,Wire Transfer,Completed,247
TX-001260,CUST-0138,2025-05-11,190.26,Credit Card,Completed,356
TX-001261,CUST-0138,2025-12-09,432.42,PayPal,Completed,209
TX-001262,CUST-0138,2025-08-07,331.88,ACH Direct Debit,Completed,139
TX-001263,CUST-0138,2025-02-26,86.53,PayPal,Completed,139
TX-001264,CUST-0138,2025-08-20,235.0,Wire Transfer,Failed,117
TX-001265,CUST-0138,2025-07-23,415.41,Wire Transfer,Completed,336
TX-001266,CUST-0139,2025-01-09,123.38,Wire Transfer,Completed,344
TX-001267,CUST-0139,2025-10-16,434.17,Wire Transfer,Completed,347
TX-001268,CUST-0139,2025-12-22,475.17,Wire Transfer,Completed,266
TX-001269,CUST-0139,2025-11-22,328.13,ACH Direct Debit,Completed,152
TX-001270,CUST-0139,2025-04-14,160.86,ACH Direct Debit,Completed,280
TX-001271,CUST-0139,2025-09-01,249.96,PayPal,Completed,228
TX-001272,CUST-0139,2025-12-29,291.21,Credit Card,Completed,388
TX-001273,CUST-0139,2025-01-31,384.93,Wire Transfer,Completed,321
TX-001274,CUST-0139,2025-07-20,399.57,Wire Transfer,Completed,275
TX-001275,CUST-0139,2025-06-29,63.15,ACH Direct Debit,Completed,216
TX-001276,CUST-0139,2025-03-05,371.21,ACH Direct Debit,Completed,419
TX-001277,CUST-0139,2025-03-14,345.95,PayPal,Completed,80
TX-001278,CUST-0139,2025-09-26,78.23,ACH Direct Debit,Completed,316
TX-001279,CUST-0139,2025-06-02,416.45,Credit Card,Completed,387
TX-001280,CUST-0139,2026-01-22,457.94,Credit Card,Failed,214
TX-001281,CUST-0140,2025-05-11,83.03,ACH Direct Debit,Completed,374
TX-001282,CUST-0140,2026-01-24,166.82,PayPal,Refunded,120
TX-001283,CUST-0140,2025-05-04,438.6,Credit Card,Completed,296
TX-001284,CUST-0140,2026-01-30,161.7,PayPal,Completed,216
TX-001285,CUST-0140,2025-08-03,343.48,Credit Card,Completed,257
TX-001286,CUST-0140,2026-01-01,408.82,ACH Direct Debit,Completed,328
TX-001287,CUST-0140,2025-12-07,154.9,ACH Direct Debit,Completed,324
TX-001288,CUST-0140,2025-11-07,273.91,Credit Card,Completed,270
TX-001289,CUST-0140,2025-10-30,423.96,Credit Card,Completed,125
TX-001290,CUST-0141,2025-05-03,199.53,ACH Direct Debit,Completed,384
TX-001291,CUST-0141,2026-01-03,379.83,Credit Card,Completed,300
TX-001292,CUST-0141,2025-07-24,412.19,Credit Card,Completed,296
TX-001293,CUST-0141,2025-04-21,296.46,ACH Direct Debit,Completed,243
TX-001294,CUST-0141,2026-02-15,43.34,PayPal,Completed,204
TX-001295,CUST-0141,2025-06-30,487.58,PayPal,Completed,303
TX-001296,CUST-0141,2025-08-23,358.58,PayPal,Completed,157
TX-001297,CUST-0141,2026-01-15,218.62,Credit Card,Completed,163
TX-001298,CUST-0141,2025-06-20,195.35,PayPal,Completed,191
TX-001299,CUST-0141,2025-02-21,459.66,ACH Direct Debit,Completed,282
TX-001300,CUST-0141,2025-11-24,117.51,ACH Direct Debit,Completed,210
TX-001301,CUST-0141,2025-06-29,188.39,Wire Transfer,Completed,260
TX-001302,CUST-0141,2025-06-15,37.49,PayPal,Completed,233
TX-001303,CUST-0141,2026-01-23,293.16,Wire Transfer,Completed,391
TX-001304,CUST-0141,2025-02-17,72.55,PayPal,Completed,414
TX-001305,CUST-0142,2026-01-02,189.88,Credit Card,Failed,143
TX-001306,CUST-0142,2026-01-12,412.85,Credit Card,Completed,225
TX-001307,CUST-0142,2025-06-15,499.74,Wire Transfer,Completed,95
TX-001308,CUST-0142,2025-12-08,496.56,Wire Transfer,Completed,189
TX-001309,CUST-0142,2025-05-06,441.31,PayPal,Completed,185
TX-001310,CUST-0143,2025-01-11,433.04,Wire Transfer,Completed,299
TX-001311,CUST-0143,2025-07-31,117.45,ACH Direct Debit,Completed,279
TX-001312,CUST-0143,2026-01-18,152.9,PayPal,Completed,261
TX-001313,CUST-0143,2025-08-09,204.01,PayPal,Completed,195
TX-001314,CUST-0143,2025-02-09,480.3,Wire Transfer,Completed,201
TX-001315,CUST-0143,2025-02-19,491.08,PayPal,Completed,334
TX-001316,CUST-0144,2026-02-18,418.36,Wire Transfer,Completed,253
TX-001317,CUST-0144,2025-08-27,156.49,ACH Direct Debit,Completed,310
TX-001318,CUST-0144,2025-10-30,235.01,ACH Direct Debit,Completed,162
TX-001319,CUST-0144,2025-10-14,335.63,Wire Transfer,Completed,319
TX-001320,CUST-0145,2025-12-16,196.57,Credit Card,Completed,216
TX-001321,CUST-0145,2026-01-01,310.94,Wire Transfer,Refunded,143
TX-001322,CUST-0145,2025-12-05,242.49,Wire Transfer,Completed,420
TX-001323,CUST-0145,2025-10-19,405.26,PayPal,Completed,283
TX-001324,CUST-0146,2025-01-04,486.32,Credit Card,Completed,258
TX-001325,CUST-0146,2025-11-11,59.91,Wire Transfer,Completed,157
TX-001326,CUST-0146,2025-11-04,393.66,ACH Direct Debit,Completed,167
TX-001327,CUST-0146,2026-01-09,86.17,ACH Direct Debit,Completed,281
TX-001328,CUST-0146,2026-02-17,221.56,Wire Transfer,Completed,145
TX-001329,CUST-0146,2025-02-19,176.26,ACH Direct Debit,Completed,295
TX-001330,CUST-0146,2025-02-16,116.75,Credit Card,Completed,191
TX-001331,CUST-0146,2025-06-23,242.31,Credit Card,Completed,206
TX-001332,CUST-0146,2025-10-13,57.8,Credit Card,Completed,161
TX-001333,CUST-0146,2025-01-03,183.62,Credit Card,Completed,365
TX-001334,CUST-0146,2025-03-30,118.59,PayPal,Completed,168
TX-001335,CUST-0146,2025-02-19,439.89,Wire Transfer,Completed,382
TX-001336,CUST-0146,2025-08-14,361.99,ACH Direct Debit,Completed,165
TX-001337,CUST-0146,2025-01-16,322.38,PayPal,Completed,136
TX-001338,CUST-0146,2025-05-30,80.65,Credit Card,Completed,377
TX-001339,CUST-0146,2025-09-12,120.79,ACH Direct Debit,Completed,388
TX-001340,CUST-0147,2025-10-08,420.93,Credit Card,Completed,134
TX-001341,CUST-0147,2025-06-23,145.72,ACH Direct Debit,Completed,326
TX-001342,CUST-0147,2025-01-22,198.41,Credit Card,Completed,320
TX-001343,CUST-0147,2025-09-24,72.75,ACH Direct Debit,Completed,344
TX-001344,CUST-0147,2026-01-23,286.8,Wire Transfer,Completed,239
TX-001345,CUST-0147,2025-05-30,473.8,ACH Direct Debit,Completed,297
TX-001346,CUST-0147,2025-01-13,260.88,PayPal,Completed,322
TX-001347,CUST-0147,2025-09-12,496.38,Credit Card,Completed,103
TX-001348,CUST-0147,2025-04-07,474.99,Wire Transfer,Completed,375
TX-001349,CUST-0147,2025-11-25,177.42,PayPal,Completed,89
TX-001350,CUST-0147,2025-07-17,118.47,ACH Direct Debit,Completed,101
TX-001351,CUST-0147,2026-01-14,268.94,Credit Card,Completed,335
TX-001352,CUST-0147,2025-04-20,76.37,Credit Card,Completed,188
TX-001353,CUST-0148,2025-04-15,262.78,ACH Direct Debit,Completed,388
TX-001354,CUST-0148,2025-04-16,453.15,Wire Transfer,Completed,223
TX-001355,CUST-0148,2025-12-04,412.41,Wire Transfer,Refunded,165
TX-001356,CUST-0148,2025-07-10,461.26,Wire Transfer,Completed,154
TX-001357,CUST-0148,2025-11-15,344.21,PayPal,Completed,291
TX-001358,CUST-0148,2025-04-15,471.93,Credit Card,Completed,214
TX-001359,CUST-0148,2025-08-01,417.07,ACH Direct Debit,Completed,172
TX-001360,CUST-0148,2025-05-10,312.06,ACH Direct Debit,Completed,277
TX-001361,CUST-0148,2025-03-07,341.59,Wire Transfer,Completed,401
TX-001362,CUST-0148,2026-02-10,259.61,PayPal,Completed,242
TX-001363,CUST-0148,2025-12-15,366.06,PayPal,Completed,220
TX-001364,CUST-0148,2025-10-19,152.9,Wire Transfer,Completed,277
TX-001365,CUST-0148,2025-02-14,290.73,Credit Card,Completed,140
TX-001366,CUST-0148,2025-08-29,255.05,Wire Transfer,Completed,94
TX-001367,CUST-0149,2026-01-26,356.0,ACH Direct Debit,Completed,298
TX-001368,CUST-0149,2026-01-14,97.1,Wire Transfer,Completed,96
TX-001369,CUST-0149,2026-01-29,128.9,Wire Transfer,Completed,366
TX-001370,CUST-0149,2025-06-24,433.96,Wire Transfer,Completed,164
TX-001371,CUST-0150,2025-01-29,213.92,Wire Transfer,Completed,224
TX-001372,CUST-0150,2025-04-05,324.79,ACH Direct Debit,Completed,299
TX-001373,CUST-0150,2025-02-05,426.41,Wire Transfer,Completed,222
TX-001374,CUST-0150,2025-10-08,483.16,Credit Card,Completed,108
TX-001375,CUST-0150,2025-11-13,368.63,Wire Transfer,Completed,239
TX-001376,CUST-0150,2025-02-23,2820.25,Credit Card,Refunded,1739
TX-001377,CUST-0150,2025-04-25,388.22,ACH Direct Debit,Completed,354
TX-001378,CUST-0150,2025-10-20,333.05,Wire Transfer,Completed,390
TX-001379,CUST-0150,2025-12-16,260.56,Wire Transfer,Completed,400
TX-001380,CUST-0150,2025-08-21,282.13,Wire Transfer,Completed,148
TX-001381,CUST-0150,2025-07-18,499.6,ACH Direct Debit,Completed,263
TX-001382,CUST-0150,2026-02-17,170.93,Wire Transfer,Completed,285
TX-001383,CUST-0150,2025-07-25,88.76,ACH Direct Debit,Failed,181
TX-001384,CUST-0151,2025-08-24,374.72,PayPal,Completed,273
TX-001385,CUST-0151,2025-06-16,342.73,Wire Transfer,Completed,346
TX-001386,CUST-0151,2025-12-31,119.75,PayPal,Completed,412
TX-001387,CUST-0151,2025-08-26,287.66,PayPal,Completed,284
TX-001388,CUST-0151,2025-04-20,214.63,PayPal,Completed,352
TX-001389,CUST-0151,2026-02-01,438.95,Wire Transfer,Completed,177
TX-001390,CUST-0151,2025-12-04,210.62,Credit Card,Failed,167
TX-001391,CUST-0151,2025-12-22,127.03,Wire Transfer,Completed,163
TX-001392,CUST-0151,2025-11-25,218.88,PayPal,Completed,176
TX-001393,CUST-0152,2025-05-06,437.97,Credit Card,Completed,324
TX-001394,CUST-0152,2025-12-13,75.62,Credit Card,Completed,85
TX-001395,CUST-0152,2025-06-19,430.72,Wire Transfer,Completed,257
TX-001396,CUST-0152,2025-04-20,174.55,ACH Direct Debit,Completed,394
TX-001397,CUST-0152,2025-09-01,189.15,Wire Transfer,Completed,230
TX-001398,CUST-0152,2025-03-19,106.73,ACH Direct Debit,Completed,391
TX-001399,CUST-0152,2025-12-25,492.15,Wire Transfer,Refunded,202
TX-001400,CUST-0152,2025-08-16,75.62,ACH Direct Debit,Completed,270
TX-001401,CUST-0152,2025-03-29,390.55,Wire Transfer,Failed,260
TX-001402,CUST-0152,2025-08-18,450.17,PayPal,Completed,418
TX-001403,CUST-0153,2025-07-09,62.38,Wire Transfer,Completed,228
TX-001404,CUST-0153,2025-02-26,496.66,PayPal,Completed,417
TX-001405,CUST-0153,2025-05-30,364.36,ACH Direct Debit,Completed,117
TX-001406,CUST-0153,2025-01-09,322.28,PayPal,Completed,161
TX-001407,CUST-0154,2025-09-20,161.72,Wire Transfer,Completed,87
TX-001408,CUST-0154,2025-01-27,335.22,ACH Direct Debit,Completed,209
TX-001409,CUST-0154,2025-06-22,49.01,Credit Card,Completed,411
TX-001410,CUST-0154,2025-06-20,289.1,Credit Card,Completed,394
TX-001411,CUST-0154,2025-06-04,208.92,PayPal,Completed,269
TX-001412,CUST-0154,2025-12-23,206.32,ACH Direct Debit,Completed,337
TX-001413,CUST-0155,2025-12-29,190.8,ACH Direct Debit,Completed,208
TX-001414,CUST-0155,2025-05-25,155.34,PayPal,Completed,418
TX-001415,CUST-0155,2025-09-18,451.03,Credit Card,Completed,140
TX-001416,CUST-0155,2025-05-05,64.97,Wire Transfer,Completed,153
TX-001417,CUST-0155,2026-02-03,71.07,PayPal,Completed,81
TX-001418,CUST-0155,2025-11-13,63.08,PayPal,Completed,310
TX-001419,CUST-0155,2026-02-07,342.52,Wire Transfer,Completed,103
TX-001420,CUST-0155,2026-01-17,465.48,Wire Transfer,Completed,121
TX-001421,CUST-0155,2025-04-18,53.5,Wire Transfer,Completed,239
TX-001422,CUST-0156,2026-02-23,122.73,ACH Direct Debit,Completed,384
TX-001423,CUST-0156,2025-05-28,373.84,Credit Card,Completed,106
TX-001424,CUST-0156,2025-02-10,112.65,Wire Transfer,Completed,148
TX-001425,CUST-0156,2025-12-25,88.28,PayPal,Completed,171
TX-001426,CUST-0156,2026-01-23,496.23,PayPal,Completed,400
TX-001427,CUST-0156,2025-11-04,223.77,PayPal,Completed,186
TX-001428,CUST-0156,2026-01-12,1910.26,Wire Transfer,Refunded,2530
TX-001429,CUST-0156,2025-02-03,58.96,ACH Direct Debit,Completed,105
TX-001430,CUST-0156,2025-02-10,346.8,Credit Card,Completed,303
TX-001431,CUST-0156,2025-06-13,306.43,Credit Card,Completed,260
TX-001432,CUST-0157,2025-05-15,371.76,ACH Direct Debit,Completed,258
TX-001433,CUST-0157,2025-07-09,264.86,Wire Transfer,Completed,235
TX-001434,CUST-0157,2025-04-27,306.0,ACH Direct Debit,Completed,255
TX-001435,CUST-0157,2025-06-16,464.02,ACH Direct Debit,Completed,281
TX-001436,CUST-0157,2025-08-20,101.76,Credit Card,Completed,272
TX-001437,CUST-0157,2025-03-13,400.48,PayPal,Completed,398
TX-001438,CUST-0157,2025-01-08,234.16,Wire Transfer,Completed,163
TX-001439,CUST-0157,2025-04-22,74.58,Wire Transfer,Completed,151
TX-001440,CUST-0157,2025-01-12,263.74,Wire Transfer,Completed,356
TX-001441,CUST-0157,2025-09-07,315.21,Wire Transfer,Failed,297
TX-001442,CUST-0157,2025-09-07,485.48,PayPal,Completed,129
TX-001443,CUST-0157,2025-12-28,254.05,ACH Direct Debit,Completed,195
TX-001444,CUST-0158,2025-04-21,2222.53,PayPal,Refunded,2149
TX-001445,CUST-0158,2025-12-17,320.69,PayPal,Completed,381
TX-001446,CUST-0158,2025-06-24,370.64,ACH Direct Debit,Completed,140
TX-001447,CUST-0158,2025-02-02,38.32,PayPal,Completed,201
TX-001448,CUST-0158,2025-12-19,139.72,ACH Direct Debit,Completed,235
TX-001449,CUST-0158,2026-02-07,161.85,Wire Transfer,Completed,244
TX-001450,CUST-0158,2025-06-14,397.35,Wire Transfer,Completed,192
TX-001451,CUST-0158,2026-02-21,415.24,PayPal,Completed,315
TX-001452,CUST-0158,2025-09-19,443.94,Credit Card,Completed,150
TX-001453,CUST-0158,2025-09-28,260.74,ACH Direct Debit,Completed,211
TX-001454,CUST-0158,2026-02-03,120.8,Credit Card,Completed,148
TX-001455,CUST-0158,2025-08-31,145.9,ACH Direct Debit,Completed,242
TX-001456,CUST-0158,2025-10-15,98.68,PayPal,Completed,238
TX-001457,CUST-0158,2025-11-06,445.11,Credit Card,Completed,405
TX-001458,CUST-0158,2025-06-01,374.71,PayPal,Completed,174
TX-001459,CUST-0159,2026-02-09,206.72,Wire Transfer,Completed,80
TX-001460,CUST-0159,2025-03-15,169.17,Credit Card,Completed,404
TX-001461,CUST-0159,2025-07-08,248.52,ACH Direct Debit,Completed,150
TX-001462,CUST-0159,2025-10-12,103.78,PayPal,Completed,235
TX-001463,CUST-0159,2025-08-22,159.7,Wire Transfer,Completed,307
TX-001464,CUST-0159,2025-06-15,479.37,PayPal,Completed,242
TX-001465,CUST-0160,2025-06-11,420.95,PayPal,Completed,88
TX-001466,CUST-0160,2025-07-22,113.66,PayPal,Completed,92
TX-001467,CUST-0160,2025-10-17,385.55,Wire Transfer,Completed,336
TX-001468,CUST-0160,2025-09-12,60.02,Wire Transfer,Completed,152
TX-001469,CUST-0160,2026-01-01,140.46,ACH Direct Debit,Completed,257
TX-001470,CUST-0161,2026-01-20,62.7,ACH Direct Debit,Completed,106
TX-001471,CUST-0161,2025-12-22,102.84,Credit Card,Completed,181
TX-001472,CUST-0161,2026-01-26,458.37,Credit Card,Completed,197
TX-001473,CUST-0161,2025-01-27,332.16,Wire Transfer,Completed,320
TX-001474,CUST-0161,2026-01-24,139.35,PayPal,Completed,145
TX-001475,CUST-0161,2025-07-18,385.3,PayPal,Completed,84
TX-001476,CUST-0161,2025-09-10,41.05,Credit Card,Completed,287
TX-001477,CUST-0161,2025-04-13,307.14,PayPal,Completed,373
TX-001478,CUST-0162,2025-02-11,303.34,Wire Transfer,Completed,159
TX-001479,CUST-0162,2025-10-02,33.45,PayPal,Completed,393
TX-001480,CUST-0162,2025-09-19,212.56,Wire Transfer,Completed,386
TX-001481,CUST-0162,2025-06-17,452.03,Credit Card,Completed,408
TX-001482,CUST-0162,2025-08-17,313.58,Wire Transfer,Completed,337
TX-001483,CUST-0162,2025-04-05,82.97,Wire Transfer,Completed,129
TX-001484,CUST-0162,2025-04-13,387.09,Wire Transfer,Completed,227
TX-001485,CUST-0162,2025-10-31,414.39,Wire Transfer,Completed,102
TX-001486,CUST-0162,2025-10-18,448.4,PayPal,Completed,186
TX-001487,CUST-0162,2025-01-07,131.72,ACH Direct Debit,Completed,245
TX-001488,CUST-0162,2026-01-04,183.86,ACH Direct Debit,Completed,383
TX-001489,CUST-0162,2025-09-03,293.59,Wire Transfer,Completed,416
TX-001490,CUST-0162,2025-02-09,319.69,Credit Card,Completed,90
TX-001491,CUST-0162,2025-05-21,467.17,Wire Transfer,Completed,270
TX-001492,CUST-0163,2025-01-28,202.98,PayPal,Completed,291
TX-001493,CUST-0163,2025-02-08,161.59,Credit Card,Completed,227
TX-001494,CUST-0163,2025-06-04,96.66,Credit Card,Completed,179
TX-001495,CUST-0163,2025-09-01,112.05,PayPal,Completed,195
TX-001496,CUST-0164,2025-01-12,360.35,ACH Direct Debit,Completed,153
TX-001497,CUST-0164,2025-12-14,207.39,ACH Direct Debit,Completed,296
TX-001498,CUST-0164,2025-03-31,487.27,PayPal,Completed,97
TX-001499,CUST-0164,2025-12-30,162.34,PayPal,Completed,211
TX-001500,CUST-0164,2025-04-07,140.36,Credit Card,Refunded,75
TX-001501,CUST-0164,2025-10-16,422.63,Credit Card,Completed,325
TX-001502,CUST-0164,2025-05-27,201.1,Wire Transfer,Completed,308
TX-001503,CUST-0165,2025-12-04,453.86,PayPal,Completed,351
TX-001504,CUST-0165,2025-07-28,111.76,PayPal,Refunded,314
TX-001505,CUST-0165,2025-03-17,412.69,ACH Direct Debit,Completed,328
TX-001506,CUST-0165,2025-07-04,481.85,PayPal,Completed,204
TX-001507,CUST-0165,2025-07-03,333.37,Wire Transfer,Completed,351
TX-001508,CUST-0165,2025-01-22,191.42,PayPal,Completed,395
TX-001509,CUST-0165,2025-10-04,327.37,Wire Transfer,Completed,368
TX-001510,CUST-0165,2025-12-21,216.28,Credit Card,Refunded,132
TX-001511,CUST-0166,2025-02-23,300.47,Wire Transfer,Completed,356
TX-001512,CUST-0166,2026-01-14,136.59,PayPal,Completed,246
TX-001513,CUST-0166,2026-01-10,423.14,ACH Direct Debit,Completed,277
TX-001514,CUST-0166,2025-04-23,301.2,ACH Direct Debit,Completed,129
TX-001515,CUST-0166,2025-03-21,422.14,Credit Card,Completed,171
TX-001516,CUST-0166,2025-09-11,97.85,ACH Direct Debit,Completed,231
TX-001517,CUST-0166,2025-06-05,417.86,Wire Transfer,Failed,124
TX-001518,CUST-0166,2025-01-13,37.62,Credit Card,Completed,181
TX-001519,CUST-0166,2025-02-04,149.11,ACH Direct Debit,Failed,291
TX-001520,CUST-0166,2025-01-06,357.97,PayPal,Completed,273
TX-001521,CUST-0166,2025-08-08,321.05,Credit Card,Completed,400
TX-001522,CUST-0167,2025-09-09,489.2,ACH Direct Debit,Completed,254
TX-001523,CUST-0167,2026-02-13,210.36,PayPal,Completed,125
TX-001524,CUST-0167,2025-12-17,260.44,Credit Card,Failed,94
TX-001525,CUST-0167,2025-09-01,148.51,Credit Card,Completed,200
TX-001526,CUST-0167,2025-08-21,208.53,Credit Card,Refunded,384
TX-001527,CUST-0167,2025-06-15,175.61,ACH Direct Debit,Completed,306
TX-001528,CUST-0167,2025-02-18,34.84,ACH Direct Debit,Completed,420
TX-001529,CUST-0167,2025-02-05,265.97,Credit Card,Completed,364
TX-001530,CUST-0167,2025-05-10,305.26,ACH Direct Debit,Completed,326
TX-001531,CUST-0167,2025-05-31,431.17,Credit Card,Completed,382
TX-001532,CUST-0167,2025-12-18,102.75,Wire Transfer,Completed,176
TX-001533,CUST-0167,2025-01-03,212.03,ACH Direct Debit,Completed,409
TX-001534,CUST-0167,2025-01-23,172.07,Wire Transfer,Completed,373
TX-001535,CUST-0168,2025-08-16,409.96,Wire Transfer,Completed,134
TX-001536,CUST-0168,2025-03-09,377.97,ACH Direct Debit,Completed,363
TX-001537,CUST-0168,2025-07-07,403.34,PayPal,Completed,343
TX-001538,CUST-0168,2025-11-22,285.44,ACH Direct Debit,Completed,92
TX-001539,CUST-0168,2025-02-04,60.63,ACH Direct Debit,Completed,415
TX-001540,CUST-0168,2025-09-17,462.06,Wire Transfer,Completed,145
TX-001541,CUST-0168,2025-02-14,298.1,PayPal,Completed,303
TX-001542,CUST-0168,2025-10-13,153.61,ACH Direct Debit,Completed,411
TX-001543,CUST-0168,2025-03-01,293.04,ACH Direct Debit,Completed,150
TX-001544,CUST-0168,2025-01-06,204.77,PayPal,Completed,81
TX-001545,CUST-0168,2025-10-27,279.34,Wire Transfer,Completed,145
TX-001546,CUST-0168,2025-09-03,406.58,Wire Transfer,Completed,318
TX-001547,CUST-0168,2025-02-20,111.04,Credit Card,Completed,396
TX-001548,CUST-0168,2025-03-16,343.53,Credit Card,Completed,149
TX-001549,CUST-0169,2025-09-20,495.24,ACH Direct Debit,Completed,159
TX-001550,CUST-0169,2025-11-17,200.01,ACH Direct Debit,Completed,209
TX-001551,CUST-0169,2025-01-22,439.21,PayPal,Completed,89
TX-001552,CUST-0169,2025-07-20,241.42,Wire Transfer,Completed,190
TX-001553,CUST-0169,2025-09-03,319.0,Wire Transfer,Completed,283
TX-001554,CUST-0169,2025-05-04,311.52,Credit Card,Completed,113
TX-001555,CUST-0169,2025-08-02,61.18,Credit Card,Completed,149
TX-001556,CUST-0169,2025-07-09,160.37,PayPal,Completed,407
TX-001557,CUST-0169,2025-06-05,423.07,ACH Direct Debit,Completed,232
TX-001558,CUST-0169,2025-09-19,259.26,Wire Transfer,Completed,376
TX-001559,CUST-0170,2025-06-22,72.76,Credit Card,Completed,250
TX-001560,CUST-0170,2025-05-09,325.69,Wire Transfer,Completed,222
TX-001561,CUST-0170,2025-06-10,465.61,PayPal,Completed,197
TX-001562,CUST-0170,2025-06-06,120.17,ACH Direct Debit,Completed,285
TX-001563,CUST-0170,2025-12-09,339.78,PayPal,Completed,146
TX-001564,CUST-0170,2025-04-08,352.94,Wire Transfer,Completed,352
TX-001565,CUST-0170,2026-02-13,247.46,PayPal,Completed,135
TX-001566,CUST-0170,2025-11-23,146.1,Wire Transfer,Completed,399
TX-001567,CUST-0170,2025-11-28,410.5,PayPal,Completed,275
TX-001568,CUST-0170,2025-10-18,245.77,PayPal,Completed,205
TX-001569,CUST-0171,2025-07-12,412.16,PayPal,Completed,76
TX-001570,CUST-0171,2025-09-11,243.74,ACH Direct Debit,Completed,373
TX-001571,CUST-0171,2025-04-12,154.88,Credit Card,Refunded,396
TX-001572,CUST-0171,2025-09-01,235.47,PayPal,Completed,146
TX-001573,CUST-0172,2026-02-15,497.27,PayPal,Completed,110
TX-001574,CUST-0172,2025-03-07,398.42,Credit Card,Completed,291
TX-001575,CUST-0172,2025-01-06,82.37,Wire Transfer,Completed,216
TX-001576,CUST-0172,2025-04-29,133.61,PayPal,Failed,211
TX-001577,CUST-0172,2025-05-02,101.3,Wire Transfer,Completed,237
TX-001578,CUST-0172,2026-02-17,484.21,Wire Transfer,Completed,352
TX-001579,CUST-0172,2025-02-16,298.48,Credit Card,Completed,213
TX-001580,CUST-0172,2025-02-18,145.71,Wire Transfer,Completed,198
TX-001581,CUST-0172,2025-03-30,461.28,PayPal,Completed,76
TX-001582,CUST-0172,2025-08-11,302.43,Wire Transfer,Completed,272
TX-001583,CUST-0172,2025-02-21,428.22,ACH Direct Debit,Completed,302
TX-001584,CUST-0172,2025-11-11,382.83,ACH Direct Debit,Completed,214
TX-001585,CUST-0172,2025-08-12,401.11,ACH Direct Debit,Completed,239
TX-001586,CUST-0172,2025-08-15,315.08,ACH Direct Debit,Completed,114
TX-001587,CUST-0172,2025-03-28,400.39,PayPal,Completed,235
TX-001588,CUST-0173,2026-01-02,166.62,Credit Card,Completed,382
TX-001589,CUST-0173,2025-12-18,469.57,Credit Card,Completed,108
TX-001590,CUST-0173,2025-07-19,298.68,ACH Direct Debit,Completed,85
TX-001591,CUST-0173,2025-08-06,72.05,PayPal,Completed,192
TX-001592,CUST-0173,2025-09-03,104.31,Wire Transfer,Completed,374
TX-001593,CUST-0173,2025-01-19,490.21,Wire Transfer,Completed,192
TX-001594,CUST-0174,2025-11-12,356.8,PayPal,Completed,115
TX-001595,CUST-0174,2025-08-20,100.04,Wire Transfer,Completed,298
TX-001596,CUST-0174,2025-04-28,222.45,Credit Card,Completed,109
TX-001597,CUST-0174,2025-11-14,54.51,ACH Direct Debit,Completed,165
TX-001598,CUST-0175,2025-03-27,141.04,Credit Card,Completed,175
TX-001599,CUST-0175,2025-02-04,393.23,ACH Direct Debit,Completed,166
TX-001600,CUST-0175,2025-10-11,387.6,Wire Transfer,Completed,153
TX-001601,CUST-0175,2025-05-06,399.85,Credit Card,Completed,162
TX-001602,CUST-0175,2025-09-14,267.12,ACH Direct Debit,Completed,144
TX-001603,CUST-0175,2025-03-21,427.87,PayPal,Completed,386
TX-001604,CUST-0175,2025-08-25,145.52,Wire Transfer,Completed,131
TX-001605,CUST-0175,2025-11-24,314.83,PayPal,Completed,268
TX-001606,CUST-0175,2025-08-24,278.58,ACH Direct Debit,Completed,277
TX-001607,CUST-0176,2025-08-27,482.19,ACH Direct Debit,Completed,256
TX-001608,CUST-0176,2026-01-20,148.17,ACH Direct Debit,Completed,160
TX-001609,CUST-0176,2025-03-06,408.27,PayPal,Refunded,382
TX-001610,CUST-0176,2025-03-01,314.07,Credit Card,Completed,267
TX-001611,CUST-0176,2025-06-11,258.99,Wire Transfer,Completed,185
TX-001612,CUST-0176,2025-08-19,436.64,PayPal,Completed,146
TX-001613,CUST-0176,2025-07-22,-144.91,ACH Direct Debit,Failed,238
TX-001614,CUST-0176,2025-05-10,258.78,Wire Transfer,Completed,313
TX-001615,CUST-0176,2025-08-26,91.29,Credit Card,Failed,200
TX-001616,CUST-0176,2025-06-01,205.8,ACH Direct Debit,Completed,272
TX-001617,CUST-0176,2025-02-09,311.17,Credit Card,Completed,337
TX-001618,CUST-0177,2025-09-03,61.85,Wire Transfer,Failed,233
TX-001619,CUST-0177,2025-01-06,496.29,Credit Card,Completed,362
TX-001620,CUST-0177,2025-09-18,132.79,PayPal,Completed,87
TX-001621,CUST-0177,2026-02-13,318.08,Credit Card,Completed,242
TX-001622,CUST-0177,2026-02-15,272.99,ACH Direct Debit,Completed,299
TX-001623,CUST-0177,2026-01-26,271.57,Credit Card,Completed,355
TX-001624,CUST-0177,2025-03-20,468.49,PayPal,Completed,413
TX-001625,CUST-0177,2025-03-15,96.84,PayPal,Completed,122
TX-001626,CUST-0177,2025-07-21,133.51,Wire Transfer,Failed,81
TX-001627,CUST-0177,2025-08-03,297.57,PayPal,Completed,152
TX-001628,CUST-0177,2025-04-18,30.27,ACH Direct Debit,Completed,94
TX-001629,CUST-0177,2026-02-07,61.06,ACH Direct Debit,Failed,159
TX-001630,CUST-0177,2025-02-28,67.59,PayPal,Completed,250
TX-001631,CUST-0177,2025-08-29,479.16,PayPal,Completed,360
TX-001632,CUST-0177,2025-11-20,342.52,PayPal,Completed,416
TX-001633,CUST-0177,2026-02-17,309.11,ACH Direct Debit,Completed,190
TX-001634,CUST-0178,2025-05-20,184.23,ACH Direct Debit,Refunded,330
TX-001635,CUST-0178,2025-01-27,477.49,Wire Transfer,Completed,206
TX-001636,CUST-0178,2025-10-12,135.1,Wire Transfer,Completed,202
TX-001637,CUST-0178,2025-02-20,357.77,ACH Direct Debit,Completed,286
TX-001638,CUST-0178,2025-10-18,185.67,Credit Card,Completed,158
TX-001639,CUST-0178,2026-02-01,177.56,ACH Direct Debit,Completed,298
TX-001640,CUST-0178,2025-03-20,224.68,Credit Card,Failed,245
TX-001641,CUST-0178,2025-06-07,140.77,ACH Direct Debit,Failed,326
TX-001642,CUST-0178,2025-10-29,130.59,Wire Transfer,Completed,195
TX-001643,CUST-0178,2025-06-22,104.82,Credit Card,Completed,267
TX-001644,CUST-0179,2025-02-12,4544.23,Wire Transfer,Failed,3517
TX-001645,CUST-0179,2025-01-27,30.98,PayPal,Completed,143
TX-001646,CUST-0179,2025-12-14,352.26,Credit Card,Completed,257
TX-001647,CUST-0179,2025-01-21,107.65,Credit Card,Completed,126
TX-001648,CUST-0180,2025-11-11,30.1,ACH Direct Debit,Completed,162
TX-001649,CUST-0180,2025-02-25,155.65,PayPal,Completed,344
TX-001650,CUST-0180,2025-03-12,60.52,Credit Card,Completed,208
TX-001651,CUST-0181,2025-11-07,135.18,Wire Transfer,Completed,276
TX-001652,CUST-0181,2025-12-22,252.15,ACH Direct Debit,Completed,335
TX-001653,CUST-0181,2025-08-03,409.27,Wire Transfer,Completed,233
TX-001654,CUST-0181,2025-05-04,246.8,Credit Card,Completed,93
TX-001655,CUST-0181,2025-03-17,80.61,PayPal,Completed,151
TX-001656,CUST-0181,2026-01-30,186.38,ACH Direct Debit,Completed,197
TX-001657,CUST-0181,2025-07-29,87.63,PayPal,Completed,418
TX-001658,CUST-0181,2025-12-30,128.59,ACH Direct Debit,Completed,92
TX-001659,CUST-0181,2025-04-09,192.19,ACH Direct Debit,Completed,204
TX-001660,CUST-0181,2025-08-26,339.41,PayPal,Completed,240
TX-001661,CUST-0182,2025-12-29,228.5,Wire Transfer,Completed,365
TX-001662,CUST-0182,2025-01-04,438.51,ACH Direct Debit,Completed,203
TX-001663,CUST-0182,2025-06-21,99.64,ACH Direct Debit,Completed,197
TX-001664,CUST-0182,2025-05-23,456.43,Credit Card,Completed,288
TX-001665,CUST-0182,2025-11-20,199.54,Credit Card,Completed,389
TX-001666,CUST-0182,2025-02-23,256.92,Wire Transfer,Completed,331
TX-001667,CUST-0182,2025-06-20,349.77,ACH Direct Debit,Completed,333
TX-001668,CUST-0182,2025-09-28,497.01,Credit Card,Completed,388
TX-001669,CUST-0182,2025-08-21,483.15,ACH Direct Debit,Completed,223
TX-001670,CUST-0182,2025-01-23,-163.71,Credit Card,Failed,330
TX-001671,CUST-0182,2025-08-31,419.89,Wire Transfer,Completed,312
TX-001672,CUST-0182,2025-06-11,422.36,Credit Card,Completed,210
TX-001673,CUST-0182,2026-02-23,137.85,Credit Card,Completed,205
TX-001674,CUST-0182,2025-09-29,137.73,Credit Card,Completed,305
TX-001675,CUST-0183,2025-01-25,480.56,ACH Direct Debit,Completed,215
TX-001676,CUST-0183,2025-01-09,265.82,Credit Card,Completed,402
TX-001677,CUST-0183,2025-09-12,494.77,Credit Card,Completed,413
TX-001678,CUST-0183,2025-05-01,465.05,Wire Transfer,Completed,243
TX-001679,CUST-0183,2025-01-08,351.99,ACH Direct Debit,Completed,406
TX-001680,CUST-0183,2025-01-11,76.75,PayPal,Completed,207
TX-001681,CUST-0183,2025-12-10,150.83,Wire Transfer,Completed,293
TX-001682,CUST-0183,2025-07-05,75.87,Credit Card,Refunded,233
TX-001683,CUST-0183,2025-02-09,491.92,Credit Card,Failed,76
TX-001684,CUST-0184,2026-01-30,403.38,ACH Direct Debit,Completed,166
TX-001685,CUST-0184,2025-06-22,87.08,Credit Card,Completed,348
TX-001686,CUST-0184,2025-09-04,343.96,Credit Card,Completed,117
TX-001687,CUST-0184,2025-06-30,112.91,Credit Card,Failed,354
TX-001688,CUST-0184,2025-11-14,408.06,Wire Transfer,Refunded,119
TX-001689,CUST-0184,2025-03-16,190.79,PayPal,Completed,348
TX-001690,CUST-0184,2025-01-16,189.88,ACH Direct Debit,Completed,296
TX-001691,CUST-0184,2025-04-19,108.74,Credit Card,Completed,322
TX-001692,CUST-0184,2026-01-17,136.57,ACH Direct Debit,Completed,328
TX-001693,CUST-0184,2025-07-18,181.44,Wire Transfer,Completed,96
TX-001694,CUST-0184,2025-01-02,-298.34,PayPal,Failed,350
TX-001695,CUST-0184,2025-11-29,189.2,ACH Direct Debit,Failed,78
TX-001696,CUST-0184,2025-02-13,93.02,Credit Card,Completed,341
TX-001697,CUST-0184,2025-10-31,93.81,PayPal,Completed,357
TX-001698,CUST-0184,2025-03-03,323.72,PayPal,Completed,401
TX-001699,CUST-0185,2026-02-25,230.05,PayPal,Completed,129
TX-001700,CUST-0185,2025-12-07,483.12,Wire Transfer,Completed,207
TX-001701,CUST-0185,2025-05-24,189.77,PayPal,Refunded,113
TX-001702,CUST-0185,2025-02-08,264.19,PayPal,Completed,283
TX-001703,CUST-0185,2025-06-17,116.84,Credit Card,Failed,145
TX-001704,CUST-0185,2025-07-05,83.29,Credit Card,Completed,245
TX-001705,CUST-0185,2025-04-04,300.91,PayPal,Completed,115
TX-001706,CUST-0185,2025-06-09,425.49,Credit Card,Completed,352
TX-001707,CUST-0185,2026-02-20,365.02,PayPal,Completed,354
TX-001708,CUST-0185,2025-02-21,450.8,ACH Direct Debit,Completed,95
TX-001709,CUST-0185,2025-02-17,339.21,Credit Card,Completed,101
TX-001710,CUST-0186,2025-01-03,80.21,ACH Direct Debit,Completed,315
TX-001711,CUST-0186,2025-10-05,80.24,Wire Transfer,Completed,362
TX-001712,CUST-0186,2025-02-11,187.01,Credit Card,Completed,366
TX-001713,CUST-0186,2025-11-19,411.76,Wire Transfer,Completed,139
TX-001714,CUST-0186,2025-07-28,32.48,Wire Transfer,Completed,214
TX-001715,CUST-0186,2025-09-10,287.35,ACH Direct Debit,Completed,183
TX-001716,CUST-0186,2025-04-09,417.76,ACH Direct Debit,Completed,144
TX-001717,CUST-0186,2025-10-24,165.2,PayPal,Completed,138
TX-001718,CUST-0186,2025-11-28,2732.01,PayPal,Failed,3919
TX-001719,CUST-0186,2025-12-20,90.25,Wire Transfer,Completed,403
TX-001720,CUST-0186,2025-03-09,364.2,Credit Card,Completed,202
TX-001721,CUST-0186,2025-12-17,215.52,Credit Card,Failed,216
TX-001722,CUST-0187,2025-04-18,367.1,PayPal,Completed,82
TX-001723,CUST-0187,2025-04-16,240.13,PayPal,Completed,406
TX-001724,CUST-0187,2025-06-16,489.31,ACH Direct Debit,Completed,340
TX-001725,CUST-0187,2025-12-06,124.73,Wire Transfer,Completed,180
TX-001726,CUST-0187,2025-12-07,433.31,PayPal,Completed,325
TX-001727,CUST-0187,2025-08-12,571.41,ACH Direct Debit,Failed,1751
TX-001728,CUST-0187,2025-09-26,165.86,PayPal,Completed,222
TX-001729,CUST-0187,2025-04-01,2927.97,ACH Direct Debit,Failed,3669
TX-001730,CUST-0187,2025-06-28,172.5,PayPal,Completed,177
TX-001731,CUST-0187,2025-09-02,482.85,Wire Transfer,Completed,320
TX-001732,CUST-0187,2025-01-09,397.07,Wire Transfer,Completed,271
TX-001733,CUST-0187,2025-02-26,155.81,PayPal,Completed,205
TX-001734,CUST-0187,2025-12-04,272.75,Credit Card,Completed,281
TX-001735,CUST-0188,2025-05-25,148.49,Wire Transfer,Failed,417
TX-001736,CUST-0188,2025-11-18,263.61,PayPal,Failed,151
TX-001737,CUST-0188,2026-01-29,354.13,ACH Direct Debit,Completed,365
TX-001738,CUST-0188,2025-04-10,118.06,PayPal,Completed,292
TX-001739,CUST-0188,2025-10-28,123.75,PayPal,Completed,383
TX-001740,CUST-0188,2025-02-19,208.56,PayPal,Completed,200
TX-001741,CUST-0189,2025-08-30,386.7,Credit Card,Completed,327
TX-001742,CUST-0189,2025-12-20,65.85,Credit Card,Completed,145
TX-001743,CUST-0189,2025-04-15,249.53,ACH Direct Debit,Completed,112
TX-001744,CUST-0189,2026-01-03,93.79,Credit Card,Completed,186
TX-001745,CUST-0189,2025-05-12,35.5,ACH Direct Debit,Refunded,136
TX-001746,CUST-0189,2025-04-18,73.94,PayPal,Completed,388
TX-001747,CUST-0189,2026-02-10,311.21,PayPal,Completed,198
TX-001748,CUST-0189,2025-10-05,108.51,ACH Direct Debit,Failed,78
TX-001749,CUST-0190,2025-04-21,403.99,Wire Transfer,Completed,126
TX-001750,CUST-0190,2025-10-22,160.5,ACH Direct Debit,Failed,253
TX-001751,CUST-0190,2025-10-12,357.09,Credit Card,Refunded,124
TX-001752,CUST-0190,2025-12-08,159.37,Credit Card,Completed,155
TX-001753,CUST-0190,2026-01-11,114.31,ACH Direct Debit,Completed,176
TX-001754,CUST-0190,2025-02-01,340.98,Wire Transfer,Completed,143
TX-001755,CUST-0190,2025-07-07,324.75,ACH Direct Debit,Completed,228
TX-001756,CUST-0190,2025-03-20,353.32,Credit Card,Completed,156
TX-001757,CUST-0190,2025-03-29,206.03,Wire Transfer,Completed,290
TX-001758,CUST-0190,2025-04-19,64.41,Wire Transfer,Completed,297
TX-001759,CUST-0190,2025-05-17,365.44,PayPal,Failed,346
TX-001760,CUST-0190,2025-08-20,103.98,Wire Transfer,Completed,347
TX-001761,CUST-0190,2025-08-18,229.7,PayPal,Completed,302
TX-001762,CUST-0190,2025-11-07,130.65,PayPal,Completed,85
TX-001763,CUST-0190,2025-07-12,393.1,Credit Card,Completed,121
TX-001764,CUST-0190,2026-02-12,356.42,Credit Card,Completed,192
TX-001765,CUST-0191,2025-09-03,215.47,Wire Transfer,Completed,144
TX-001766,CUST-0191,2025-10-03,441.63,Credit Card,Completed,198
TX-001767,CUST-0191,2025-05-04,283.33,PayPal,Completed,343
TX-001768,CUST-0191,2025-05-14,186.08,ACH Direct Debit,Completed,166
TX-001769,CUST-0191,2025-04-16,95.66,Wire Transfer,Completed,400
TX-001770,CUST-0191,2025-11-16,237.9,PayPal,Completed,399
TX-001771,CUST-0191,2025-08-24,107.38,Credit Card,Completed,247
TX-001772,CUST-0191,2026-02-04,42.84,Credit Card,Completed,87
TX-001773,CUST-0191,2025-02-12,181.57,Credit Card,Completed,401
TX-001774,CUST-0191,2025-12-19,119.5,PayPal,Completed,125
TX-001775,CUST-0191,2025-01-30,400.11,Wire Transfer,Completed,384
TX-001776,CUST-0192,2025-06-10,208.15,PayPal,Completed,333
TX-001777,CUST-0192,2025-05-14,104.86,ACH Direct Debit,Completed,150
TX-001778,CUST-0192,2025-05-28,260.84,PayPal,Completed,114
TX-001779,CUST-0192,2025-09-14,322.18,ACH Direct Debit,Completed,269
TX-001780,CUST-0192,2025-08-28,42.34,Wire Transfer,Completed,76
TX-001781,CUST-0192,2025-07-13,192.32,PayPal,Completed,260
TX-001782,CUST-0192,2025-09-29,100.48,Wire Transfer,Completed,137
TX-001783,CUST-0192,2026-02-13,156.62,Credit Card,Completed,239
TX-001784,CUST-0193,2025-06-08,416.14,Credit Card,Completed,267
TX-001785,CUST-0193,2025-11-17,250.79,ACH Direct Debit,Completed,198
TX-001786,CUST-0193,2025-11-13,196.89,Wire Transfer,Completed,394
TX-001787,CUST-0193,2025-03-06,60.32,ACH Direct Debit,Failed,99
TX-001788,CUST-0193,2025-05-10,422.4,Credit Card,Completed,359
TX-001789,CUST-0193,2025-05-14,324.02,ACH Direct Debit,Completed,404
TX-001790,CUST-0193,2025-09-13,443.81,Wire Transfer,Completed,174
TX-001791,CUST-0193,2025-09-28,334.44,Credit Card,Completed,199
TX-001792,CUST-0194,2025-12-23,218.04,PayPal,Completed,162
TX-001793,CUST-0194,2025-07-28,169.87,Wire Transfer,Completed,289
TX-001794,CUST-0194,2025-07-08,369.46,PayPal,Completed,295
TX-001795,CUST-0194,2026-02-03,148.37,PayPal,Completed,95
TX-001796,CUST-0194,2025-11-20,213.24,Credit Card,Completed,266
TX-001797,CUST-0195,2025-07-26,400.67,Wire Transfer,Completed,263
TX-001798,CUST-0195,2025-05-31,120.09,ACH Direct Debit,Completed,86
TX-001799,CUST-0195,2025-07-13,174.63,Credit Card,Completed,223
TX-001800,CUST-0195,2026-01-31,136.16,Wire Transfer,Completed,198
TX-001801,CUST-0195,2025-05-22,185.83,Credit Card,Completed,313
TX-001802,CUST-0196,2025-12-19,189.77,PayPal,Completed,402
TX-001803,CUST-0196,2025-05-03,126.18,PayPal,Completed,256
TX-001804,CUST-0196,2025-10-28,178.08,Wire Transfer,Completed,277
TX-001805,CUST-0196,2026-02-17,78.02,ACH Direct Debit,Completed,382
TX-001806,CUST-0196,2026-01-05,442.94,Wire Transfer,Completed,99
TX-001807,CUST-0196,2025-05-04,308.86,Wire Transfer,Completed,176
TX-001808,CUST-0196,2025-07-27,332.69,Credit Card,Completed,95
TX-001809,CUST-0196,2026-01-06,66.12,ACH Direct Debit,Completed,388
TX-001810,CUST-0196,2026-01-24,482.0,ACH Direct Debit,Completed,123
TX-001811,CUST-0196,2026-02-03,289.7,Wire Transfer,Completed,79
TX-001812,CUST-0196,2025-04-17,415.56,PayPal,Completed,90
TX-001813,CUST-0196,2026-02-03,225.06,Credit Card,Completed,380
TX-001814,CUST-0196,2025-05-06,353.55,PayPal,Completed,401
TX-001815,CUST-0197,2025-05-26,416.83,Wire Transfer,Completed,287
TX-001816,CUST-0197,2025-07-20,202.92,Credit Card,Completed,143
TX-001817,CUST-0197,2025-06-09,313.73,PayPal,Completed,344
TX-001818,CUST-0197,2025-02-25,283.44,PayPal,Completed,278
TX-001819,CUST-0197,2025-01-14,305.68,Wire Transfer,Completed,283
TX-001820,CUST-0197,2025-04-21,315.09,PayPal,Completed,112
TX-001821,CUST-0197,2025-06-21,188.72,PayPal,Failed,205
TX-001822,CUST-0197,2025-03-08,274.25,Credit Card,Completed,96
TX-001823,CUST-0197,2026-02-03,402.26,Credit Card,Completed,277
TX-001824,CUST-0197,2025-09-23,356.03,Credit Card,Completed,140
TX-001825,CUST-0197,2025-01-22,473.61,Wire Transfer,Completed,103
TX-001826,CUST-0197,2025-07-04,213.58,Credit Card,Completed,120
TX-001827,CUST-0197,2025-07-17,102.38,Wire Transfer,Failed,239
TX-001828,CUST-0197,2025-02-21,477.81,PayPal,Completed,205
TX-001829,CUST-0198,2026-02-23,232.0,ACH Direct Debit,Completed,298
TX-001830,CUST-0198,2025-11-17,428.29,Wire Transfer,Completed,362
TX-001831,CUST-0198,2025-11-15,129.1,Credit Card,Completed,210
TX-001832,CUST-0199,2025-05-04,172.88,Wire Transfer,Refunded,345
TX-001833,CUST-0199,2025-06-25,170.27,Wire Transfer,Completed,416
TX-001834,CUST-0199,2025-07-28,51.68,Credit Card,Completed,266
TX-001835,CUST-0199,2025-01-28,78.16,Credit Card,Completed,84
TX-001836,CUST-0200,2025-07-08,496.8,PayPal,Completed,108
TX-001837,CUST-0200,2025-10-21,-115.44,PayPal,Failed,295
TX-001838,CUST-0200,2025-10-26,409.44,ACH Direct Debit,Completed,381
TX-001839,CUST-0200,2026-01-28,323.51,ACH Direct Debit,Completed,411
TX-001840,CUST-0200,2025-02-15,447.9,ACH Direct Debit,Completed,349
TX-001841,CUST-0200,2025-11-23,477.41,PayPal,Completed,244
TX-001842,CUST-0200,2025-01-11,392.98,Wire Transfer,Completed,366
TX-001843,CUST-0200,2025-03-31,448.55,Wire Transfer,Completed,189
TX-001844,CUST-0200,2026-02-02,485.48,Credit Card,Failed,361
TX-001845,CUST-0200,2025-07-28,322.44,ACH Direct Debit,Completed,360
TX-001846,CUST-0200,2025-11-24,85.33,Wire Transfer,Completed,90
TX-001847,CUST-0201,2025-04-21,175.47,Wire Transfer,Completed,191
TX-001848,CUST-0201,2025-06-16,344.97,Wire Transfer,Completed,260
TX-001849,CUST-0201,2025-12-03,451.62,PayPal,Completed,220
TX-001850,CUST-0201,2025-07-28,447.02,ACH Direct Debit,Completed,147
TX-001851,CUST-0201,2025-06-24,44.07,PayPal,Completed,150
TX-001852,CUST-0201,2025-10-06,347.98,ACH Direct Debit,Completed,211
TX-001853,CUST-0201,2025-10-21,207.8,Wire Transfer,Failed,112
TX-001854,CUST-0201,2025-01-08,294.04,Wire Transfer,Completed,125
TX-001855,CUST-0201,2026-01-28,119.43,Credit Card,Completed,367
TX-001856,CUST-0201,2025-05-09,426.35,Wire Transfer,Completed,279
TX-001857,CUST-0201,2025-10-28,404.25,Credit Card,Completed,335
TX-001858,CUST-0201,2025-01-16,421.29,ACH Direct Debit,Completed,189
TX-001859,CUST-0201,2025-11-04,213.62,Credit Card,Refunded,107
TX-001860,CUST-0201,2026-01-26,211.98,PayPal,Completed,116
TX-001861,CUST-0202,2025-01-14,52.52,PayPal,Completed,345
TX-001862,CUST-0202,2025-02-11,167.73,ACH Direct Debit,Completed,239
TX-001863,CUST-0202,2026-02-01,113.28,ACH Direct Debit,Completed,175
TX-001864,CUST-0202,2025-11-25,223.23,PayPal,Completed,263
TX-001865,CUST-0202,2025-05-19,37.9,ACH Direct Debit,Completed,301
TX-001866,CUST-0202,2025-03-25,57.35,ACH Direct Debit,Completed,146
TX-001867,CUST-0202,2025-12-10,91.11,Credit Card,Completed,84
TX-001868,CUST-0202,2026-01-17,440.05,Credit Card,Failed,317
TX-001869,CUST-0202,2025-03-24,295.75,PayPal,Completed,109
TX-001870,CUST-0202,2025-01-12,216.72,Wire Transfer,Completed,348
TX-001871,CUST-0202,2025-04-12,125.25,PayPal,Failed,142
TX-001872,CUST-0202,2025-07-03,366.01,ACH Direct Debit,Completed,251
TX-001873,CUST-0202,2025-02-25,249.58,Wire Transfer,Completed,312
TX-001874,CUST-0202,2025-12-14,77.78,Wire Transfer,Completed,75
TX-001875,CUST-0202,2026-01-20,228.29,ACH Direct Debit,Completed,417
TX-001876,CUST-0202,2025-09-11,286.67,Wire Transfer,Completed,267
TX-001877,CUST-0203,2025-02-08,448.96,Credit Card,Completed,232
TX-001878,CUST-0203,2026-01-07,481.78,ACH Direct Debit,Completed,240
TX-001879,CUST-0203,2025-05-31,269.83,PayPal,Completed,123
TX-001880,CUST-0203,2025-01-28,141.16,ACH Direct Debit,Completed,203
TX-001881,CUST-0203,2025-08-29,281.07,ACH Direct Debit,Completed,312
TX-001882,CUST-0203,2025-12-08,271.29,Wire Transfer,Completed,113
TX-001883,CUST-0203,2025-11-24,73.37,Wire Transfer,Completed,376
TX-001884,CUST-0203,2025-02-22,325.28,PayPal,Completed,289
TX-001885,CUST-0203,2026-01-12,419.98,ACH Direct Debit,Completed,385
TX-001886,CUST-0203,2025-04-29,441.12,Wire Transfer,Completed,133
TX-001887,CUST-0204,2025-12-15,498.08,ACH Direct Debit,Completed,248
TX-001888,CUST-0204,2026-01-14,40.77,ACH Direct Debit,Completed,376
TX-001889,CUST-0204,2025-07-26,349.95,Credit Card,Completed,307
TX-001890,CUST-0204,2025-07-26,434.62,Wire Transfer,Completed,282
TX-001891,CUST-0204,2026-02-10,37.27,Credit Card,Completed,267
TX-001892,CUST-0204,2025-12-04,425.12,Wire Transfer,Completed,397
TX-001893,CUST-0204,2025-02-14,496.31,PayPal,Completed,412
TX-001894,CUST-0204,2025-10-04,494.77,Wire Transfer,Completed,210
TX-001895,CUST-0204,2026-01-11,64.25,Wire Transfer,Completed,164
TX-001896,CUST-0204,2025-06-17,296.9,PayPal,Failed,379
TX-001897,CUST-0204,2025-05-01,232.08,Credit Card,Completed,222
TX-001898,CUST-0205,2025-03-06,449.32,Wire Transfer,Completed,244
TX-001899,CUST-0205,2025-12-06,425.63,PayPal,Completed,381
TX-001900,CUST-0205,2025-09-17,485.46,PayPal,Completed,227
TX-001901,CUST-0205,2026-01-12,316.57,PayPal,Completed,108
TX-001902,CUST-0205,2025-06-27,242.38,Credit Card,Failed,309
TX-001903,CUST-0206,2025-12-02,237.46,ACH Direct Debit,Completed,166
TX-001904,CUST-0206,2025-08-18,213.53,ACH Direct Debit,Completed,411
TX-001905,CUST-0206,2025-05-21,208.81,ACH Direct Debit,Completed,389
TX-001906,CUST-0206,2025-09-11,316.9,ACH Direct Debit,Completed,352
TX-001907,CUST-0206,2025-09-16,263.7,Wire Transfer,Completed,141
TX-001908,CUST-0206,2025-09-10,497.27,Credit Card,Completed,404
TX-001909,CUST-0206,2025-07-24,332.47,PayPal,Completed,196
TX-001910,CUST-0206,2025-01-16,341.88,PayPal,Completed,274
TX-001911,CUST-0206,2025-12-18,244.62,PayPal,Completed,419
TX-001912,CUST-0206,2025-10-05,112.68,Wire Transfer,Completed,266
TX-001913,CUST-0206,2025-09-26,214.79,PayPal,Completed,175
TX-001914,CUST-0206,2025-04-06,330.0,PayPal,Completed,143
TX-001915,CUST-0206,2026-02-09,213.95,Credit Card,Completed,174
TX-001916,CUST-0206,2025-06-24,220.3,PayPal,Completed,242
TX-001917,CUST-0207,2025-09-05,113.61,Wire Transfer,Completed,274
TX-001918,CUST-0207,2025-07-26,474.65,PayPal,Completed,188
TX-001919,CUST-0207,2025-02-22,135.07,ACH Direct Debit,Completed,333
TX-001920,CUST-0207,2025-07-09,201.93,ACH Direct Debit,Completed,325
TX-001921,CUST-0207,2025-10-14,182.46,PayPal,Completed,324
TX-001922,CUST-0207,2025-05-14,135.38,Credit Card,Completed,396
TX-001923,CUST-0207,2025-02-27,459.52,PayPal,Completed,159
TX-001924,CUST-0207,2025-10-25,140.93,Wire Transfer,Completed,119
TX-001925,CUST-0207,2025-07-21,174.56,PayPal,Completed,307
TX-001926,CUST-0207,2025-04-14,80.39,Wire Transfer,Completed,262
TX-001927,CUST-0207,2026-02-23,227.16,ACH Direct Debit,Completed,343
TX-001928,CUST-0207,2025-08-18,430.23,Wire Transfer,Completed,392
TX-001929,CUST-0207,2025-12-23,436.2,Credit Card,Failed,220
TX-001930,CUST-0207,2025-01-19,394.88,Credit Card,Completed,271
TX-001931,CUST-0208,2025-10-30,276.15,Wire Transfer,Completed,384
TX-001932,CUST-0208,2026-01-23,254.67,PayPal,Completed,141
TX-001933,CUST-0208,2025-07-25,106.51,ACH Direct Debit,Completed,244
TX-001934,CUST-0208,2025-08-02,57.43,ACH Direct Debit,Completed,373
TX-001935,CUST-0208,2025-10-03,237.83,PayPal,Completed,160
TX-001936,CUST-0208,2025-09-19,188.52,PayPal,Completed,417
TX-001937,CUST-0208,2026-01-11,306.51,PayPal,Completed,237
TX-001938,CUST-0208,2025-04-02,265.95,Credit Card,Completed,389
TX-001939,CUST-0208,2026-02-20,355.79,Credit Card,Completed,88
TX-001940,CUST-0208,2025-01-21,50.15,Wire Transfer,Completed,265
TX-001941,CUST-0208,2025-02-07,480.48,PayPal,Completed,134
TX-001942,CUST-0208,2025-02-05,127.92,Wire Transfer,Completed,321
TX-001943,CUST-0208,2025-11-21,327.51,PayPal,Completed,168
TX-001944,CUST-0208,2025-06-05,163.65,ACH Direct Debit,Completed,390
TX-001945,CUST-0209,2025-09-13,482.65,ACH Direct Debit,Completed,188
TX-001946,CUST-0209,2026-01-04,476.25,Wire Transfer,Completed,151
TX-001947,CUST-0209,2025-07-07,427.6,PayPal,Completed,160
TX-001948,CUST-0209,2025-04-18,476.36,Wire Transfer,Completed,186
TX-001949,CUST-0209,2025-12-29,285.38,Credit Card,Completed,143
TX-001950,CUST-0210,2025-04-13,315.09,PayPal,Completed,405
TX-001951,CUST-0210,2025-11-16,73.52,Wire Transfer,Completed,79
TX-001952,CUST-0210,2025-08-01,153.32,Credit Card,Completed,358
TX-001953,CUST-0210,2025-09-30,107.58,ACH Direct Debit,Completed,340
TX-001954,CUST-0210,2025-04-01,399.85,PayPal,Completed,320
TX-001955,CUST-0211,2025-07-05,294.16,Credit Card,Completed,144
TX-001956,CUST-0211,2025-06-16,96.95,ACH Direct Debit,Completed,417
TX-001957,CUST-0211,2025-12-03,290.29,Wire Transfer,Completed,275
TX-001958,CUST-0211,2026-01-03,236.58,ACH Direct Debit,Completed,315
TX-001959,CUST-0211,2025-12-18,131.08,Wire Transfer,Failed,186
TX-001960,CUST-0211,2025-01-15,183.14,Wire Transfer,Failed,370
TX-001961,CUST-0211,2026-01-15,223.61,PayPal,Completed,126
TX-001962,CUST-0211,2025-12-03,431.32,Wire Transfer,Completed,230
TX-001963,CUST-0211,2025-05-02,451.45,Wire Transfer,Completed,261
TX-001964,CUST-0211,2026-02-09,301.47,PayPal,Completed,179
TX-001965,CUST-0211,2025-05-17,226.4,ACH Direct Debit,Completed,405
TX-001966,CUST-0211,2025-04-23,105.93,PayPal,Failed,201
TX-001967,CUST-0211,2025-05-14,436.75,Credit Card,Completed,330
TX-001968,CUST-0211,2025-04-03,449.84,Wire Transfer,Completed,373
TX-001969,CUST-0212,2025-03-31,236.87,ACH Direct Debit,Completed,244
TX-001970,CUST-0212,2026-01-24,277.69,PayPal,Completed,132
TX-001971,CUST-0212,2025-03-12,302.4,Wire Transfer,Completed,340
TX-001972,CUST-0212,2025-01-15,411.79,PayPal,Completed,125
TX-001973,CUST-0212,2025-07-23,372.73,Wire Transfer,Completed,102
TX-001974,CUST-0212,2025-01-20,445.18,ACH Direct Debit,Completed,358
TX-001975,CUST-0212,2025-09-23,266.63,Wire Transfer,Completed,299
TX-001976,CUST-0212,2025-12-21,377.79,PayPal,Completed,265
TX-001977,CUST-0212,2025-04-05,141.29,Credit Card,Completed,106
TX-001978,CUST-0212,2025-04-14,38.15,Credit Card,Failed,195
TX-001979,CUST-0212,2026-02-22,299.15,Credit Card,Completed,239
TX-001980,CUST-0212,2025-06-27,422.54,Credit Card,Completed,182
TX-001981,CUST-0213,2026-02-03,100.13,Credit Card,Completed,375
TX-001982,CUST-0213,2025-02-17,172.31,Wire Transfer,Completed,409
TX-001983,CUST-0213,2025-01-30,317.68,ACH Direct Debit,Completed,77
TX-001984,CUST-0214,2025-04-18,352.78,Wire Transfer,Failed,386
TX-001985,CUST-0214,2025-07-23,52.76,Wire Transfer,Completed,152
TX-001986,CUST-0214,2025-03-02,437.36,Wire Transfer,Completed,310
TX-001987,CUST-0214,2025-01-28,84.13,Credit Card,Completed,419
TX-001988,CUST-0215,2025-07-26,79.12,Credit Card,Completed,96
TX-001989,CUST-0215,2025-08-17,93.91,Wire Transfer,Completed,345
TX-001990,CUST-0215,2025-04-12,464.98,Wire Transfer,Completed,184
TX-001991,CUST-0215,2025-08-09,208.73,ACH Direct Debit,Completed,81
TX-001992,CUST-0215,2025-11-30,442.13,PayPal,Completed,341
TX-001993,CUST-0215,2025-04-01,77.22,Wire Transfer,Completed,360
TX-001994,CUST-0215,2025-06-22,434.13,Wire Transfer,Refunded,242
TX-001995,CUST-0215,2025-11-02,164.76,PayPal,Completed,377
TX-001996,CUST-0215,2025-06-29,369.14,Credit Card,Completed,108
TX-001997,CUST-0216,2025-04-20,366.37,ACH Direct Debit,Completed,251
TX-001998,CUST-0216,2025-01-09,394.89,PayPal,Completed,307
TX-001999,CUST-0216,2025-04-08,229.22,ACH Direct Debit,Completed,242
TX-002000,CUST-0216,2025-06-07,388.41,Credit Card,Completed,88
TX-002001,CUST-0216,2026-01-16,395.9,ACH Direct Debit,Failed,321
TX-002002,CUST-0216,2025-03-05,200.06,PayPal,Completed,193
TX-002003,CUST-0216,2025-01-31,108.19,Credit Card,Completed,301
TX-002004,CUST-0216,2025-08-09,230.31,Wire Transfer,Completed,286
TX-002005,CUST-0216,2025-05-25,279.59,PayPal,Completed,129
TX-002006,CUST-0216,2025-03-23,419.05,PayPal,Completed,403
TX-002007,CUST-0216,2025-01-17,147.36,ACH Direct Debit,Completed,390
TX-002008,CUST-0216,2025-09-12,295.28,PayPal,Completed,306
TX-002009,CUST-0216,2025-11-15,60.49,ACH Direct Debit,Completed,253
TX-002010,CUST-0216,2025-03-30,474.51,PayPal,Completed,129
TX-002011,CUST-0216,2025-08-25,234.07,Credit Card,Completed,359
TX-002012,CUST-0217,2026-02-06,271.67,ACH Direct Debit,Completed,88
TX-002013,CUST-0217,2025-10-11,138.03,Credit Card,Completed,216
TX-002014,CUST-0217,2025-09-08,106.08,Credit Card,Completed,353
TX-002015,CUST-0217,2026-02-20,371.58,Credit Card,Completed,129
TX-002016,CUST-0217,2026-01-04,80.85,Wire Transfer,Completed,106
TX-002017,CUST-0217,2025-09-18,49.95,Wire Transfer,Completed,201
TX-002018,CUST-0217,2025-06-20,67.46,PayPal,Completed,222
TX-002019,CUST-0217,2025-09-09,171.11,Wire Transfer,Completed,164
TX-002020,CUST-0217,2025-01-13,38.19,PayPal,Completed,253
TX-002021,CUST-0217,2025-08-17,230.18,Wire Transfer,Completed,204
TX-002022,CUST-0217,2025-03-03,293.79,Wire Transfer,Completed,418
TX-002023,CUST-0217,2025-11-07,219.21,ACH Direct Debit,Failed,300
TX-002024,CUST-0217,2025-07-21,235.3,Wire Transfer,Completed,255
TX-002025,CUST-0217,2025-03-12,358.75,PayPal,Completed,91
TX-002026,CUST-0217,2025-07-26,224.96,Credit Card,Completed,244
TX-002027,CUST-0218,2025-02-04,403.7,ACH Direct Debit,Completed,376
TX-002028,CUST-0218,2025-03-05,459.55,Wire Transfer,Completed,410
TX-002029,CUST-0218,2025-10-06,391.09,PayPal,Completed,363
TX-002030,CUST-0218,2025-10-21,31.42,Wire Transfer,Completed,108
TX-002031,CUST-0218,2025-01-22,150.1,PayPal,Completed,94
TX-002032,CUST-0218,2025-11-28,420.16,ACH Direct Debit,Completed,277
TX-002033,CUST-0218,2025-11-24,135.13,Credit Card,Completed,312
TX-002034,CUST-0218,2026-02-21,224.85,ACH Direct Debit,Completed,224
TX-002035,CUST-0218,2025-02-20,99.77,PayPal,Completed,100
TX-002036,CUST-0218,2025-05-08,139.65,Wire Transfer,Completed,240
TX-002037,CUST-0218,2026-01-13,353.78,Credit Card,Completed,377
TX-002038,CUST-0218,2025-11-09,2940.27,ACH Direct Debit,Failed,2581
TX-002039,CUST-0218,2025-12-05,95.6,Wire Transfer,Completed,101
TX-002040,CUST-0218,2025-02-24,71.84,Credit Card,Completed,156
TX-002041,CUST-0218,2025-11-19,407.53,Credit Card,Completed,123
TX-002042,CUST-0219,2025-07-09,351.64,ACH Direct Debit,Completed,367
TX-002043,CUST-0219,2025-03-17,451.8,PayPal,Failed,302
TX-002044,CUST-0219,2025-12-05,268.86,ACH Direct Debit,Refunded,111
TX-002045,CUST-0219,2025-05-14,172.93,PayPal,Completed,136
TX-002046,CUST-0219,2025-09-25,271.18,PayPal,Refunded,367
TX-002047,CUST-0219,2025-08-13,468.28,PayPal,Completed,106
TX-002048,CUST-0220,2025-01-24,226.83,Wire Transfer,Completed,416
TX-002049,CUST-0220,2025-04-07,208.72,Credit Card,Completed,379
TX-002050,CUST-0220,2025-03-22,270.12,Wire Transfer,Completed,377
TX-002051,CUST-0220,2025-11-04,345.09,ACH Direct Debit,Completed,333
TX-002052,CUST-0220,2025-10-24,473.34,Credit Card,Completed,319
TX-002053,CUST-0220,2025-05-17,50.27,Credit Card,Completed,135
TX-002054,CUST-0220,2026-02-09,303.06,Wire Transfer,Completed,293
TX-002055,CUST-0220,2025-04-01,259.13,PayPal,Completed,358
TX-002056,CUST-0220,2026-01-06,207.37,ACH Direct Debit,Completed,310
TX-002057,CUST-0220,2025-04-04,167.64,PayPal,Failed,384
TX-002058,CUST-0220,2025-11-09,206.87,ACH Direct Debit,Failed,210
TX-002059,CUST-0221,2025-05-17,242.94,Wire Transfer,Completed,108
TX-002060,CUST-0221,2025-10-15,188.87,PayPal,Refunded,156
TX-002061,CUST-0221,2025-10-24,387.22,Wire Transfer,Completed,283
TX-002062,CUST-0222,2025-09-15,484.8,ACH Direct Debit,Completed,188
TX-002063,CUST-0222,2025-09-30,357.44,Wire Transfer,Completed,96
TX-002064,CUST-0222,2025-05-13,215.74,Credit Card,Completed,344
TX-002065,CUST-0223,2025-01-12,322.92,Credit Card,Completed,228
TX-002066,CUST-0223,2025-10-28,451.15,Wire Transfer,Completed,202
TX-002067,CUST-0223,2026-02-25,440.37,ACH Direct Debit,Completed,130
TX-002068,CUST-0223,2026-01-04,2020.76,PayPal,Failed,2518
TX-002069,CUST-0223,2025-06-14,291.46,Credit Card,Completed,245
TX-002070,CUST-0223,2025-03-26,199.35,PayPal,Completed,229
TX-002071,CUST-0223,2025-03-05,319.65,Wire Transfer,Completed,407
TX-002072,CUST-0223,2025-12-23,165.9,Credit Card,Completed,365
TX-002073,CUST-0223,2025-08-29,385.13,Wire Transfer,Completed,108
TX-002074,CUST-0224,2025-05-13,309.44,Credit Card,Completed,354
TX-002075,CUST-0224,2025-07-25,247.01,ACH Direct Debit,Completed,124
TX-002076,CUST-0224,2025-05-19,224.44,PayPal,Completed,128
TX-002077,CUST-0224,2025-11-15,116.81,ACH Direct Debit,Failed,267
TX-002078,CUST-0224,2025-11-12,341.69,ACH Direct Debit,Completed,202
TX-002079,CUST-0224,2025-12-23,320.72,PayPal,Completed,334
TX-002080,CUST-0224,2025-12-19,449.49,PayPal,Completed,249
TX-002081,CUST-0224,2026-02-16,340.16,Wire Transfer,Completed,389
TX-002082,CUST-0224,2025-01-30,427.06,ACH Direct Debit,Completed,259
TX-002083,CUST-0224,2025-12-22,50.91,Credit Card,Completed,317
TX-002084,CUST-0224,2025-04-27,421.29,Wire Transfer,Completed,359
TX-002085,CUST-0224,2025-08-04,177.76,PayPal,Completed,406
TX-002086,CUST-0224,2025-06-17,205.02,Credit Card,Completed,323
TX-002087,CUST-0224,2025-11-01,338.35,PayPal,Completed,144
TX-002088,CUST-0225,2025-01-25,167.86,PayPal,Completed,267
TX-002089,CUST-0225,2026-02-07,454.42,ACH Direct Debit,Completed,389
TX-002090,CUST-0225,2025-07-30,53.5,PayPal,Completed,209
TX-002091,CUST-0225,2025-06-11,229.09,Credit Card,Completed,301
TX-002092,CUST-0225,2025-10-20,241.79,Wire Transfer,Failed,238
TX-002093,CUST-0226,2025-09-17,408.47,PayPal,Completed,141
TX-002094,CUST-0226,2025-05-13,405.5,Wire Transfer,Completed,141
TX-002095,CUST-0226,2026-01-30,226.8,PayPal,Completed,102
TX-002096,CUST-0226,2025-11-06,315.87,ACH Direct Debit,Completed,102
TX-002097,CUST-0226,2025-03-24,432.12,ACH Direct Debit,Completed,152
TX-002098,CUST-0226,2025-08-08,483.24,ACH Direct Debit,Completed,411
TX-002099,CUST-0226,2025-03-10,388.99,Credit Card,Completed,274
TX-002100,CUST-0226,2025-04-01,162.04,PayPal,Completed,122
TX-002101,CUST-0226,2025-10-01,404.53,Credit Card,Completed,105
TX-002102,CUST-0226,2025-02-25,253.06,ACH Direct Debit,Completed,277
TX-002103,CUST-0226,2025-10-14,90.09,PayPal,Completed,163
TX-002104,CUST-0226,2025-08-16,467.44,ACH Direct Debit,Completed,214
TX-002105,CUST-0226,2026-02-10,153.67,Credit Card,Completed,292
TX-002106,CUST-0226,2025-03-26,55.13,ACH Direct Debit,Completed,192
TX-002107,CUST-0226,2025-06-25,137.15,Credit Card,Completed,376
TX-002108,CUST-0227,2025-10-11,194.67,PayPal,Completed,161
TX-002109,CUST-0227,2025-09-21,112.17,Wire Transfer,Completed,418
TX-002110,CUST-0227,2025-09-15,182.42,ACH Direct Debit,Completed,212
TX-002111,CUST-0227,2025-05-11,173.59,Wire Transfer,Completed,408
TX-002112,CUST-0227,2025-04-11,427.39,Wire Transfer,Failed,146
TX-002113,CUST-0227,2026-01-01,492.82,ACH Direct Debit,Completed,350
TX-002114,CUST-0227,2025-12-16,471.84,ACH Direct Debit,Completed,118
TX-002115,CUST-0227,2026-01-27,126.95,Wire Transfer,Completed,405
TX-002116,CUST-0227,2025-09-08,109.77,Wire Transfer,Completed,359
TX-002117,CUST-0227,2026-02-24,64.2,Credit Card,Completed,81
TX-002118,CUST-0228,2025-02-04,315.17,PayPal,Completed,201
TX-002119,CUST-0228,2025-06-18,365.94,Wire Transfer,Completed,272
TX-002120,CUST-0228,2025-06-16,368.02,Wire Transfer,Completed,149
TX-002121,CUST-0228,2025-06-19,428.45,Credit Card,Completed,81
TX-002122,CUST-0228,2025-09-21,62.49,PayPal,Completed,300
TX-002123,CUST-0228,2025-09-21,455.35,PayPal,Refunded,251
TX-002124,CUST-0228,2025-05-11,149.56,ACH Direct Debit,Completed,259
TX-002125,CUST-0228,2025-01-28,418.15,Credit Card,Completed,348
TX-002126,CUST-0228,2025-09-01,313.3,PayPal,Completed,357
TX-002127,CUST-0228,2025-05-04,332.52,PayPal,Completed,349
TX-002128,CUST-0228,2025-10-03,375.61,Wire Transfer,Completed,365
TX-002129,CUST-0228,2026-01-27,354.58,Wire Transfer,Completed,236
TX-002130,CUST-0228,2025-09-03,79.19,Wire Transfer,Completed,145
TX-002131,CUST-0228,2025-01-19,410.81,ACH Direct Debit,Completed,381
TX-002132,CUST-0228,2025-12-30,148.74,Wire Transfer,Completed,179
TX-002133,CUST-0229,2025-08-19,106.48,Wire Transfer,Completed,365
TX-002134,CUST-0229,2025-02-27,493.11,Wire Transfer,Completed,330
TX-002135,CUST-0229,2025-10-18,128.74,Wire Transfer,Failed,338
TX-002136,CUST-0229,2025-03-27,98.48,Wire Transfer,Completed,134
TX-002137,CUST-0229,2025-03-31,-447.81,ACH Direct Debit,Failed,357
TX-002138,CUST-0229,2025-08-25,233.97,ACH Direct Debit,Completed,90
TX-002139,CUST-0229,2026-01-02,1798.36,PayPal,Failed,2710
TX-002140,CUST-0229,2025-07-16,404.52,PayPal,Completed,195
TX-002141,CUST-0229,2025-06-13,335.44,Credit Card,Completed,118
TX-002142,CUST-0229,2026-02-07,256.82,Wire Transfer,Completed,356
TX-002143,CUST-0229,2025-06-11,175.39,Credit Card,Completed,376
TX-002144,CUST-0229,2025-01-18,31.72,ACH Direct Debit,Completed,83
TX-002145,CUST-0230,2025-01-02,203.93,ACH Direct Debit,Failed,243
TX-002146,CUST-0230,2025-08-13,422.02,ACH Direct Debit,Completed,98
TX-002147,CUST-0230,2025-08-05,156.28,PayPal,Completed,406
TX-002148,CUST-0230,2025-06-03,437.73,Credit Card,Refunded,190
TX-002149,CUST-0230,2026-02-18,240.1,PayPal,Completed,279
TX-002150,CUST-0231,2025-11-13,250.63,Wire Transfer,Completed,82
TX-002151,CUST-0231,2025-08-09,227.25,ACH Direct Debit,Completed,358
TX-002152,CUST-0231,2025-03-23,212.55,ACH Direct Debit,Completed,82
TX-002153,CUST-0231,2025-10-13,291.05,ACH Direct Debit,Completed,364
TX-002154,CUST-0231,2026-02-05,318.75,ACH Direct Debit,Completed,264
TX-002155,CUST-0231,2025-04-03,200.62,ACH Direct Debit,Completed,366
TX-002156,CUST-0231,2025-01-12,355.81,Wire Transfer,Failed,86
TX-002157,CUST-0231,2025-08-09,444.15,Wire Transfer,Completed,258
TX-002158,CUST-0231,2025-07-14,36.91,PayPal,Completed,358
TX-002159,CUST-0231,2025-03-13,472.15,PayPal,Completed,259
TX-002160,CUST-0231,2025-03-02,246.47,Wire Transfer,Completed,121
TX-002161,CUST-0231,2025-09-07,169.49,Wire Transfer,Completed,113
TX-002162,CUST-0231,2025-05-24,73.19,ACH Direct Debit,Failed,281
TX-002163,CUST-0231,2025-05-17,113.2,Credit Card,Completed,319
TX-002164,CUST-0231,2025-08-19,55.1,PayPal,Completed,210
TX-002165,CUST-0232,2025-03-09,79.46,Credit Card,Completed,225
TX-002166,CUST-0232,2025-06-13,234.51,Wire Transfer,Completed,76
TX-002167,CUST-0232,2025-03-06,426.95,Credit Card,Completed,75
TX-002168,CUST-0232,2026-01-11,53.4,PayPal,Failed,187
TX-002169,CUST-0232,2025-07-29,159.3,Wire Transfer,Completed,162
TX-002170,CUST-0232,2025-05-23,428.38,PayPal,Completed,165
TX-002171,CUST-0232,2026-01-05,446.18,Wire Transfer,Completed,104
TX-002172,CUST-0233,2025-12-19,153.05,ACH Direct Debit,Completed,121
TX-002173,CUST-0233,2025-02-07,213.06,Credit Card,Completed,266
TX-002174,CUST-0233,2025-01-31,399.56,Credit Card,Completed,403
TX-002175,CUST-0233,2025-02-16,84.6,ACH Direct Debit,Completed,75
TX-002176,CUST-0233,2026-02-18,81.33,ACH Direct Debit,Completed,119
TX-002177,CUST-0234,2026-01-18,443.65,ACH Direct Debit,Failed,191
TX-002178,CUST-0234,2025-01-28,415.78,Credit Card,Completed,97
TX-002179,CUST-0234,2026-02-19,232.19,ACH Direct Debit,Completed,82
TX-002180,CUST-0234,2025-05-12,455.84,PayPal,Completed,409
TX-002181,CUST-0235,2025-12-31,183.8,ACH Direct Debit,Completed,405
TX-002182,CUST-0235,2025-07-31,308.76,PayPal,Completed,286
TX-002183,CUST-0235,2025-05-23,479.58,Credit Card,Completed,286
TX-002184,CUST-0235,2025-11-16,402.72,Wire Transfer,Refunded,147
TX-002185,CUST-0235,2026-02-17,176.1,Credit Card,Completed,184
TX-002186,CUST-0235,2025-01-19,151.17,ACH Direct Debit,Completed,255
TX-002187,CUST-0235,2025-04-24,351.76,PayPal,Completed,226
TX-002188,CUST-0235,2025-08-13,150.34,Wire Transfer,Completed,198
TX-002189,CUST-0235,2025-08-04,279.07,ACH Direct Debit,Refunded,214
TX-002190,CUST-0235,2025-01-20,380.31,PayPal,Completed,376
TX-002191,CUST-0235,2025-06-03,467.55,Wire Transfer,Completed,355
TX-002192,CUST-0236,2026-02-14,137.09,PayPal,Failed,397
TX-002193,CUST-0236,2025-07-27,460.05,ACH Direct Debit,Completed,244
TX-002194,CUST-0236,2026-02-22,238.84,ACH Direct Debit,Completed,100
TX-002195,CUST-0236,2025-11-14,187.71,Wire Transfer,Completed,278
TX-002196,CUST-0236,2026-01-09,417.59,PayPal,Failed,351
TX-002197,CUST-0236,2025-02-24,49.98,Credit Card,Completed,233
TX-002198,CUST-0236,2025-04-30,76.87,ACH Direct Debit,Completed,126
TX-002199,CUST-0236,2025-02-18,312.48,PayPal,Completed,147
TX-002200,CUST-0237,2025-08-16,350.53,Credit Card,Completed,165
TX-002201,CUST-0237,2025-07-27,367.03,PayPal,Completed,194
TX-002202,CUST-0237,2025-12-24,472.03,Wire Transfer,Completed,75
TX-002203,CUST-0237,2025-04-04,235.74,Credit Card,Completed,364
TX-002204,CUST-0237,2025-01-06,104.22,Credit Card,Completed,100
TX-002205,CUST-0237,2025-06-22,130.86,PayPal,Completed,168
TX-002206,CUST-0237,2026-02-13,337.7,PayPal,Completed,207
TX-002207,CUST-0237,2025-01-17,235.89,ACH Direct Debit,Completed,327
TX-002208,CUST-0237,2025-12-27,119.89,PayPal,Completed,379
TX-002209,CUST-0237,2025-12-29,379.29,Wire Transfer,Completed,404
TX-002210,CUST-0237,2025-12-08,382.97,PayPal,Refunded,79
TX-002211,CUST-0237,2025-12-13,322.36,Credit Card,Completed,81
TX-002212,CUST-0237,2025-01-02,160.39,ACH Direct Debit,Completed,91
TX-002213,CUST-0237,2025-01-24,268.05,PayPal,Completed,220
TX-002214,CUST-0238,2025-11-11,457.63,Wire Transfer,Completed,409
TX-002215,CUST-0238,2025-10-07,198.81,PayPal,Completed,199
TX-002216,CUST-0238,2025-03-17,51.48,ACH Direct Debit,Completed,92
TX-002217,CUST-0238,2025-10-19,3830.99,Credit Card,Refunded,3839
TX-002218,CUST-0238,2025-02-07,286.97,Wire Transfer,Completed,319
TX-002219,CUST-0238,2025-09-03,265.45,Wire Transfer,Completed,139
TX-002220,CUST-0238,2025-12-06,121.11,PayPal,Completed,232
TX-002221,CUST-0238,2025-04-26,39.64,Wire Transfer,Completed,309
TX-002222,CUST-0238,2025-06-21,184.2,Credit Card,Completed,399
TX-002223,CUST-0238,2025-02-07,261.82,ACH Direct Debit,Completed,235
TX-002224,CUST-0238,2025-04-05,164.36,Credit Card,Completed,205
TX-002225,CUST-0238,2025-11-18,117.78,Wire Transfer,Completed,151
TX-002226,CUST-0238,2025-06-07,185.58,Credit Card,Completed,82
TX-002227,CUST-0239,2025-01-21,332.28,Credit Card,Completed,98
TX-002228,CUST-0239,2025-11-23,389.22,Wire Transfer,Completed,286
TX-002229,CUST-0239,2025-01-08,101.19,ACH Direct Debit,Completed,120
TX-002230,CUST-0239,2025-04-23,403.45,PayPal,Completed,78
TX-002231,CUST-0239,2025-08-22,187.02,ACH Direct Debit,Completed,363
TX-002232,CUST-0239,2025-06-15,432.89,ACH Direct Debit,Completed,119
TX-002233,CUST-0239,2025-06-09,108.72,Wire Transfer,Completed,198
TX-002234,CUST-0239,2026-02-13,33.98,Wire Transfer,Completed,309
TX-002235,CUST-0239,2025-02-09,150.24,Wire Transfer,Completed,87
TX-002236,CUST-0239,2025-01-01,456.45,Wire Transfer,Completed,251
TX-002237,CUST-0239,2026-01-01,3502.16,Wire Transfer,Failed,2189
TX-002238,CUST-0239,2025-02-04,195.71,ACH Direct Debit,Completed,138
TX-002239,CUST-0240,2025-01-03,352.61,Credit Card,Completed,297
TX-002240,CUST-0240,2025-09-15,235.17,Credit Card,Completed,245
TX-002241,CUST-0240,2026-01-09,306.61,ACH Direct Debit,Completed,312
TX-002242,CUST-0240,2025-03-27,360.87,Credit Card,Completed,359
TX-002243,CUST-0240,2026-01-20,496.44,Wire Transfer,Completed,196
TX-002244,CUST-0240,2025-02-04,287.32,ACH Direct Debit,Completed,154
TX-002245,CUST-0240,2025-03-30,407.74,Credit Card,Completed,234
TX-002246,CUST-0240,2025-09-21,94.91,Credit Card,Completed,319
TX-002247,CUST-0240,2025-04-01,289.06,Wire Transfer,Completed,349
TX-002248,CUST-0240,2025-03-11,341.37,PayPal,Completed,204
TX-002249,CUST-0240,2025-09-07,494.08,Credit Card,Failed,142
TX-002250,CUST-0240,2025-02-03,228.09,Wire Transfer,Completed,259
TX-002251,CUST-0240,2025-12-25,34.8,Wire Transfer,Completed,396
TX-002252,CUST-0240,2025-01-19,328.0,Wire Transfer,Failed,216
TX-002253,CUST-0241,2025-03-09,91.37,Wire Transfer,Completed,258
TX-002254,CUST-0241,2025-12-23,441.63,Wire Transfer,Completed,174
TX-002255,CUST-0241,2025-09-15,73.96,ACH Direct Debit,Completed,99
TX-002256,CUST-0241,2025-04-11,31.36,Wire Transfer,Completed,104
TX-002257,CUST-0241,2025-08-14,244.75,Wire Transfer,Completed,374
TX-002258,CUST-0241,2025-03-09,390.92,Credit Card,Completed,408
TX-002259,CUST-0242,2025-12-16,445.23,ACH Direct Debit,Completed,112
TX-002260,CUST-0242,2025-11-08,49.21,Wire Transfer,Completed,373
TX-002261,CUST-0242,2025-03-03,473.73,PayPal,Completed,201
TX-002262,CUST-0242,2025-02-04,321.44,Wire Transfer,Completed,152
TX-002263,CUST-0242,2025-03-02,1894.65,ACH Direct Debit,Refunded,3162
TX-002264,CUST-0242,2025-07-21,246.44,ACH Direct Debit,Completed,95
TX-002265,CUST-0242,2025-03-20,69.53,Credit Card,Completed,276
TX-002266,CUST-0242,2025-06-05,303.17,Credit Card,Completed,205
TX-002267,CUST-0242,2025-08-14,483.7,Wire Transfer,Completed,175
TX-002268,CUST-0243,2025-04-26,296.75,ACH Direct Debit,Completed,229
TX-002269,CUST-0243,2025-03-27,243.2,ACH Direct Debit,Completed,161
TX-002270,CUST-0243,2025-03-02,71.58,ACH Direct Debit,Completed,205
TX-002271,CUST-0243,2025-12-07,94.6,PayPal,Failed,250
TX-002272,CUST-0243,2025-05-17,346.55,Credit Card,Completed,338
TX-002273,CUST-0243,2025-10-01,375.43,Credit Card,Failed,379
TX-002274,CUST-0243,2026-01-14,322.7,PayPal,Completed,402
TX-002275,CUST-0243,2026-02-25,364.27,PayPal,Completed,367
TX-002276,CUST-0243,2025-04-23,124.48,PayPal,Completed,197
TX-002277,CUST-0243,2025-08-24,487.83,PayPal,Completed,262
TX-002278,CUST-0243,2025-09-30,140.85,Credit Card,Failed,178
TX-002279,CUST-0243,2026-02-19,354.08,ACH Direct Debit,Completed,262
TX-002280,CUST-0243,2025-07-27,43.16,ACH Direct Debit,Completed,211
TX-002281,CUST-0243,2026-02-03,372.05,ACH Direct Debit,Completed,363
TX-002282,CUST-0244,2026-02-12,243.16,PayPal,Completed,212
TX-002283,CUST-0244,2025-04-13,199.43,PayPal,Completed,264
TX-002284,CUST-0244,2025-07-21,211.73,Credit Card,Completed,332
TX-002285,CUST-0244,2025-08-09,128.05,PayPal,Completed,115
TX-002286,CUST-0244,2025-07-09,40.4,PayPal,Completed,79
TX-002287,CUST-0244,2025-09-18,71.14,PayPal,Completed,279
TX-002288,CUST-0244,2026-02-07,471.78,ACH Direct Debit,Completed,278
TX-002289,CUST-0244,2025-04-04,83.04,PayPal,Completed,81
TX-002290,CUST-0245,2025-05-03,202.93,ACH Direct Debit,Completed,135
TX-002291,CUST-0245,2025-03-04,468.57,Wire Transfer,Failed,416
TX-002292,CUST-0245,2025-05-07,402.54,PayPal,Completed,287
TX-002293,CUST-0245,2026-02-02,178.87,ACH Direct Debit,Completed,103
TX-002294,CUST-0245,2025-04-23,339.16,Credit Card,Failed,128
TX-002295,CUST-0246,2025-10-01,333.44,PayPal,Failed,328
TX-002296,CUST-0246,2025-03-27,96.78,ACH Direct Debit,Completed,263
TX-002297,CUST-0246,2025-02-17,460.59,PayPal,Completed,237
TX-002298,CUST-0247,2025-12-03,161.3,ACH Direct Debit,Completed,296
TX-002299,CUST-0247,2025-05-13,155.52,ACH Direct Debit,Completed,330
TX-002300,CUST-0247,2025-04-10,332.12,Credit Card,Failed,406
TX-002301,CUST-0247,2025-12-21,278.65,ACH Direct Debit,Completed,150
TX-002302,CUST-0247,2025-08-25,242.89,ACH Direct Debit,Completed,279
TX-002303,CUST-0247,2025-04-07,1176.5,PayPal,Failed,1753
TX-002304,CUST-0247,2026-02-22,101.68,PayPal,Completed,349
TX-002305,CUST-0247,2025-06-16,335.07,Wire Transfer,Completed,98
TX-002306,CUST-0247,2025-09-05,432.48,Wire Transfer,Completed,140
TX-002307,CUST-0247,2025-06-13,247.66,Credit Card,Completed,174
TX-002308,CUST-0247,2025-11-06,171.53,Wire Transfer,Completed,138
TX-002309,CUST-0247,2026-01-26,217.06,Wire Transfer,Completed,119
TX-002310,CUST-0247,2025-01-18,123.28,Wire Transfer,Completed,393
TX-002311,CUST-0247,2025-09-23,394.52,Wire Transfer,Completed,88
TX-002312,CUST-0247,2025-10-22,371.34,PayPal,Completed,201
TX-002313,CUST-0247,2025-11-12,195.56,Wire Transfer,Completed,412
TX-002314,CUST-0248,2025-03-28,100.86,Wire Transfer,Completed,301
TX-002315,CUST-0248,2025-09-25,313.59,ACH Direct Debit,Completed,222
TX-002316,CUST-0248,2025-12-20,355.94,Wire Transfer,Completed,188
TX-002317,CUST-0248,2025-03-08,136.52,Credit Card,Completed,334
TX-002318,CUST-0248,2025-08-29,216.64,Credit Card,Refunded,357
TX-002319,CUST-0249,2025-04-06,212.87,Wire Transfer,Completed,136
TX-002320,CUST-0249,2025-04-13,209.13,ACH Direct Debit,Completed,326
TX-002321,CUST-0249,2025-02-21,196.48,Wire Transfer,Completed,358
TX-002322,CUST-0249,2025-12-28,72.13,ACH Direct Debit,Completed,416
TX-002323,CUST-0249,2025-12-29,388.16,ACH Direct Debit,Completed,207
TX-002324,CUST-0249,2025-04-13,182.43,Wire Transfer,Completed,142
TX-002325,CUST-0249,2025-12-20,491.76,Credit Card,Completed,157
TX-002326,CUST-0249,2025-11-21,79.88,PayPal,Refunded,204
TX-002327,CUST-0249,2025-10-14,495.48,Wire Transfer,Completed,364
TX-002328,CUST-0249,2025-04-02,375.1,PayPal,Completed,104
TX-002329,CUST-0249,2025-04-19,204.65,ACH Direct Debit,Completed,274
TX-002330,CUST-0250,2026-02-13,144.98,PayPal,Completed,133
TX-002331,CUST-0250,2025-07-23,351.33,Credit Card,Completed,128
TX-002332,CUST-0250,2025-09-06,344.43,Credit Card,Failed,361
TX-002333,CUST-0250,2025-12-01,293.99,ACH Direct Debit,Completed,412
TX-002334,CUST-0250,2025-03-31,218.61,Wire Transfer,Completed,221
TX-002335,CUST-0250,2025-10-20,419.24,PayPal,Completed,262
TX-002336,CUST-0250,2026-01-10,160.12,Credit Card,Completed,260
TX-002337,CUST-0250,2026-02-14,111.91,ACH Direct Debit,Completed,109
TX-002338,CUST-0250,2026-01-04,155.8,ACH Direct Debit,Completed,419
TX-002339,CUST-0250,2025-05-20,37.95,ACH Direct Debit,Completed,121
TX-002340,CUST-0250,2025-10-31,492.84,PayPal,Completed,305
TX-002341,CUST-0250,2026-02-17,116.89,Credit Card,Completed,75
TX-002342,CUST-0250,2025-05-10,109.3,ACH Direct Debit,Completed,416
TX-002343,CUST-0250,2025-02-19,93.9,Wire Transfer,Completed,151
TX-002344,CUST-0250,2025-10-20,144.52,ACH Direct Debit,Completed,392
TX-002345,CUST-0250,2025-07-27,47.08,Wire Transfer,Completed,317
TX-002346,CUST-0251,2025-09-09,449.8,Wire Transfer,Refunded,383
TX-002347,CUST-0251,2025-03-09,235.79,PayPal,Completed,89
TX-002348,CUST-0251,2025-12-23,301.08,ACH Direct Debit,Completed,393
TX-002349,CUST-0251,2025-06-30,141.5,PayPal,Failed,181
TX-002350,CUST-0251,2025-04-14,84.19,Wire Transfer,Completed,270
TX-002351,CUST-0251,2025-01-16,478.29,Wire Transfer,Completed,371
TX-002352,CUST-0251,2025-04-30,88.6,PayPal,Completed,136
TX-002353,CUST-0251,2025-01-13,394.06,PayPal,Completed,268
TX-002354,CUST-0251,2025-10-16,330.84,Credit Card,Completed,220
TX-002355,CUST-0252,2025-03-13,227.81,ACH Direct Debit,Completed,277
TX-002356,CUST-0252,2025-09-12,218.43,PayPal,Completed,378
TX-002357,CUST-0252,2025-02-15,227.3,Credit Card,Completed,252
TX-002358,CUST-0253,2025-06-19,45.52,Wire Transfer,Completed,255
TX-002359,CUST-0253,2025-08-29,123.61,ACH Direct Debit,Refunded,272
TX-002360,CUST-0253,2025-11-12,117.64,PayPal,Completed,115
TX-002361,CUST-0253,2025-03-12,297.58,PayPal,Completed,239
TX-002362,CUST-0253,2025-10-31,2541.77,Wire Transfer,Failed,1951
TX-002363,CUST-0253,2025-08-25,224.36,Credit Card,Completed,228
TX-002364,CUST-0253,2025-06-10,318.62,PayPal,Completed,392
TX-002365,CUST-0254,2025-07-21,193.88,PayPal,Completed,411
TX-002366,CUST-0254,2025-06-19,384.25,PayPal,Completed,224
TX-002367,CUST-0254,2025-12-30,150.98,ACH Direct Debit,Completed,231
TX-002368,CUST-0254,2025-10-19,466.16,PayPal,Completed,386
TX-002369,CUST-0254,2025-05-22,301.81,ACH Direct Debit,Completed,369
TX-002370,CUST-0254,2025-05-16,38.07,Wire Transfer,Completed,411
TX-002371,CUST-0254,2025-03-16,135.53,ACH Direct Debit,Completed,331
TX-002372,CUST-0254,2026-01-06,469.53,PayPal,Completed,417
TX-002373,CUST-0254,2025-02-21,147.11,ACH Direct Debit,Refunded,79
TX-002374,CUST-0254,2025-03-08,58.77,ACH Direct Debit,Completed,320
TX-002375,CUST-0254,2025-06-17,171.64,ACH Direct Debit,Completed,253
TX-002376,CUST-0254,2025-07-09,188.24,Wire Transfer,Completed,142
TX-002377,CUST-0255,2025-05-06,34.78,PayPal,Completed,365
TX-002378,CUST-0255,2025-07-15,466.58,Credit Card,Completed,387
TX-002379,CUST-0255,2025-01-15,96.47,Credit Card,Completed,257
TX-002380,CUST-0256,2026-01-11,435.97,ACH Direct Debit,Completed,276
TX-002381,CUST-0256,2025-04-08,185.46,ACH Direct Debit,Failed,316
TX-002382,CUST-0256,2026-02-17,67.07,PayPal,Failed,186
TX-002383,CUST-0256,2025-12-28,199.43,ACH Direct Debit,Completed,207
TX-002384,CUST-0256,2025-07-18,134.01,Credit Card,Completed,352
TX-002385,CUST-0256,2025-04-15,169.41,Wire Transfer,Completed,283
TX-002386,CUST-0257,2025-05-08,121.6,Wire Transfer,Completed,168
TX-002387,CUST-0257,2025-12-02,80.66,ACH Direct Debit,Completed,414
TX-002388,CUST-0257,2025-09-16,378.48,Credit Card,Completed,411
TX-002389,CUST-0258,2025-10-10,401.99,Wire Transfer,Completed,408
TX-002390,CUST-0258,2025-10-19,434.37,Wire Transfer,Failed,373
TX-002391,CUST-0258,2026-02-17,337.29,PayPal,Completed,324
TX-002392,CUST-0259,2025-08-27,153.84,PayPal,Completed,229
TX-002393,CUST-0259,2025-01-30,102.93,Wire Transfer,Failed,262
TX-002394,CUST-0259,2025-03-24,413.08,PayPal,Completed,218
TX-002395,CUST-0259,2025-04-03,240.77,Wire Transfer,Completed,156
TX-002396,CUST-0260,2025-03-20,323.1,PayPal,Completed,144
TX-002397,CUST-0260,2025-07-25,299.6,Wire Transfer,Completed,179
TX-002398,CUST-0260,2025-01-12,133.15,Credit Card,Completed,314
TX-002399,CUST-0260,2025-12-10,453.42,Credit Card,Failed,261
TX-002400,CUST-0260,2025-08-13,432.27,PayPal,Completed,319
TX-002401,CUST-0260,2026-01-20,412.5,PayPal,Completed,104
TX-002402,CUST-0260,2025-04-18,56.34,PayPal,Completed,163
TX-002403,CUST-0260,2026-02-22,259.19,Wire Transfer,Completed,185
TX-002404,CUST-0260,2025-01-24,89.72,Credit Card,Failed,109
TX-002405,CUST-0260,2025-02-16,243.48,Wire Transfer,Completed,158
TX-002406,CUST-0260,2025-05-30,54.5,ACH Direct Debit,Completed,299
TX-002407,CUST-0261,2025-05-13,340.46,ACH Direct Debit,Completed,127
TX-002408,CUST-0261,2025-11-25,328.95,Wire Transfer,Completed,208
TX-002409,CUST-0261,2025-05-16,53.52,ACH Direct Debit,Completed,352
TX-002410,CUST-0261,2025-03-20,400.65,Credit Card,Completed,150
TX-002411,CUST-0261,2025-04-03,103.11,PayPal,Completed,374
TX-002412,CUST-0261,2025-07-17,215.28,Wire Transfer,Completed,205
TX-002413,CUST-0261,2025-05-07,258.17,Credit Card,Completed,306
TX-002414,CUST-0261,2026-02-11,117.56,Credit Card,Refunded,119
TX-002415,CUST-0261,2025-09-29,245.21,ACH Direct Debit,Completed,195
TX-002416,CUST-0261,2026-02-18,461.56,Credit Card,Completed,417
TX-002417,CUST-0261,2025-08-21,431.88,Credit Card,Completed,323
TX-002418,CUST-0261,2026-02-13,325.76,PayPal,Completed,152
TX-002419,CUST-0261,2025-12-22,196.83,Wire Transfer,Completed,131
TX-002420,CUST-0261,2025-03-31,96.79,Wire Transfer,Completed,273
TX-002421,CUST-0261,2025-04-23,292.05,PayPal,Completed,85
TX-002422,CUST-0261,2025-03-18,97.84,PayPal,Completed,267
TX-002423,CUST-0262,2025-11-27,209.78,Credit Card,Completed,174
TX-002424,CUST-0262,2025-12-21,283.6,ACH Direct Debit,Completed,223
TX-002425,CUST-0262,2025-01-10,173.22,PayPal,Completed,330
TX-002426,CUST-0262,2025-01-07,157.35,PayPal,Completed,160
TX-002427,CUST-0262,2025-11-11,351.06,PayPal,Completed,253
TX-002428,CUST-0262,2025-04-08,400.37,Wire Transfer,Completed,206
TX-002429,CUST-0262,2025-07-23,230.76,PayPal,Failed,156
TX-002430,CUST-0262,2025-08-01,139.59,Wire Transfer,Completed,329
TX-002431,CUST-0262,2025-03-23,458.66,ACH Direct Debit,Completed,83
TX-002432,CUST-0262,2025-06-28,285.09,PayPal,Completed,384
TX-002433,CUST-0262,2025-10-21,370.81,Credit Card,Completed,378
TX-002434,CUST-0262,2025-06-15,464.31,Wire Transfer,Completed,285
TX-002435,CUST-0263,2025-06-12,178.43,ACH Direct Debit,Completed,372
TX-002436,CUST-0263,2025-05-06,247.74,Wire Transfer,Completed,153
TX-002437,CUST-0263,2025-11-15,369.68,ACH Direct Debit,Completed,167
TX-002438,CUST-0263,2025-02-08,187.56,PayPal,Completed,338
TX-002439,CUST-0263,2025-02-19,121.43,Credit Card,Completed,189
TX-002440,CUST-0263,2025-01-23,158.13,Wire Transfer,Completed,189
TX-002441,CUST-0263,2025-02-02,414.89,Wire Transfer,Completed,152
TX-002442,CUST-0263,2026-02-05,65.85,Credit Card,Completed,336
TX-002443,CUST-0263,2025-12-31,205.07,ACH Direct Debit,Completed,297
TX-002444,CUST-0263,2025-07-25,2139.33,PayPal,Refunded,1949
TX-002445,CUST-0263,2025-10-12,282.5,Credit Card,Completed,231
TX-002446,CUST-0263,2025-01-22,403.47,ACH Direct Debit,Completed,332
TX-002447,CUST-0264,2025-11-23,276.48,ACH Direct Debit,Completed,235
TX-002448,CUST-0264,2025-11-23,218.81,Credit Card,Completed,279
TX-002449,CUST-0264,2025-11-02,234.61,Credit Card,Completed,226
TX-002450,CUST-0264,2025-11-09,96.23,Wire Transfer,Completed,149
TX-002451,CUST-0264,2025-04-04,38.04,PayPal,Completed,98
TX-002452,CUST-0264,2025-09-30,131.97,Credit Card,Completed,219
TX-002453,CUST-0264,2025-02-16,251.4,ACH Direct Debit,Completed,153
TX-002454,CUST-0264,2025-10-29,316.42,Credit Card,Completed,217
TX-002455,CUST-0264,2025-11-30,105.62,Credit Card,Completed,131
TX-002456,CUST-0264,2025-01-30,133.09,Wire Transfer,Completed,284
TX-002457,CUST-0265,2025-01-02,59.32,PayPal,Completed,175
TX-002458,CUST-0265,2025-04-10,285.67,Credit Card,Completed,124
TX-002459,CUST-0265,2025-06-17,410.52,Credit Card,Completed,346
TX-002460,CUST-0265,2025-07-01,289.98,Wire Transfer,Completed,288
TX-002461,CUST-0265,2025-12-04,395.83,ACH Direct Debit,Completed,106
TX-002462,CUST-0265,2025-10-01,357.83,Wire Transfer,Completed,309
TX-002463,CUST-0265,2025-04-27,113.34,ACH Direct Debit,Completed,180
TX-002464,CUST-0265,2025-12-11,401.11,ACH Direct Debit,Completed,184
TX-002465,CUST-0265,2026-01-18,69.15,ACH Direct Debit,Completed,133
TX-002466,CUST-0265,2025-04-01,216.9,Credit Card,Completed,297
TX-002467,CUST-0265,2025-01-01,487.38,Wire Transfer,Completed,414
TX-002468,CUST-0265,2025-04-13,453.03,Wire Transfer,Completed,153
TX-002469,CUST-0265,2025-06-28,451.92,Credit Card,Completed,382
TX-002470,CUST-0265,2025-09-28,254.13,ACH Direct Debit,Completed,85
TX-002471,CUST-0266,2025-07-17,74.64,Wire Transfer,Completed,397
TX-002472,CUST-0266,2025-01-04,328.36,PayPal,Completed,342
TX-002473,CUST-0266,2025-05-07,392.05,ACH Direct Debit,Completed,314
TX-002474,CUST-0266,2025-03-01,246.5,ACH Direct Debit,Completed,131
TX-002475,CUST-0266,2025-10-24,431.02,PayPal,Completed,352
TX-002476,CUST-0266,2025-12-05,263.81,Wire Transfer,Refunded,83
TX-002477,CUST-0266,2025-12-26,213.67,Wire Transfer,Completed,279
TX-002478,CUST-0266,2025-11-10,438.84,ACH Direct Debit,Completed,123
TX-002479,CUST-0266,2025-04-15,174.78,Wire Transfer,Completed,364
TX-002480,CUST-0266,2025-06-25,183.29,Credit Card,Completed,418
TX-002481,CUST-0267,2025-08-16,376.94,Credit Card,Completed,371
TX-002482,CUST-0267,2025-08-16,156.02,PayPal,Completed,391
TX-002483,CUST-0267,2025-02-02,389.3,Credit Card,Completed,277
TX-002484,CUST-0267,2025-10-11,397.47,PayPal,Completed,329
TX-002485,CUST-0267,2025-12-18,320.37,Wire Transfer,Completed,282
TX-002486,CUST-0267,2026-02-15,315.88,ACH Direct Debit,Completed,229
TX-002487,CUST-0267,2025-05-05,165.82,ACH Direct Debit,Completed,397
TX-002488,CUST-0267,2026-01-11,303.32,PayPal,Refunded,129
TX-002489,CUST-0267,2026-02-02,304.61,Wire Transfer,Completed,223
TX-002490,CUST-0267,2025-12-06,330.8,Wire Transfer,Completed,80
TX-002491,CUST-0267,2025-03-02,422.78,ACH Direct Debit,Completed,158
TX-002492,CUST-0267,2025-01-21,216.45,Credit Card,Completed,383
TX-002493,CUST-0267,2025-10-06,114.2,Credit Card,Completed,204
TX-002494,CUST-0267,2026-01-30,134.08,Wire Transfer,Completed,351
TX-002495,CUST-0267,2025-12-07,408.11,Wire Transfer,Completed,231
TX-002496,CUST-0268,2025-11-01,376.34,ACH Direct Debit,Completed,129
TX-002497,CUST-0268,2025-05-02,36.85,Credit Card,Completed,303
TX-002498,CUST-0268,2025-01-25,30.3,ACH Direct Debit,Completed,251
TX-002499,CUST-0268,2025-02-22,308.32,Wire Transfer,Completed,380
TX-002500,CUST-0268,2025-01-09,458.25,PayPal,Completed,273
TX-002501,CUST-0268,2026-01-28,295.71,PayPal,Completed,352
TX-002502,CUST-0268,2025-08-10,240.95,Credit Card,Completed,320
TX-002503,CUST-0268,2025-12-01,85.61,Credit Card,Completed,287
TX-002504,CUST-0268,2025-01-16,83.11,Credit Card,Completed,293
TX-002505,CUST-0268,2025-01-25,138.54,PayPal,Failed,230
TX-002506,CUST-0268,2025-03-09,312.68,PayPal,Completed,276
TX-002507,CUST-0268,2025-08-05,292.55,Credit Card,Completed,266
TX-002508,CUST-0269,2025-03-14,400.08,ACH Direct Debit,Completed,240
TX-002509,CUST-0269,2025-09-02,94.36,Wire Transfer,Completed,166
TX-002510,CUST-0269,2025-03-05,316.22,PayPal,Failed,185
TX-002511,CUST-0269,2025-08-14,402.77,ACH Direct Debit,Completed,232
TX-002512,CUST-0269,2025-06-05,284.36,Wire Transfer,Completed,241
TX-002513,CUST-0269,2025-11-04,235.42,PayPal,Completed,193
TX-002514,CUST-0269,2025-01-04,259.88,PayPal,Completed,145
TX-002515,CUST-0269,2025-04-22,77.76,Wire Transfer,Completed,380
TX-002516,CUST-0269,2025-07-21,90.03,Credit Card,Failed,121
TX-002517,CUST-0270,2026-02-03,251.98,ACH Direct Debit,Completed,402
TX-002518,CUST-0270,2025-09-11,103.81,Wire Transfer,Completed,349
TX-002519,CUST-0270,2025-11-13,192.86,PayPal,Completed,420
TX-002520,CUST-0270,2025-03-29,115.04,PayPal,Completed,162
TX-002521,CUST-0270,2025-03-13,365.02,PayPal,Completed,282
TX-002522,CUST-0270,2025-09-08,203.07,Credit Card,Completed,109
TX-002523,CUST-0270,2025-09-28,430.29,PayPal,Completed,232
TX-002524,CUST-0270,2025-08-18,243.43,Wire Transfer,Completed,192
TX-002525,CUST-0270,2025-07-02,393.02,PayPal,Completed,345
TX-002526,CUST-0270,2025-02-27,421.64,PayPal,Completed,135
TX-002527,CUST-0270,2025-12-26,408.72,Wire Transfer,Completed,177
TX-002528,CUST-0270,2025-01-19,186.68,Wire Transfer,Completed,348
TX-002529,CUST-0270,2025-03-05,279.03,Wire Transfer,Completed,110
TX-002530,CUST-0270,2025-11-26,274.95,Credit Card,Completed,168
TX-002531,CUST-0271,2025-08-31,267.83,Wire Transfer,Completed,360
TX-002532,CUST-0271,2025-09-03,285.35,ACH Direct Debit,Completed,221
TX-002533,CUST-0271,2025-04-05,178.51,PayPal,Completed,167
TX-002534,CUST-0271,2025-07-29,183.56,ACH Direct Debit,Completed,242
TX-002535,CUST-0271,2026-02-20,408.72,Credit Card,Completed,126
TX-002536,CUST-0271,2025-07-02,229.68,ACH Direct Debit,Completed,224
TX-002537,CUST-0271,2025-09-12,71.18,ACH Direct Debit,Failed,268
TX-002538,CUST-0271,2025-10-29,468.11,ACH Direct Debit,Completed,189
TX-002539,CUST-0271,2025-03-11,306.2,ACH Direct Debit,Completed,267
TX-002540,CUST-0271,2025-05-15,486.68,Credit Card,Completed,387
TX-002541,CUST-0271,2025-12-20,47.36,ACH Direct Debit,Completed,379
TX-002542,CUST-0272,2025-10-23,37.97,Credit Card,Completed,249
TX-002543,CUST-0272,2025-10-04,309.39,Wire Transfer,Completed,223
TX-002544,CUST-0272,2025-11-30,168.56,PayPal,Completed,338
TX-002545,CUST-0272,2025-11-14,383.01,ACH Direct Debit,Completed,418
TX-002546,CUST-0272,2025-10-26,204.23,ACH Direct Debit,Completed,264
TX-002547,CUST-0272,2025-06-18,328.5,Credit Card,Completed,341
TX-002548,CUST-0273,2025-10-31,54.13,ACH Direct Debit,Completed,300
TX-002549,CUST-0273,2026-01-10,283.24,Credit Card,Completed,414
TX-002550,CUST-0273,2026-02-24,94.7,ACH Direct Debit,Completed,171
TX-002551,CUST-0273,2025-02-11,247.2,PayPal,Completed,372
TX-002552,CUST-0273,2025-06-18,411.12,Wire Transfer,Completed,180
TX-002553,CUST-0273,2025-09-25,497.61,Wire Transfer,Completed,128
TX-002554,CUST-0273,2025-11-23,43.95,Credit Card,Completed,249
TX-002555,CUST-0273,2026-02-01,68.5,Credit Card,Completed,326
TX-002556,CUST-0273,2025-05-21,474.27,Credit Card,Completed,80
TX-002557,CUST-0273,2026-01-13,403.62,Wire Transfer,Completed,368
TX-002558,CUST-0273,2025-02-23,239.29,ACH Direct Debit,Completed,264
TX-002559,CUST-0273,2025-08-05,305.04,PayPal,Completed,266
TX-002560,CUST-0273,2026-01-17,267.16,Credit Card,Failed,312
TX-002561,CUST-0273,2026-01-29,422.98,Credit Card,Completed,139
TX-002562,CUST-0273,2026-01-18,379.87,Credit Card,Completed,198
TX-002563,CUST-0273,2025-01-06,146.85,ACH Direct Debit,Completed,139
TX-002564,CUST-0274,2025-03-10,333.77,ACH Direct Debit,Completed,137
TX-002565,CUST-0274,2025-01-22,299.76,Credit Card,Completed,242
TX-002566,CUST-0274,2025-09-15,367.07,Wire Transfer,Completed,242
TX-002567,CUST-0274,2025-06-03,129.72,PayPal,Completed,280
TX-002568,CUST-0274,2025-12-23,403.69,ACH Direct Debit,Completed,180
TX-002569,CUST-0274,2025-03-13,460.06,ACH Direct Debit,Completed,253
TX-002570,CUST-0274,2025-10-18,145.31,Credit Card,Completed,391
TX-002571,CUST-0275,2025-06-20,285.94,PayPal,Completed,295
TX-002572,CUST-0275,2025-08-19,342.86,ACH Direct Debit,Completed,246
TX-002573,CUST-0275,2025-05-03,304.85,Credit Card,Completed,257
TX-002574,CUST-0275,2025-02-21,208.52,Wire Transfer,Completed,389
TX-002575,CUST-0275,2025-09-18,458.18,Wire Transfer,Completed,168
TX-002576,CUST-0275,2025-10-06,309.42,Credit Card,Completed,407
TX-002577,CUST-0275,2025-06-25,459.63,PayPal,Completed,341
TX-002578,CUST-0275,2025-05-12,62.28,Credit Card,Completed,286
TX-002579,CUST-0275,2025-11-16,499.61,Wire Transfer,Completed,240
TX-002580,CUST-0275,2025-06-21,281.64,PayPal,Completed,228
TX-002581,CUST-0275,2025-01-22,488.4,Credit Card,Completed,94
TX-002582,CUST-0275,2025-03-11,260.5,ACH Direct Debit,Completed,210
TX-002583,CUST-0275,2025-04-17,228.44,PayPal,Completed,335
TX-002584,CUST-0276,2025-05-13,347.92,Wire Transfer,Completed,345
TX-002585,CUST-0276,2025-10-31,178.98,Credit Card,Completed,86
TX-002586,CUST-0276,2025-08-03,262.79,Credit Card,Completed,412
TX-002587,CUST-0276,2025-10-19,111.64,ACH Direct Debit,Failed,217
TX-002588,CUST-0276,2026-01-27,156.72,Wire Transfer,Completed,254
TX-002589,CUST-0276,2026-01-28,184.47,ACH Direct Debit,Completed,307
TX-002590,CUST-0276,2025-03-05,243.15,ACH Direct Debit,Completed,85
TX-002591,CUST-0276,2026-02-17,289.81,ACH Direct Debit,Completed,136
TX-002592,CUST-0276,2026-02-25,157.36,Wire Transfer,Completed,92
TX-002593,CUST-0276,2025-10-30,266.82,Wire Transfer,Completed,108
TX-002594,CUST-0276,2025-10-08,250.85,Wire Transfer,Failed,258
TX-002595,CUST-0276,2026-01-10,140.0,PayPal,Completed,318
TX-002596,CUST-0276,2025-02-18,1124.79,Wire Transfer,Refunded,1961
TX-002597,CUST-0277,2025-11-23,440.47,ACH Direct Debit,Completed,170
TX-002598,CUST-0277,2025-03-10,193.88,Credit Card,Failed,95
TX-002599,CUST-0277,2025-12-02,428.27,Credit Card,Completed,194
TX-002600,CUST-0277,2026-01-06,336.62,PayPal,Completed,143
TX-002601,CUST-0277,2025-02-03,39.25,PayPal,Completed,328
TX-002602,CUST-0277,2025-02-21,295.56,Wire Transfer,Refunded,265
TX-002603,CUST-0277,2025-10-10,332.33,PayPal,Completed,322
TX-002604,CUST-0277,2025-02-20,478.73,ACH Direct Debit,Completed,148
TX-002605,CUST-0277,2025-01-15,306.07,ACH Direct Debit,Completed,318
TX-002606,CUST-0277,2025-05-11,436.81,PayPal,Completed,179
TX-002607,CUST-0277,2025-02-10,496.17,Credit Card,Completed,148
TX-002608,CUST-0278,2025-12-22,333.47,Credit Card,Completed,289
TX-002609,CUST-0278,2025-01-19,120.44,ACH Direct Debit,Completed,295
TX-002610,CUST-0278,2025-04-21,604.7,Credit Card,Failed,3337
TX-002611,CUST-0278,2025-03-19,396.15,Wire Transfer,Completed,246
TX-002612,CUST-0278,2025-07-20,449.83,PayPal,Completed,144
TX-002613,CUST-0278,2025-04-11,222.36,ACH Direct Debit,Completed,90
TX-002614,CUST-0278,2025-09-01,314.31,Wire Transfer,Completed,124
TX-002615,CUST-0279,2026-02-13,3768.93,Credit Card,Refunded,2385
TX-002616,CUST-0279,2025-04-08,383.74,Credit Card,Completed,306
TX-002617,CUST-0279,2025-02-25,125.97,ACH Direct Debit,Completed,364
TX-002618,CUST-0279,2025-02-08,337.89,PayPal,Completed,170
TX-002619,CUST-0279,2025-06-11,438.97,Credit Card,Completed,218
TX-002620,CUST-0279,2025-09-11,82.15,Credit Card,Completed,110
TX-002621,CUST-0279,2025-08-21,150.71,Wire Transfer,Refunded,102
TX-002622,CUST-0279,2025-04-26,387.0,Wire Transfer,Completed,142
TX-002623,CUST-0280,2025-11-28,216.74,PayPal,Completed,167
TX-002624,CUST-0280,2026-01-22,68.67,PayPal,Completed,415
TX-002625,CUST-0280,2025-06-06,378.7,ACH Direct Debit,Completed,317
TX-002626,CUST-0280,2025-11-12,40.62,PayPal,Completed,290
TX-002627,CUST-0281,2025-02-18,135.59,ACH Direct Debit,Completed,284
TX-002628,CUST-0281,2025-11-05,414.62,Wire Transfer,Refunded,87
TX-002629,CUST-0281,2025-05-19,475.57,PayPal,Completed,258
TX-002630,CUST-0281,2025-02-27,209.66,Credit Card,Completed,129
TX-002631,CUST-0281,2025-06-13,478.89,ACH Direct Debit,Completed,121
TX-002632,CUST-0281,2025-10-04,444.0,ACH Direct Debit,Completed,221
TX-002633,CUST-0281,2025-05-11,255.12,Wire Transfer,Completed,338
TX-002634,CUST-0281,2025-04-20,247.9,PayPal,Completed,79
TX-002635,CUST-0282,2025-08-22,151.64,Credit Card,Completed,193
TX-002636,CUST-0282,2025-10-17,81.48,Wire Transfer,Completed,224
TX-002637,CUST-0282,2025-02-13,235.48,Wire Transfer,Completed,281
TX-002638,CUST-0282,2025-07-21,315.73,PayPal,Completed,140
TX-002639,CUST-0282,2025-04-28,160.94,Credit Card,Completed,298
TX-002640,CUST-0282,2025-09-16,104.13,PayPal,Completed,345
TX-002641,CUST-0282,2025-08-10,118.12,Wire Transfer,Completed,79
TX-002642,CUST-0283,2026-01-16,371.62,PayPal,Completed,150
TX-002643,CUST-0283,2025-06-18,30.7,Credit Card,Completed,186
TX-002644,CUST-0283,2025-01-10,287.82,ACH Direct Debit,Completed,224
TX-002645,CUST-0283,2025-08-21,142.46,Credit Card,Completed,77
TX-002646,CUST-0283,2025-03-04,148.5,Credit Card,Completed,76
TX-002647,CUST-0283,2025-07-16,296.83,Wire Transfer,Completed,152
TX-002648,CUST-0284,2025-09-11,124.72,ACH Direct Debit,Completed,372
TX-002649,CUST-0284,2026-01-14,366.69,PayPal,Completed,79
TX-002650,CUST-0284,2025-06-03,285.36,ACH Direct Debit,Failed,117
TX-002651,CUST-0284,2025-09-03,499.99,PayPal,Completed,95
TX-002652,CUST-0284,2025-12-17,132.99,Wire Transfer,Completed,124
TX-002653,CUST-0284,2025-08-17,68.77,PayPal,Completed,118
TX-002654,CUST-0284,2025-12-22,151.79,PayPal,Failed,368
TX-002655,CUST-0284,2025-03-18,487.21,Credit Card,Completed,208
TX-002656,CUST-0284,2025-02-05,200.62,ACH Direct Debit,Completed,197
TX-002657,CUST-0284,2025-01-16,239.84,PayPal,Completed,369
TX-002658,CUST-0284,2025-05-26,303.54,Wire Transfer,Completed,282
TX-002659,CUST-0284,2026-01-02,55.22,Credit Card,Completed,145
TX-002660,CUST-0284,2026-02-19,95.46,Wire Transfer,Completed,121
TX-002661,CUST-0285,2025-12-01,134.57,Wire Transfer,Failed,222
TX-002662,CUST-0285,2025-07-20,96.15,ACH Direct Debit,Completed,331
TX-002663,CUST-0285,2025-05-15,353.75,PayPal,Completed,314
TX-002664,CUST-0285,2025-11-23,486.34,Wire Transfer,Failed,156
TX-002665,CUST-0285,2025-06-26,-498.0,Credit Card,Failed,255
TX-002666,CUST-0286,2025-11-14,74.51,PayPal,Completed,146
TX-002667,CUST-0286,2025-02-24,288.01,PayPal,Completed,110
TX-002668,CUST-0286,2025-06-27,295.3,Credit Card,Completed,278
TX-002669,CUST-0286,2025-02-01,248.38,ACH Direct Debit,Completed,103
TX-002670,CUST-0286,2025-01-13,55.28,ACH Direct Debit,Completed,199
TX-002671,CUST-0287,2025-01-16,72.17,Wire Transfer,Completed,164
TX-002672,CUST-0287,2025-10-18,375.45,Credit Card,Completed,293
TX-002673,CUST-0287,2025-03-06,43.8,Credit Card,Completed,347
TX-002674,CUST-0287,2025-09-12,375.65,PayPal,Completed,241
TX-002675,CUST-0288,2025-07-15,370.94,Wire Transfer,Completed,231
TX-002676,CUST-0288,2025-08-14,226.91,Credit Card,Completed,399
TX-002677,CUST-0288,2025-02-24,322.36,Wire Transfer,Completed,78
TX-002678,CUST-0288,2026-01-10,175.29,ACH Direct Debit,Completed,207
TX-002679,CUST-0288,2025-02-12,260.85,PayPal,Completed,161
TX-002680,CUST-0288,2026-01-23,77.73,Wire Transfer,Completed,309
TX-002681,CUST-0288,2025-07-21,2514.89,PayPal,Refunded,3213
TX-002682,CUST-0289,2026-02-05,218.09,Credit Card,Completed,141
TX-002683,CUST-0289,2025-11-15,443.28,ACH Direct Debit,Completed,284
TX-002684,CUST-0289,2025-09-19,432.44,ACH Direct Debit,Completed,394
TX-002685,CUST-0289,2025-02-11,341.32,Credit Card,Completed,402
TX-002686,CUST-0289,2025-01-19,224.01,ACH Direct Debit,Completed,336
TX-002687,CUST-0289,2025-06-04,487.57,Wire Transfer,Completed,235
TX-002688,CUST-0289,2025-06-07,55.21,Credit Card,Completed,268
TX-002689,CUST-0289,2025-03-19,70.83,PayPal,Completed,296
TX-002690,CUST-0289,2025-03-25,197.75,ACH Direct Debit,Completed,163
TX-002691,CUST-0289,2025-12-04,354.75,Credit Card,Completed,404
TX-002692,CUST-0289,2025-02-21,345.17,Credit Card,Completed,175
TX-002693,CUST-0289,2025-09-29,98.97,PayPal,Completed,417
TX-002694,CUST-0289,2025-04-26,188.56,Wire Transfer,Completed,222
TX-002695,CUST-0289,2026-01-06,60.44,Credit Card,Completed,375
TX-002696,CUST-0290,2025-07-27,152.05,Credit Card,Completed,252
TX-002697,CUST-0290,2025-01-23,115.42,PayPal,Completed,264
TX-002698,CUST-0290,2025-02-12,407.01,ACH Direct Debit,Completed,90
TX-002699,CUST-0290,2025-01-27,176.15,Wire Transfer,Completed,345
TX-002700,CUST-0290,2025-09-12,96.87,ACH Direct Debit,Completed,403
TX-002701,CUST-0290,2025-01-28,494.1,Wire Transfer,Refunded,106
TX-002702,CUST-0290,2025-02-23,309.5,Credit Card,Completed,378
TX-002703,CUST-0290,2025-02-11,72.05,ACH Direct Debit,Completed,81
TX-002704,CUST-0290,2026-02-21,84.88,ACH Direct Debit,Completed,329
TX-002705,CUST-0291,2025-11-30,290.74,ACH Direct Debit,Completed,128
TX-002706,CUST-0291,2025-03-21,387.46,Credit Card,Refunded,390
TX-002707,CUST-0291,2026-01-05,268.44,ACH Direct Debit,Completed,406
TX-002708,CUST-0291,2026-02-25,276.23,Credit Card,Completed,79
TX-002709,CUST-0291,2025-04-16,480.36,Credit Card,Completed,247
TX-002710,CUST-0291,2025-01-12,252.1,ACH Direct Debit,Completed,345
TX-002711,CUST-0291,2025-09-25,380.0,Credit Card,Completed,314
TX-002712,CUST-0291,2026-01-02,136.55,Credit Card,Completed,287
TX-002713,CUST-0291,2025-10-10,354.42,Wire Transfer,Completed,390
TX-002714,CUST-0291,2025-03-08,450.07,ACH Direct Debit,Completed,376
TX-002715,CUST-0291,2025-05-09,256.13,PayPal,Completed,349
TX-002716,CUST-0291,2025-04-27,48.95,Credit Card,Completed,361
TX-002717,CUST-0291,2025-04-04,405.19,PayPal,Completed,419
TX-002718,CUST-0291,2026-02-06,195.39,Wire Transfer,Completed,331
TX-002719,CUST-0291,2025-11-30,150.74,Wire Transfer,Completed,174
TX-002720,CUST-0292,2025-07-22,483.08,Credit Card,Completed,137
TX-002721,CUST-0292,2026-02-09,496.86,ACH Direct Debit,Completed,270
TX-002722,CUST-0292,2025-05-13,217.25,PayPal,Completed,274
TX-002723,CUST-0292,2025-02-03,235.36,PayPal,Completed,200
TX-002724,CUST-0292,2025-12-23,381.83,Credit Card,Completed,147
TX-002725,CUST-0292,2026-01-12,84.26,ACH Direct Debit,Completed,227
TX-002726,CUST-0293,2025-01-03,2349.36,Wire Transfer,Refunded,1690
TX-002727,CUST-0293,2025-05-25,428.81,Wire Transfer,Completed,132
TX-002728,CUST-0293,2025-10-23,94.37,Wire Transfer,Completed,224
TX-002729,CUST-0293,2025-01-13,34.8,Credit Card,Completed,292
TX-002730,CUST-0294,2025-01-08,178.7,Credit Card,Completed,150
TX-002731,CUST-0294,2025-07-13,253.85,PayPal,Refunded,356
TX-002732,CUST-0294,2025-07-26,365.07,PayPal,Completed,416
TX-002733,CUST-0294,2025-04-30,175.63,Credit Card,Completed,76
TX-002734,CUST-0294,2026-01-25,159.78,Wire Transfer,Completed,207
TX-002735,CUST-0294,2025-09-09,267.62,Credit Card,Completed,292
TX-002736,CUST-0294,2025-06-13,252.06,Credit Card,Completed,239
TX-002737,CUST-0294,2025-03-12,286.62,PayPal,Completed,304
TX-002738,CUST-0294,2026-02-18,76.29,ACH Direct Debit,Completed,265
TX-002739,CUST-0294,2025-09-17,76.28,Credit Card,Completed,154
TX-002740,CUST-0294,2026-01-26,345.58,ACH Direct Debit,Completed,157
TX-002741,CUST-0294,2025-01-10,102.15,PayPal,Completed,297
TX-002742,CUST-0294,2026-01-31,161.69,PayPal,Completed,314
TX-002743,CUST-0294,2025-02-03,237.53,ACH Direct Debit,Completed,179
TX-002744,CUST-0294,2025-03-04,199.98,Wire Transfer,Completed,408
TX-002745,CUST-0294,2025-09-04,342.35,PayPal,Completed,125
TX-002746,CUST-0295,2025-09-29,37.49,Credit Card,Completed,301
TX-002747,CUST-0295,2025-06-04,266.53,ACH Direct Debit,Completed,310
TX-002748,CUST-0295,2025-01-26,106.14,ACH Direct Debit,Completed,207
TX-002749,CUST-0295,2025-12-17,278.2,PayPal,Completed,305
TX-002750,CUST-0295,2025-01-24,240.89,ACH Direct Debit,Completed,144
TX-002751,CUST-0295,2025-12-16,127.23,Wire Transfer,Completed,109
TX-002752,CUST-0296,2025-04-17,371.52,Wire Transfer,Completed,280
TX-002753,CUST-0296,2025-07-03,313.76,ACH Direct Debit,Completed,345
TX-002754,CUST-0296,2025-11-07,54.5,ACH Direct Debit,Completed,90
TX-002755,CUST-0296,2025-10-30,349.33,Wire Transfer,Completed,246
TX-002756,CUST-0296,2025-05-13,32.83,Wire Transfer,Failed,343
TX-002757,CUST-0296,2025-08-31,124.01,PayPal,Failed,117
TX-002758,CUST-0296,2025-11-02,431.26,PayPal,Completed,206
TX-002759,CUST-0296,2025-04-09,350.45,ACH Direct Debit,Completed,285
TX-002760,CUST-0297,2025-11-01,444.46,Wire Transfer,Completed,248
TX-002761,CUST-0297,2025-08-12,429.75,PayPal,Completed,89
TX-002762,CUST-0297,2025-03-17,427.19,Wire Transfer,Completed,281
TX-002763,CUST-0297,2025-08-22,372.46,Wire Transfer,Completed,165
TX-002764,CUST-0297,2025-09-04,78.55,ACH Direct Debit,Completed,312
TX-002765,CUST-0297,2025-08-07,315.17,Credit Card,Completed,129
TX-002766,CUST-0297,2026-02-04,168.43,PayPal,Completed,353
TX-002767,CUST-0297,2025-05-18,423.46,PayPal,Completed,358
TX-002768,CUST-0297,2025-03-31,471.8,Wire Transfer,Completed,371
TX-002769,CUST-0297,2025-04-06,43.91,Credit Card,Refunded,286
TX-002770,CUST-0297,2025-02-18,498.54,PayPal,Completed,169
TX-002771,CUST-0298,2025-02-09,58.46,Credit Card,Completed,111
TX-002772,CUST-0298,2025-04-21,408.93,Credit Card,Completed,174
TX-002773,CUST-0298,2025-06-25,352.07,Wire Transfer,Completed,224
TX-002774,CUST-0298,2025-04-05,224.24,ACH Direct Debit,Completed,204
TX-002775,CUST-0298,2025-10-23,135.22,PayPal,Completed,300
TX-002776,CUST-0298,2026-02-05,238.49,Wire Transfer,Completed,359
TX-002777,CUST-0298,2025-10-16,45.28,Wire Transfer,Completed,241
TX-002778,CUST-0298,2025-06-29,319.42,Wire Transfer,Completed,356
TX-002779,CUST-0298,2026-01-13,314.21,ACH Direct Debit,Refunded,155
TX-002780,CUST-0298,2025-04-03,284.23,ACH Direct Debit,Completed,368
TX-002781,CUST-0299,2025-06-28,336.54,Credit Card,Completed,363
TX-002782,CUST-0299,2025-03-06,420.31,PayPal,Completed,306
TX-002783,CUST-0299,2025-03-29,243.2,Wire Transfer,Completed,404
TX-002784,CUST-0299,2025-10-29,259.95,Credit Card,Completed,395
TX-002785,CUST-0299,2025-08-20,369.71,Credit Card,Completed,354
TX-002786,CUST-0299,2025-08-03,381.65,Credit Card,Completed,286
TX-002787,CUST-0300,2025-01-23,286.45,Wire Transfer,Completed,127
TX-002788,CUST-0300,2025-11-01,51.84,PayPal,Completed,114
TX-002789,CUST-0300,2026-02-21,141.95,Credit Card,Completed,207
TX-002790,CUST-0300,2025-10-27,135.83,Wire Transfer,Failed,253
TX-002791,CUST-0300,2025-04-16,111.46,Credit Card,Completed,200
TX-002792,CUST-0301,2026-02-19,205.89,Credit Card,Completed,244
TX-002793,CUST-0301,2025-02-28,320.55,Credit Card,Completed,247
TX-002794,CUST-0301,2025-04-26,432.0,PayPal,Completed,358
TX-002795,CUST-0301,2025-12-22,398.18,Wire Transfer,Completed,200
TX-002796,CUST-0301,2025-05-31,429.41,Wire Transfer,Completed,158
TX-002797,CUST-0302,2026-02-20,282.58,Wire Transfer,Refunded,350
TX-002798,CUST-0302,2025-03-04,89.37,Credit Card,Completed,212
TX-002799,CUST-0302,2025-03-24,443.46,ACH Direct Debit,Completed,245
TX-002800,CUST-0303,2025-11-10,312.54,Wire Transfer,Completed,103
TX-002801,CUST-0303,2025-09-12,218.7,PayPal,Completed,310
TX-002802,CUST-0303,2025-05-23,105.22,PayPal,Completed,271
TX-002803,CUST-0303,2025-11-25,73.67,Credit Card,Completed,304
TX-002804,CUST-0303,2025-10-28,92.25,Credit Card,Completed,113
TX-002805,CUST-0303,2025-09-04,205.02,PayPal,Failed,140
TX-002806,CUST-0303,2025-08-31,179.7,ACH Direct Debit,Completed,335
TX-002807,CUST-0303,2025-05-09,210.05,ACH Direct Debit,Completed,147
TX-002808,CUST-0304,2025-08-18,410.07,Wire Transfer,Completed,77
TX-002809,CUST-0304,2025-12-04,378.66,Wire Transfer,Completed,212
TX-002810,CUST-0304,2025-05-19,58.71,Wire Transfer,Completed,129
TX-002811,CUST-0304,2025-06-19,196.67,Wire Transfer,Completed,213
TX-002812,CUST-0305,2025-10-25,330.73,ACH Direct Debit,Completed,416
TX-002813,CUST-0305,2025-09-06,461.14,Wire Transfer,Completed,146
TX-002814,CUST-0305,2025-07-11,355.44,Credit Card,Completed,142
TX-002815,CUST-0305,2025-09-14,286.27,PayPal,Completed,205
TX-002816,CUST-0306,2025-10-04,401.87,ACH Direct Debit,Completed,78
TX-002817,CUST-0306,2025-09-10,49.48,Wire Transfer,Completed,270
TX-002818,CUST-0306,2025-04-17,443.89,ACH Direct Debit,Completed,376
TX-002819,CUST-0306,2025-07-01,74.78,ACH Direct Debit,Completed,104
TX-002820,CUST-0306,2026-01-02,285.16,PayPal,Completed,296
TX-002821,CUST-0306,2025-11-22,266.62,Wire Transfer,Completed,344
TX-002822,CUST-0306,2026-02-01,180.7,Wire Transfer,Completed,319
TX-002823,CUST-0306,2025-01-10,377.64,Wire Transfer,Completed,321
TX-002824,CUST-0306,2025-07-05,173.42,PayPal,Completed,401
TX-002825,CUST-0306,2025-02-11,399.3,Wire Transfer,Completed,359
TX-002826,CUST-0306,2025-06-29,34.05,ACH Direct Debit,Completed,168
TX-002827,CUST-0306,2025-03-28,385.76,ACH Direct Debit,Completed,303
TX-002828,CUST-0306,2025-04-07,306.82,Credit Card,Completed,167
TX-002829,CUST-0306,2025-03-28,402.67,Wire Transfer,Completed,215
TX-002830,CUST-0307,2025-01-06,400.39,Wire Transfer,Completed,410
TX-002831,CUST-0307,2025-12-22,238.39,PayPal,Completed,279
TX-002832,CUST-0307,2025-01-27,482.55,ACH Direct Debit,Completed,174
TX-002833,CUST-0307,2025-05-26,-334.1,Credit Card,Failed,239
TX-002834,CUST-0307,2025-01-26,376.54,Wire Transfer,Completed,187
TX-002835,CUST-0307,2025-10-03,321.02,Credit Card,Completed,227
TX-002836,CUST-0307,2025-02-14,476.33,ACH Direct Debit,Completed,77
TX-002837,CUST-0307,2025-01-11,467.93,PayPal,Completed,323
TX-002838,CUST-0307,2025-07-24,162.06,Credit Card,Completed,289
TX-002839,CUST-0307,2025-08-31,488.54,PayPal,Completed,275
TX-002840,CUST-0307,2025-01-06,36.92,PayPal,Completed,312
TX-002841,CUST-0307,2025-08-05,72.36,Wire Transfer,Completed,412
TX-002842,CUST-0308,2025-02-26,126.63,Credit Card,Completed,176
TX-002843,CUST-0308,2025-01-07,332.17,Credit Card,Completed,207
TX-002844,CUST-0308,2025-08-11,170.85,PayPal,Completed,125
TX-002845,CUST-0308,2026-02-23,165.22,ACH Direct Debit,Completed,175
TX-002846,CUST-0308,2025-08-29,339.49,ACH Direct Debit,Completed,260
TX-002847,CUST-0308,2026-01-21,44.87,PayPal,Completed,181
TX-002848,CUST-0308,2025-04-03,323.13,Credit Card,Completed,217
TX-002849,CUST-0308,2025-08-31,184.06,Credit Card,Completed,336
TX-002850,CUST-0308,2025-02-14,422.87,Wire Transfer,Completed,390
TX-002851,CUST-0308,2025-06-03,357.75,Wire Transfer,Completed,161
TX-002852,CUST-0308,2025-08-16,174.6,Wire Transfer,Completed,114
TX-002853,CUST-0308,2025-04-23,156.27,ACH Direct Debit,Completed,246
TX-002854,CUST-0308,2025-10-21,150.1,PayPal,Completed,80
TX-002855,CUST-0309,2025-10-02,203.77,Credit Card,Completed,145
TX-002856,CUST-0309,2025-05-24,353.46,PayPal,Completed,339
TX-002857,CUST-0309,2025-02-02,336.83,Wire Transfer,Completed,76
TX-002858,CUST-0309,2025-09-14,440.97,PayPal,Completed,235
TX-002859,CUST-0309,2025-03-31,72.94,Credit Card,Completed,195
TX-002860,CUST-0309,2026-02-13,45.28,PayPal,Completed,319
TX-002861,CUST-0309,2025-12-11,230.85,Credit Card,Completed,406
TX-002862,CUST-0309,2025-05-31,134.4,Wire Transfer,Completed,342
TX-002863,CUST-0309,2025-08-23,54.08,ACH Direct Debit,Completed,117
TX-002864,CUST-0309,2025-11-30,482.62,ACH Direct Debit,Completed,287
TX-002865,CUST-0309,2025-08-28,91.75,Credit Card,Completed,194
TX-002866,CUST-0309,2025-07-08,339.79,Credit Card,Completed,119
TX-002867,CUST-0309,2025-01-31,100.1,Credit Card,Completed,160
TX-002868,CUST-0309,2025-01-06,395.22,ACH Direct Debit,Completed,95
TX-002869,CUST-0309,2025-01-11,166.33,ACH Direct Debit,Completed,285
TX-002870,CUST-0310,2025-06-22,452.73,ACH Direct Debit,Completed,201
TX-002871,CUST-0310,2025-10-31,269.32,ACH Direct Debit,Completed,277
TX-002872,CUST-0310,2025-12-07,129.17,Credit Card,Completed,316
TX-002873,CUST-0311,2025-03-11,116.03,ACH Direct Debit,Completed,285
TX-002874,CUST-0311,2025-10-22,331.92,ACH Direct Debit,Completed,389
TX-002875,CUST-0311,2025-09-18,334.11,PayPal,Completed,186
TX-002876,CUST-0311,2025-12-13,310.96,Wire Transfer,Completed,273
TX-002877,CUST-0311,2025-10-21,224.91,ACH Direct Debit,Completed,161
TX-002878,CUST-0311,2025-07-24,41.31,Credit Card,Completed,401
TX-002879,CUST-0311,2025-12-10,329.3,ACH Direct Debit,Completed,146
TX-002880,CUST-0311,2025-01-31,153.31,Credit Card,Completed,291
TX-002881,CUST-0311,2025-10-07,436.23,ACH Direct Debit,Completed,301
TX-002882,CUST-0311,2025-04-16,117.8,Wire Transfer,Completed,110
TX-002883,CUST-0311,2025-10-23,467.54,Wire Transfer,Completed,82
TX-002884,CUST-0312,2025-09-18,424.47,Wire Transfer,Completed,365
TX-002885,CUST-0312,2025-09-09,86.4,Wire Transfer,Failed,240
TX-002886,CUST-0312,2026-01-31,408.01,Credit Card,Completed,309
TX-002887,CUST-0312,2025-10-01,228.76,ACH Direct Debit,Completed,387
TX-002888,CUST-0312,2025-10-28,167.21,Wire Transfer,Completed,377
TX-002889,CUST-0312,2025-02-14,347.05,Credit Card,Completed,242
TX-002890,CUST-0312,2025-02-27,162.67,ACH Direct Debit,Refunded,387
TX-002891,CUST-0312,2025-01-14,497.13,ACH Direct Debit,Completed,107
TX-002892,CUST-0312,2025-04-08,30.94,PayPal,Completed,385
TX-002893,CUST-0312,2025-04-29,293.86,Wire Transfer,Completed,217
TX-002894,CUST-0312,2026-02-20,55.52,Credit Card,Completed,113
TX-002895,CUST-0312,2025-08-01,251.59,ACH Direct Debit,Completed,77
TX-002896,CUST-0312,2025-11-25,157.41,Credit Card,Completed,133
TX-002897,CUST-0312,2025-02-22,208.42,Wire Transfer,Failed,372
TX-002898,CUST-0312,2025-12-01,270.17,Credit Card,Failed,177
TX-002899,CUST-0313,2025-09-01,55.57,PayPal,Completed,154
TX-002900,CUST-0313,2025-01-22,239.75,Credit Card,Completed,90
TX-002901,CUST-0313,2025-09-23,331.09,ACH Direct Debit,Completed,108
TX-002902,CUST-0313,2025-03-18,278.49,PayPal,Completed,287
TX-002903,CUST-0314,2025-06-03,425.95,Credit Card,Completed,90
TX-002904,CUST-0314,2025-08-23,99.23,Wire Transfer,Failed,371
TX-002905,CUST-0314,2025-11-25,334.02,Credit Card,Completed,120
TX-002906,CUST-0314,2025-08-05,470.42,ACH Direct Debit,Completed,382
TX-002907,CUST-0314,2025-02-26,110.6,Credit Card,Completed,275
TX-002908,CUST-0314,2025-09-29,-92.73,Credit Card,Failed,339
TX-002909,CUST-0314,2025-08-22,56.7,ACH Direct Debit,Refunded,164
TX-002910,CUST-0314,2025-04-10,346.08,PayPal,Completed,218
TX-002911,CUST-0314,2026-02-16,309.59,PayPal,Completed,169
TX-002912,CUST-0314,2025-09-25,349.82,Credit Card,Completed,78
TX-002913,CUST-0314,2026-01-12,380.8,Wire Transfer,Completed,411
TX-002914,CUST-0314,2025-12-03,442.15,Credit Card,Completed,380
TX-002915,CUST-0314,2025-03-21,479.71,PayPal,Completed,202
TX-002916,CUST-0314,2025-10-19,242.13,ACH Direct Debit,Completed,105
TX-002917,CUST-0314,2025-11-29,5237.61,ACH Direct Debit,Failed,2702
TX-002918,CUST-0314,2025-06-12,92.49,PayPal,Completed,232
TX-002919,CUST-0315,2025-12-24,389.13,ACH Direct Debit,Completed,115
TX-002920,CUST-0315,2026-02-09,202.59,ACH Direct Debit,Refunded,83
TX-002921,CUST-0315,2025-12-26,157.83,Credit Card,Completed,336
TX-002922,CUST-0315,2025-06-30,440.91,PayPal,Completed,330
TX-002923,CUST-0315,2025-05-22,471.36,Wire Transfer,Refunded,152
TX-002924,CUST-0315,2025-04-29,231.11,ACH Direct Debit,Completed,312
TX-002925,CUST-0316,2025-10-27,64.63,ACH Direct Debit,Completed,233
TX-002926,CUST-0316,2025-12-08,455.39,Wire Transfer,Failed,100
TX-002927,CUST-0316,2025-11-06,276.48,Wire Transfer,Completed,285
TX-002928,CUST-0316,2025-01-06,210.4,ACH Direct Debit,Failed,307
TX-002929,CUST-0316,2025-04-01,118.9,Wire Transfer,Refunded,387
TX-002930,CUST-0316,2025-10-29,459.96,PayPal,Completed,355
TX-002931,CUST-0316,2026-01-20,289.84,ACH Direct Debit,Completed,279
TX-002932,CUST-0317,2025-09-11,241.94,Credit Card,Completed,297
TX-002933,CUST-0317,2025-05-07,149.76,PayPal,Failed,342
TX-002934,CUST-0317,2025-11-08,412.16,Wire Transfer,Completed,177
TX-002935,CUST-0317,2026-01-27,311.76,Credit Card,Completed,139
TX-002936,CUST-0317,2025-01-03,451.5,ACH Direct Debit,Completed,100
TX-002937,CUST-0317,2025-07-24,98.99,PayPal,Failed,109
TX-002938,CUST-0317,2026-01-15,336.47,Credit Card,Completed,92
TX-002939,CUST-0317,2025-04-22,-171.24,ACH Direct Debit,Failed,312
TX-002940,CUST-0317,2025-06-14,101.58,Credit Card,Completed,353
TX-002941,CUST-0317,2025-10-30,318.06,ACH Direct Debit,Completed,242
TX-002942,CUST-0317,2025-06-02,105.09,Credit Card,Completed,144
TX-002943,CUST-0317,2025-06-18,321.91,Wire Transfer,Completed,152
TX-002944,CUST-0317,2025-04-30,188.31,ACH Direct Debit,Failed,366
TX-002945,CUST-0317,2025-08-08,316.06,ACH Direct Debit,Failed,393
TX-002946,CUST-0318,2025-10-19,471.88,Credit Card,Failed,354
TX-002947,CUST-0318,2025-11-29,494.24,Credit Card,Completed,348
TX-002948,CUST-0318,2025-02-13,252.71,ACH Direct Debit,Failed,396
TX-002949,CUST-0318,2025-11-12,221.99,PayPal,Completed,344
TX-002950,CUST-0318,2025-09-03,101.88,PayPal,Failed,403
TX-002951,CUST-0319,2025-01-04,175.52,Credit Card,Completed,232
TX-002952,CUST-0319,2025-12-30,106.78,ACH Direct Debit,Completed,112
TX-002953,CUST-0319,2025-12-05,320.78,ACH Direct Debit,Completed,124
TX-002954,CUST-0319,2025-09-08,263.06,PayPal,Completed,112
TX-002955,CUST-0319,2025-02-01,136.11,Wire Transfer,Completed,369
TX-002956,CUST-0319,2025-01-24,98.91,Credit Card,Completed,393
TX-002957,CUST-0319,2025-10-30,123.19,Wire Transfer,Completed,182
TX-002958,CUST-0319,2025-06-02,373.93,ACH Direct Debit,Completed,233
TX-002959,CUST-0319,2025-05-27,2776.76,ACH Direct Debit,Failed,3266
TX-002960,CUST-0319,2026-01-19,480.62,PayPal,Completed,140
TX-002961,CUST-0319,2025-02-03,463.81,Credit Card,Completed,315
TX-002962,CUST-0319,2026-02-03,385.82,PayPal,Completed,316
TX-002963,CUST-0319,2025-02-15,257.16,PayPal,Completed,411
TX-002964,CUST-0319,2025-02-10,155.95,Credit Card,Completed,205
TX-002965,CUST-0319,2025-10-13,403.55,Credit Card,Completed,251
TX-002966,CUST-0319,2026-01-09,376.2,ACH Direct Debit,Completed,306
TX-002967,CUST-0320,2025-07-07,146.97,ACH Direct Debit,Completed,278
TX-002968,CUST-0320,2026-02-25,252.21,Credit Card,Completed,80
TX-002969,CUST-0320,2026-01-03,176.4,Credit Card,Completed,135
TX-002970,CUST-0320,2026-01-25,146.86,Credit Card,Completed,354
TX-002971,CUST-0320,2026-02-16,283.62,Wire Transfer,Completed,376
TX-002972,CUST-0320,2026-01-28,471.69,ACH Direct Debit,Completed,197
TX-002973,CUST-0320,2025-12-17,475.8,Credit Card,Completed,85
TX-002974,CUST-0320,2025-03-19,214.12,ACH Direct Debit,Completed,248
TX-002975,CUST-0320,2025-05-25,355.26,Wire Transfer,Completed,180
TX-002976,CUST-0320,2025-06-25,368.79,ACH Direct Debit,Failed,103
TX-002977,CUST-0320,2025-06-03,153.91,ACH Direct Debit,Completed,334
TX-002978,CUST-0320,2025-09-07,50.01,Credit Card,Completed,384
TX-002979,CUST-0320,2025-11-02,109.05,Credit Card,Completed,135
TX-002980,CUST-0321,2026-01-06,416.49,Credit Card,Completed,219
TX-002981,CUST-0321,2025-02-17,123.86,ACH Direct Debit,Completed,149
TX-002982,CUST-0321,2025-02-21,75.24,Credit Card,Completed,358
TX-002983,CUST-0321,2025-06-25,106.61,Credit Card,Completed,170
TX-002984,CUST-0321,2025-11-01,338.41,Wire Transfer,Completed,307
TX-002985,CUST-0321,2025-03-17,38.5,ACH Direct Debit,Completed,315
TX-002986,CUST-0321,2025-09-02,477.43,Credit Card,Completed,217
TX-002987,CUST-0321,2025-09-30,349.08,Wire Transfer,Completed,145
TX-002988,CUST-0321,2025-02-10,238.58,PayPal,Completed,274
TX-002989,CUST-0321,2026-01-09,144.62,ACH Direct Debit,Completed,323
TX-002990,CUST-0321,2025-03-09,440.21,ACH Direct Debit,Completed,242
TX-002991,CUST-0322,2025-07-06,1737.72,Credit Card,Refunded,1801
TX-002992,CUST-0322,2025-03-08,205.77,ACH Direct Debit,Completed,304
TX-002993,CUST-0322,2025-09-22,218.6,Credit Card,Completed,101
TX-002994,CUST-0323,2025-07-22,142.19,Credit Card,Completed,264
TX-002995,CUST-0323,2025-11-28,327.65,Credit Card,Completed,79
TX-002996,CUST-0323,2025-01-06,434.0,Wire Transfer,Completed,378
TX-002997,CUST-0323,2025-01-31,408.58,Wire Transfer,Completed,89
TX-002998,CUST-0323,2025-01-12,315.91,ACH Direct Debit,Completed,177
TX-002999,CUST-0323,2026-01-23,204.38,Credit Card,Completed,380
TX-003000,CUST-0323,2025-10-22,335.16,ACH Direct Debit,Completed,275
TX-003001,CUST-0323,2025-01-23,92.53,ACH Direct Debit,Completed,253
TX-003002,CUST-0323,2025-06-01,340.95,Wire Transfer,Refunded,214
TX-003003,CUST-0324,2025-06-13,164.34,PayPal,Completed,384
TX-003004,CUST-0324,2025-06-18,135.81,Credit Card,Completed,360
TX-003005,CUST-0324,2026-01-03,287.57,Wire Transfer,Completed,397
TX-003006,CUST-0325,2025-05-25,388.18,Wire Transfer,Completed,282
TX-003007,CUST-0325,2025-11-02,403.27,ACH Direct Debit,Completed,138
TX-003008,CUST-0325,2025-01-27,178.0,ACH Direct Debit,Completed,81
TX-003009,CUST-0325,2025-02-22,411.1,Credit Card,Completed,233
TX-003010,CUST-0325,2025-08-18,34.93,ACH Direct Debit,Completed,402
TX-003011,CUST-0325,2025-07-27,37.54,PayPal,Completed,107
TX-003012,CUST-0325,2025-01-14,63.37,Wire Transfer,Completed,77
TX-003013,CUST-0326,2026-01-07,328.36,PayPal,Completed,329
TX-003014,CUST-0326,2025-08-05,55.37,Wire Transfer,Completed,367
TX-003015,CUST-0326,2025-04-02,150.16,PayPal,Completed,200
TX-003016,CUST-0326,2025-08-15,296.57,PayPal,Failed,267
TX-003017,CUST-0326,2025-04-20,75.62,PayPal,Completed,314
TX-003018,CUST-0326,2026-01-06,246.31,ACH Direct Debit,Completed,115
TX-003019,CUST-0326,2025-08-11,483.28,ACH Direct Debit,Completed,282
TX-003020,CUST-0326,2025-06-19,212.52,PayPal,Completed,195
TX-003021,CUST-0326,2026-01-01,315.42,ACH Direct Debit,Completed,418
TX-003022,CUST-0326,2025-10-08,478.78,Wire Transfer,Completed,314
TX-003023,CUST-0326,2025-05-05,497.1,Credit Card,Completed,317
TX-003024,CUST-0326,2025-10-05,154.72,Wire Transfer,Completed,403
TX-003025,CUST-0326,2025-03-25,42.0,Wire Transfer,Completed,325
TX-003026,CUST-0327,2026-02-23,97.52,Wire Transfer,Completed,320
TX-003027,CUST-0327,2025-04-18,295.8,Wire Transfer,Completed,223
TX-003028,CUST-0327,2025-10-15,463.13,ACH Direct Debit,Completed,158
TX-003029,CUST-0327,2025-07-12,320.14,ACH Direct Debit,Completed,170
TX-003030,CUST-0327,2025-08-31,461.67,PayPal,Completed,156
TX-003031,CUST-0327,2025-11-30,96.12,Credit Card,Completed,168
TX-003032,CUST-0327,2025-05-09,3727.97,Wire Transfer,Failed,2273
TX-003033,CUST-0327,2025-09-22,161.08,Credit Card,Completed,227
TX-003034,CUST-0327,2025-11-06,307.77,ACH Direct Debit,Completed,386
TX-003035,CUST-0327,2025-06-19,415.34,PayPal,Completed,243
TX-003036,CUST-0327,2025-03-06,451.45,Credit Card,Completed,301
TX-003037,CUST-0327,2025-04-14,289.02,ACH Direct Debit,Completed,90
TX-003038,CUST-0327,2026-02-08,163.64,ACH Direct Debit,Completed,419
TX-003039,CUST-0327,2025-11-17,370.61,ACH Direct Debit,Completed,140
TX-003040,CUST-0327,2025-08-28,132.62,Credit Card,Completed,287
TX-003041,CUST-0327,2025-07-23,218.85,ACH Direct Debit,Completed,319
TX-003042,CUST-0328,2025-04-17,292.5,PayPal,Completed,268
TX-003043,CUST-0328,2025-11-11,177.2,PayPal,Completed,230
TX-003044,CUST-0328,2025-02-13,372.13,PayPal,Completed,317
TX-003045,CUST-0329,2025-01-28,92.17,ACH Direct Debit,Completed,84
TX-003046,CUST-0329,2025-08-31,397.31,ACH Direct Debit,Completed,160
TX-003047,CUST-0329,2025-03-12,204.49,Credit Card,Completed,295
TX-003048,CUST-0329,2025-01-21,145.2,PayPal,Completed,335
TX-003049,CUST-0329,2025-11-21,428.07,PayPal,Completed,281
TX-003050,CUST-0329,2025-07-30,372.6,ACH Direct Debit,Completed,304
TX-003051,CUST-0329,2025-11-27,305.51,ACH Direct Debit,Refunded,186
TX-003052,CUST-0329,2026-01-19,299.93,Credit Card,Completed,217
TX-003053,CUST-0329,2025-05-12,311.41,PayPal,Completed,293
TX-003054,CUST-0329,2026-02-21,177.38,Wire Transfer,Completed,380
TX-003055,CUST-0329,2025-03-15,417.07,Wire Transfer,Completed,298
TX-003056,CUST-0329,2025-03-09,380.29,Credit Card,Completed,206
TX-003057,CUST-0329,2025-03-08,77.4,Credit Card,Completed,374
TX-003058,CUST-0329,2025-12-05,437.5,PayPal,Completed,390
TX-003059,CUST-0330,2025-05-09,37.65,ACH Direct Debit,Completed,168
TX-003060,CUST-0330,2026-01-15,358.54,Wire Transfer,Completed,158
TX-003061,CUST-0330,2026-02-23,308.04,PayPal,Failed,230
TX-003062,CUST-0330,2025-03-30,418.55,ACH Direct Debit,Completed,157
TX-003063,CUST-0330,2026-01-18,266.89,Wire Transfer,Completed,337
TX-003064,CUST-0330,2025-03-07,126.36,Credit Card,Completed,354
TX-003065,CUST-0331,2025-12-03,286.93,Credit Card,Completed,109
TX-003066,CUST-0331,2025-07-16,357.84,PayPal,Completed,177
TX-003067,CUST-0331,2025-10-22,331.94,PayPal,Completed,314
TX-003068,CUST-0331,2025-07-20,41.52,ACH Direct Debit,Completed,338
TX-003069,CUST-0331,2025-11-16,156.59,Wire Transfer,Completed,273
TX-003070,CUST-0331,2025-01-02,432.47,ACH Direct Debit,Completed,302
TX-003071,CUST-0331,2026-02-16,86.09,Wire Transfer,Completed,105
TX-003072,CUST-0331,2025-08-02,69.33,PayPal,Completed,78
TX-003073,CUST-0332,2025-06-13,374.25,PayPal,Failed,283
TX-003074,CUST-0332,2025-09-13,342.79,PayPal,Completed,279
TX-003075,CUST-0332,2025-09-10,195.47,ACH Direct Debit,Completed,163
TX-003076,CUST-0332,2025-05-21,32.69,ACH Direct Debit,Completed,343
TX-003077,CUST-0332,2026-02-18,279.55,ACH Direct Debit,Completed,104
TX-003078,CUST-0332,2025-07-15,195.86,PayPal,Completed,153
TX-003079,CUST-0332,2025-06-04,152.21,PayPal,Completed,376
TX-003080,CUST-0332,2025-01-03,97.55,ACH Direct Debit,Completed,178
TX-003081,CUST-0333,2025-08-07,37.98,Credit Card,Completed,237
TX-003082,CUST-0333,2026-01-09,-59.86,ACH Direct Debit,Failed,242
TX-003083,CUST-0333,2025-04-10,51.42,Wire Transfer,Completed,212
TX-003084,CUST-0333,2025-09-20,332.2,PayPal,Completed,98
TX-003085,CUST-0333,2026-01-10,52.8,PayPal,Completed,348
TX-003086,CUST-0333,2026-01-18,62.51,ACH Direct Debit,Completed,371
TX-003087,CUST-0333,2025-11-23,61.12,ACH Direct Debit,Completed,380
TX-003088,CUST-0333,2025-03-11,425.13,Credit Card,Completed,153
TX-003089,CUST-0333,2025-04-18,200.41,PayPal,Completed,344
TX-003090,CUST-0333,2025-01-22,248.1,ACH Direct Debit,Completed,268
TX-003091,CUST-0333,2025-06-03,494.29,ACH Direct Debit,Completed,82
TX-003092,CUST-0334,2025-11-24,478.07,Credit Card,Completed,84
TX-003093,CUST-0334,2025-03-13,339.19,PayPal,Completed,161
TX-003094,CUST-0334,2025-05-19,99.16,Credit Card,Completed,97
TX-003095,CUST-0334,2025-07-01,458.33,PayPal,Completed,146
TX-003096,CUST-0334,2025-11-09,-425.52,PayPal,Failed,228
TX-003097,CUST-0334,2025-03-20,49.21,ACH Direct Debit,Completed,300
TX-003098,CUST-0334,2025-05-27,280.32,Credit Card,Completed,387
TX-003099,CUST-0334,2025-12-03,175.12,Wire Transfer,Completed,292
TX-003100,CUST-0334,2025-04-14,31.74,PayPal,Completed,141
TX-003101,CUST-0334,2026-02-07,331.45,PayPal,Completed,338
TX-003102,CUST-0334,2025-02-24,298.16,Wire Transfer,Completed,406
TX-003103,CUST-0334,2025-08-08,44.63,PayPal,Completed,355
TX-003104,CUST-0334,2025-03-26,245.85,Wire Transfer,Failed,224
TX-003105,CUST-0335,2025-08-16,1254.86,Credit Card,Failed,3918
TX-003106,CUST-0335,2025-07-10,73.37,Wire Transfer,Completed,121
TX-003107,CUST-0335,2025-05-31,396.1,PayPal,Completed,260
TX-003108,CUST-0335,2025-08-01,322.74,Wire Transfer,Failed,86
TX-003109,CUST-0336,2025-03-10,246.28,ACH Direct Debit,Completed,409
TX-003110,CUST-0336,2025-11-16,266.22,Wire Transfer,Completed,152
TX-003111,CUST-0336,2025-08-30,349.28,ACH Direct Debit,Completed,93
TX-003112,CUST-0336,2025-06-11,417.24,ACH Direct Debit,Completed,352
TX-003113,CUST-0336,2025-01-29,345.42,PayPal,Refunded,313
TX-003114,CUST-0336,2025-12-27,151.96,PayPal,Completed,302
TX-003115,CUST-0337,2025-04-14,308.87,Credit Card,Completed,353
TX-003116,CUST-0337,2025-08-20,382.01,Credit Card,Completed,108
TX-003117,CUST-0337,2025-06-14,262.23,ACH Direct Debit,Completed,372
TX-003118,CUST-0337,2025-03-27,220.34,ACH Direct Debit,Completed,333
TX-003119,CUST-0337,2025-07-30,126.52,ACH Direct Debit,Failed,154
TX-003120,CUST-0337,2025-07-24,67.26,Wire Transfer,Completed,279
TX-003121,CUST-0337,2025-02-28,469.76,PayPal,Completed,383
TX-003122,CUST-0337,2026-01-13,71.46,ACH Direct Debit,Completed,354
TX-003123,CUST-0338,2025-12-02,398.54,Credit Card,Completed,143
TX-003124,CUST-0338,2025-11-29,4361.42,Credit Card,Failed,3941
TX-003125,CUST-0338,2025-01-25,243.7,Wire Transfer,Completed,321
TX-003126,CUST-0338,2025-07-18,290.04,ACH Direct Debit,Completed,189
TX-003127,CUST-0338,2025-12-05,172.78,PayPal,Completed,98
TX-003128,CUST-0338,2025-01-23,227.74,Wire Transfer,Completed,336
TX-003129,CUST-0338,2025-04-08,189.01,ACH Direct Debit,Completed,81
TX-003130,CUST-0338,2025-05-01,377.68,Wire Transfer,Completed,411
TX-003131,CUST-0338,2025-02-21,181.77,PayPal,Completed,96
TX-003132,CUST-0338,2025-08-14,347.78,ACH Direct Debit,Completed,140
TX-003133,CUST-0338,2025-11-13,313.65,PayPal,Completed,188
TX-003134,CUST-0338,2025-05-15,51.01,Credit Card,Completed,335
TX-003135,CUST-0338,2025-02-09,176.34,Credit Card,Failed,322
TX-003136,CUST-0338,2026-01-21,101.62,Credit Card,Completed,406
TX-003137,CUST-0338,2025-04-12,218.28,ACH Direct Debit,Completed,133
TX-003138,CUST-0338,2026-02-24,469.17,ACH Direct Debit,Completed,113
TX-003139,CUST-0339,2025-08-19,320.42,PayPal,Completed,147
TX-003140,CUST-0339,2026-02-16,395.65,PayPal,Completed,293
TX-003141,CUST-0339,2025-07-30,488.87,Wire Transfer,Completed,225
TX-003142,CUST-0339,2026-02-24,392.91,Credit Card,Failed,293
TX-003143,CUST-0339,2025-02-03,233.04,Wire Transfer,Completed,388
TX-003144,CUST-0339,2026-01-24,264.35,ACH Direct Debit,Completed,135
TX-003145,CUST-0339,2025-07-07,242.91,Wire Transfer,Completed,382
TX-003146,CUST-0339,2025-12-06,236.42,Wire Transfer,Failed,276
TX-003147,CUST-0339,2025-12-30,47.74,PayPal,Completed,120
TX-003148,CUST-0339,2025-12-28,341.09,PayPal,Completed,191
TX-003149,CUST-0339,2025-02-16,206.68,PayPal,Completed,265
TX-003150,CUST-0339,2025-11-17,377.27,ACH Direct Debit,Completed,373
TX-003151,CUST-0339,2025-01-13,474.97,ACH Direct Debit,Completed,228
TX-003152,CUST-0339,2025-08-30,363.24,PayPal,Completed,137
TX-003153,CUST-0339,2025-10-06,163.21,Credit Card,Completed,396
TX-003154,CUST-0339,2025-08-06,484.01,Credit Card,Failed,2161
TX-003155,CUST-0340,2025-12-07,74.2,PayPal,Completed,111
TX-003156,CUST-0340,2025-02-20,137.13,ACH Direct Debit,Completed,215
TX-003157,CUST-0340,2025-12-24,448.0,Wire Transfer,Completed,205
TX-003158,CUST-0340,2025-12-22,258.82,Wire Transfer,Completed,88
TX-003159,CUST-0340,2025-10-30,410.87,Wire Transfer,Completed,349
TX-003160,CUST-0340,2025-04-14,392.21,PayPal,Completed,152
TX-003161,CUST-0340,2026-01-19,43.9,Wire Transfer,Completed,374
TX-003162,CUST-0340,2025-03-01,292.18,Credit Card,Completed,268
TX-003163,CUST-0340,2025-11-04,380.74,Credit Card,Completed,286
TX-003164,CUST-0340,2025-01-01,95.59,PayPal,Completed,276
TX-003165,CUST-0340,2025-03-31,411.31,Wire Transfer,Completed,143
TX-003166,CUST-0341,2025-12-15,358.51,Credit Card,Completed,389
TX-003167,CUST-0341,2025-02-07,452.83,Wire Transfer,Refunded,299
TX-003168,CUST-0341,2025-08-04,259.46,ACH Direct Debit,Completed,83
TX-003169,CUST-0341,2025-11-11,63.92,ACH Direct Debit,Completed,230
TX-003170,CUST-0341,2025-03-03,158.94,PayPal,Completed,159
TX-003171,CUST-0342,2025-08-23,172.9,PayPal,Completed,259
TX-003172,CUST-0342,2025-03-13,438.22,ACH Direct Debit,Completed,101
TX-003173,CUST-0342,2025-05-07,260.12,PayPal,Completed,186
TX-003174,CUST-0342,2026-01-12,455.16,PayPal,Completed,388
TX-003175,CUST-0343,2026-01-24,104.24,PayPal,Completed,299
TX-003176,CUST-0343,2026-02-20,73.56,PayPal,Completed,88
TX-003177,CUST-0343,2025-01-02,487.22,Wire Transfer,Completed,246
TX-003178,CUST-0343,2026-02-05,485.22,ACH Direct Debit,Completed,205
TX-003179,CUST-0343,2025-09-04,96.12,Credit Card,Completed,349
TX-003180,CUST-0343,2025-06-03,250.35,PayPal,Completed,194
TX-003181,CUST-0343,2025-05-22,207.65,ACH Direct Debit,Completed,117
TX-003182,CUST-0343,2025-05-30,302.72,PayPal,Completed,258
TX-003183,CUST-0343,2025-12-23,397.38,PayPal,Completed,339
TX-003184,CUST-0343,2025-04-20,59.86,PayPal,Completed,79
TX-003185,CUST-0343,2025-05-27,144.61,Wire Transfer,Completed,297
TX-003186,CUST-0343,2025-01-27,358.23,Credit Card,Completed,332
TX-003187,CUST-0344,2025-12-23,281.88,Credit Card,Completed,118
TX-003188,CUST-0344,2025-06-16,73.29,ACH Direct Debit,Completed,192
TX-003189,CUST-0344,2025-03-29,326.71,Credit Card,Completed,82
TX-003190,CUST-0344,2025-10-08,244.37,PayPal,Completed,418
TX-003191,CUST-0344,2025-08-05,171.56,ACH Direct Debit,Completed,307
TX-003192,CUST-0344,2025-11-25,287.52,Wire Transfer,Completed,148
TX-003193,CUST-0344,2025-05-06,464.51,Wire Transfer,Failed,265
TX-003194,CUST-0344,2025-12-28,3109.49,Credit Card,Failed,2256
TX-003195,CUST-0344,2025-04-05,480.7,PayPal,Refunded,246
TX-003196,CUST-0344,2025-12-23,38.87,Credit Card,Completed,145
TX-003197,CUST-0344,2025-02-19,165.96,Credit Card,Completed,281
TX-003198,CUST-0344,2025-02-22,178.07,Credit Card,Completed,376
TX-003199,CUST-0344,2025-02-18,492.06,Wire Transfer,Completed,202
TX-003200,CUST-0344,2025-03-07,93.77,PayPal,Completed,94
TX-003201,CUST-0345,2025-10-28,91.33,Wire Transfer,Completed,99
TX-003202,CUST-0345,2025-12-02,42.94,Credit Card,Completed,389
TX-003203,CUST-0345,2025-02-28,386.34,Credit Card,Completed,232
TX-003204,CUST-0345,2025-04-09,137.08,Credit Card,Completed,167
TX-003205,CUST-0345,2026-02-12,130.9,ACH Direct Debit,Completed,381
TX-003206,CUST-0345,2025-12-14,163.15,ACH Direct Debit,Completed,230
TX-003207,CUST-0346,2026-01-31,407.95,Wire Transfer,Completed,294
TX-003208,CUST-0346,2025-05-16,304.32,Credit Card,Completed,173
TX-003209,CUST-0346,2026-01-09,410.81,ACH Direct Debit,Completed,201
TX-003210,CUST-0346,2025-11-22,344.91,PayPal,Completed,199
TX-003211,CUST-0346,2025-04-01,322.26,Credit Card,Completed,257
TX-003212,CUST-0346,2025-06-21,353.53,PayPal,Completed,281
TX-003213,CUST-0346,2025-10-16,428.12,PayPal,Failed,274
TX-003214,CUST-0347,2025-05-07,440.0,ACH Direct Debit,Completed,392
TX-003215,CUST-0347,2025-06-03,79.46,ACH Direct Debit,Completed,264
TX-003216,CUST-0347,2025-10-25,358.05,PayPal,Completed,301
TX-003217,CUST-0347,2026-01-27,215.09,Wire Transfer,Completed,416
TX-003218,CUST-0347,2025-10-15,302.86,PayPal,Completed,283
TX-003219,CUST-0347,2026-01-18,147.43,Wire Transfer,Completed,273
TX-003220,CUST-0347,2025-06-02,78.53,ACH Direct Debit,Completed,155
TX-003221,CUST-0347,2025-04-11,380.12,Wire Transfer,Completed,189
TX-003222,CUST-0347,2025-12-04,164.71,Wire Transfer,Completed,331
TX-003223,CUST-0347,2025-12-09,301.54,Wire Transfer,Completed,126
TX-003224,CUST-0347,2025-06-01,295.79,Credit Card,Completed,196
TX-003225,CUST-0347,2025-08-01,75.21,Credit Card,Failed,419
TX-003226,CUST-0347,2025-02-21,215.02,ACH Direct Debit,Completed,410
TX-003227,CUST-0347,2025-02-15,43.74,ACH Direct Debit,Completed,181
TX-003228,CUST-0347,2025-01-31,251.62,PayPal,Failed,77
TX-003229,CUST-0348,2025-11-11,229.1,Credit Card,Completed,358
TX-003230,CUST-0348,2025-10-12,451.23,Credit Card,Completed,215
TX-003231,CUST-0348,2025-03-09,490.23,PayPal,Completed,278
TX-003232,CUST-0348,2026-02-05,393.43,Wire Transfer,Completed,240
TX-003233,CUST-0348,2026-01-19,301.73,PayPal,Completed,159
TX-003234,CUST-0348,2025-06-26,382.81,ACH Direct Debit,Completed,172
TX-003235,CUST-0348,2025-03-13,381.58,PayPal,Completed,376
TX-003236,CUST-0348,2025-01-06,131.16,Credit Card,Completed,209
TX-003237,CUST-0348,2025-12-08,81.62,ACH Direct Debit,Completed,271
TX-003238,CUST-0348,2025-02-15,321.6,Wire Transfer,Completed,419
TX-003239,CUST-0348,2025-04-22,184.46,ACH Direct Debit,Completed,91
TX-003240,CUST-0349,2025-03-28,194.46,Wire Transfer,Completed,89
TX-003241,CUST-0349,2025-10-18,312.77,Credit Card,Completed,92
TX-003242,CUST-0349,2025-04-10,136.42,ACH Direct Debit,Completed,214
TX-003243,CUST-0349,2025-09-04,338.69,Credit Card,Completed,215
TX-003244,CUST-0350,2025-01-24,418.0,Credit Card,Completed,210
TX-003245,CUST-0350,2025-02-06,436.54,PayPal,Completed,185
TX-003246,CUST-0350,2025-10-06,72.84,Credit Card,Completed,219
TX-003247,CUST-0350,2026-01-31,41.71,Wire Transfer,Completed,410
TX-003248,CUST-0350,2025-01-20,100.75,Credit Card,Completed,288
TX-003249,CUST-0350,2025-07-26,460.51,Credit Card,Completed,112
TX-003250,CUST-0350,2025-05-07,167.23,PayPal,Completed,177
TX-003251,CUST-0351,2025-10-11,152.73,Wire Transfer,Completed,105
TX-003252,CUST-0351,2025-02-08,229.97,Credit Card,Refunded,364
TX-003253,CUST-0351,2025-09-06,423.55,ACH Direct Debit,Completed,126
TX-003254,CUST-0351,2025-01-31,67.52,Credit Card,Completed,125
TX-003255,CUST-0351,2026-02-09,262.89,Credit Card,Completed,144
TX-003256,CUST-0351,2025-10-26,350.47,PayPal,Refunded,83
TX-003257,CUST-0351,2025-08-26,4761.41,PayPal,Failed,3633
TX-003258,CUST-0352,2025-03-03,92.28,Wire Transfer,Completed,398
TX-003259,CUST-0352,2025-09-06,468.93,ACH Direct Debit,Completed,386
TX-003260,CUST-0352,2025-09-01,429.09,ACH Direct Debit,Completed,269
TX-003261,CUST-0352,2025-04-07,314.44,ACH Direct Debit,Completed,115
TX-003262,CUST-0353,2025-11-11,486.19,PayPal,Completed,269
TX-003263,CUST-0353,2025-03-28,147.27,Credit Card,Completed,253
TX-003264,CUST-0353,2025-02-08,363.69,Credit Card,Completed,246
TX-003265,CUST-0353,2025-07-30,310.5,Credit Card,Completed,413
TX-003266,CUST-0353,2025-07-28,287.5,PayPal,Completed,247
TX-003267,CUST-0353,2025-03-31,386.1,Credit Card,Completed,234
TX-003268,CUST-0353,2025-03-13,327.51,ACH Direct Debit,Failed,108
TX-003269,CUST-0354,2025-10-05,310.69,PayPal,Completed,341
TX-003270,CUST-0354,2025-08-07,213.5,Wire Transfer,Refunded,366
TX-003271,CUST-0354,2025-01-30,44.39,PayPal,Completed,396
TX-003272,CUST-0354,2025-08-10,242.17,PayPal,Completed,280
TX-003273,CUST-0354,2026-02-03,267.29,Credit Card,Completed,169
TX-003274,CUST-0354,2025-08-22,103.35,PayPal,Completed,409
TX-003275,CUST-0354,2025-01-14,151.73,Credit Card,Completed,318
TX-003276,CUST-0354,2025-02-12,168.21,Wire Transfer,Completed,215
TX-003277,CUST-0354,2025-01-03,493.81,ACH Direct Debit,Failed,406
TX-003278,CUST-0354,2025-04-03,152.52,Credit Card,Completed,337
TX-003279,CUST-0354,2025-01-03,31.61,Credit Card,Completed,285
TX-003280,CUST-0354,2025-12-11,157.81,Wire Transfer,Completed,126
TX-003281,CUST-0355,2025-08-30,221.59,Wire Transfer,Completed,131
TX-003282,CUST-0355,2025-03-13,137.8,Wire Transfer,Completed,167
TX-003283,CUST-0355,2025-05-26,36.19,Wire Transfer,Completed,242
TX-003284,CUST-0356,2025-11-07,307.8,Credit Card,Completed,75
TX-003285,CUST-0356,2026-01-07,383.12,Wire Transfer,Completed,384
TX-003286,CUST-0356,2025-07-10,448.26,PayPal,Failed,134
TX-003287,CUST-0356,2025-12-08,43.96,ACH Direct Debit,Completed,235
TX-003288,CUST-0356,2025-03-16,107.42,Credit Card,Completed,378
TX-003289,CUST-0356,2026-02-10,466.86,PayPal,Completed,402
TX-003290,CUST-0356,2025-09-08,291.57,Credit Card,Completed,312
TX-003291,CUST-0356,2025-03-07,-465.52,Credit Card,Failed,198
TX-003292,CUST-0357,2025-02-22,322.37,Credit Card,Completed,243
TX-003293,CUST-0357,2025-11-10,186.47,Credit Card,Completed,336
TX-003294,CUST-0357,2025-12-02,153.44,PayPal,Completed,284
TX-003295,CUST-0357,2026-01-11,445.38,Wire Transfer,Completed,93
TX-003296,CUST-0357,2025-01-12,211.2,Credit Card,Refunded,329
TX-003297,CUST-0357,2025-12-11,497.83,Wire Transfer,Completed,374
TX-003298,CUST-0357,2025-02-19,134.3,Wire Transfer,Completed,302
TX-003299,CUST-0358,2026-01-04,219.17,PayPal,Completed,238
TX-003300,CUST-0358,2025-06-26,460.03,Credit Card,Completed,378
TX-003301,CUST-0358,2025-10-06,386.99,ACH Direct Debit,Completed,75
TX-003302,CUST-0358,2025-10-18,329.69,ACH Direct Debit,Completed,258
TX-003303,CUST-0358,2025-01-08,207.31,ACH Direct Debit,Completed,273
TX-003304,CUST-0358,2025-05-04,139.76,Credit Card,Completed,265
TX-003305,CUST-0358,2025-02-12,217.56,Wire Transfer,Completed,287
TX-003306,CUST-0358,2025-08-03,342.02,Credit Card,Completed,375
TX-003307,CUST-0358,2025-03-13,198.13,ACH Direct Debit,Completed,337
TX-003308,CUST-0358,2026-01-06,217.28,ACH Direct Debit,Completed,402
TX-003309,CUST-0358,2025-06-01,156.6,Wire Transfer,Completed,330
TX-003310,CUST-0358,2025-06-15,407.27,Wire Transfer,Completed,347
TX-003311,CUST-0358,2025-05-04,379.65,Credit Card,Completed,164
TX-003312,CUST-0358,2026-01-28,45.0,PayPal,Completed,139
TX-003313,CUST-0358,2025-06-25,145.9,PayPal,Completed,382
TX-003314,CUST-0358,2025-06-11,245.51,ACH Direct Debit,Failed,374
TX-003315,CUST-0359,2025-09-13,294.66,PayPal,Completed,158
TX-003316,CUST-0359,2025-08-20,58.87,Wire Transfer,Completed,184
TX-003317,CUST-0359,2025-11-14,403.57,Wire Transfer,Completed,224
TX-003318,CUST-0359,2025-02-12,181.41,Wire Transfer,Completed,146
TX-003319,CUST-0359,2025-01-24,161.38,ACH Direct Debit,Completed,146
TX-003320,CUST-0360,2025-12-20,320.1,PayPal,Completed,155
TX-003321,CUST-0360,2025-03-22,312.11,ACH Direct Debit,Completed,88
TX-003322,CUST-0360,2025-08-26,284.54,Wire Transfer,Completed,136
TX-003323,CUST-0360,2025-10-30,112.76,Credit Card,Completed,384
TX-003324,CUST-0360,2025-07-22,134.01,Wire Transfer,Completed,256
TX-003325,CUST-0361,2025-04-29,305.59,PayPal,Completed,229
TX-003326,CUST-0361,2025-01-04,116.92,Credit Card,Completed,123
TX-003327,CUST-0361,2025-02-24,300.93,Wire Transfer,Completed,183
TX-003328,CUST-0361,2025-09-08,313.97,Credit Card,Completed,106
TX-003329,CUST-0362,2025-12-29,303.43,Wire Transfer,Completed,125
TX-003330,CUST-0362,2025-06-24,206.99,Credit Card,Completed,218
TX-003331,CUST-0362,2025-09-21,377.78,ACH Direct Debit,Completed,382
TX-003332,CUST-0362,2025-10-24,498.83,PayPal,Completed,148
TX-003333,CUST-0362,2026-02-11,396.43,Wire Transfer,Completed,186
TX-003334,CUST-0363,2025-07-17,335.92,PayPal,Completed,348
TX-003335,CUST-0363,2025-06-19,207.12,ACH Direct Debit,Completed,222
TX-003336,CUST-0363,2025-01-07,397.71,PayPal,Failed,226
TX-003337,CUST-0363,2025-04-11,348.51,ACH Direct Debit,Completed,128
TX-003338,CUST-0364,2025-08-08,485.52,Wire Transfer,Completed,249
TX-003339,CUST-0364,2025-12-04,251.34,Credit Card,Completed,289
TX-003340,CUST-0364,2026-02-06,300.48,Credit Card,Completed,406
TX-003341,CUST-0364,2025-07-28,341.23,Wire Transfer,Completed,394
TX-003342,CUST-0364,2025-05-06,62.55,ACH Direct Debit,Completed,319
TX-003343,CUST-0364,2025-01-13,211.6,PayPal,Completed,398
TX-003344,CUST-0364,2025-05-06,93.68,PayPal,Completed,323
TX-003345,CUST-0364,2025-10-27,103.0,PayPal,Completed,268
TX-003346,CUST-0364,2025-11-28,270.94,PayPal,Completed,329
TX-003347,CUST-0364,2025-03-19,314.95,Wire Transfer,Completed,95
TX-003348,CUST-0365,2025-06-22,393.27,Wire Transfer,Completed,350
TX-003349,CUST-0365,2025-05-05,360.43,PayPal,Completed,148
TX-003350,CUST-0365,2025-11-03,339.59,Wire Transfer,Completed,269
TX-003351,CUST-0365,2025-03-06,486.32,Credit Card,Completed,349
TX-003352,CUST-0365,2025-09-09,339.78,Credit Card,Completed,329
TX-003353,CUST-0365,2025-06-24,450.89,Credit Card,Completed,146
TX-003354,CUST-0365,2026-02-03,159.15,Wire Transfer,Completed,273
TX-003355,CUST-0365,2025-12-25,231.15,Wire Transfer,Completed,295
TX-003356,CUST-0365,2025-07-08,59.9,PayPal,Refunded,168
TX-003357,CUST-0365,2025-06-26,133.69,PayPal,Completed,202
TX-003358,CUST-0366,2025-07-20,177.59,ACH Direct Debit,Completed,389
TX-003359,CUST-0366,2025-05-14,278.6,Wire Transfer,Completed,376
TX-003360,CUST-0366,2025-05-23,412.65,Credit Card,Completed,263
TX-003361,CUST-0366,2025-06-07,221.19,Wire Transfer,Failed,77
TX-003362,CUST-0366,2025-10-18,226.84,Wire Transfer,Completed,245
TX-003363,CUST-0366,2026-02-24,345.92,ACH Direct Debit,Completed,139
TX-003364,CUST-0366,2025-12-31,261.33,Credit Card,Completed,193
TX-003365,CUST-0366,2025-11-11,237.2,PayPal,Completed,206
TX-003366,CUST-0366,2025-03-12,64.29,PayPal,Completed,229
TX-003367,CUST-0366,2025-01-03,117.44,ACH Direct Debit,Completed,224
TX-003368,CUST-0366,2025-10-09,492.46,Credit Card,Completed,417
TX-003369,CUST-0366,2025-05-27,458.03,Wire Transfer,Completed,365
TX-003370,CUST-0366,2025-07-11,84.62,Credit Card,Completed,410
TX-003371,CUST-0367,2025-04-28,335.37,Wire Transfer,Completed,122
TX-003372,CUST-0367,2026-02-01,144.22,PayPal,Completed,154
TX-003373,CUST-0367,2025-06-12,60.09,ACH Direct Debit,Completed,324
TX-003374,CUST-0367,2025-01-07,215.85,ACH Direct Debit,Completed,187
TX-003375,CUST-0367,2025-04-13,32.04,Wire Transfer,Completed,145
TX-003376,CUST-0367,2025-01-14,416.2,PayPal,Completed,340
TX-003377,CUST-0368,2025-07-18,414.04,Wire Transfer,Completed,353
TX-003378,CUST-0368,2025-08-05,429.08,Wire Transfer,Completed,270
TX-003379,CUST-0368,2025-12-20,283.92,Wire Transfer,Completed,401
TX-003380,CUST-0368,2025-07-15,34.1,PayPal,Completed,204
TX-003381,CUST-0368,2025-08-11,442.05,PayPal,Completed,87
TX-003382,CUST-0369,2025-05-24,297.08,Wire Transfer,Completed,133
TX-003383,CUST-0369,2025-05-14,322.17,Wire Transfer,Completed,122
TX-003384,CUST-0369,2025-07-11,53.46,PayPal,Completed,75
TX-003385,CUST-0369,2025-05-30,214.01,Credit Card,Completed,346
TX-003386,CUST-0369,2025-10-04,442.55,Credit Card,Completed,343
TX-003387,CUST-0369,2025-05-27,149.98,Wire Transfer,Completed,219
TX-003388,CUST-0369,2025-02-02,193.83,Wire Transfer,Completed,335
TX-003389,CUST-0369,2025-06-19,119.74,Wire Transfer,Completed,127
TX-003390,CUST-0369,2025-09-02,175.84,Credit Card,Completed,333
TX-003391,CUST-0370,2025-11-24,35.65,ACH Direct Debit,Failed,339
TX-003392,CUST-0370,2025-05-25,240.27,Credit Card,Completed,305
TX-003393,CUST-0370,2025-02-16,482.17,Credit Card,Completed,154
TX-003394,CUST-0370,2025-07-27,451.81,Wire Transfer,Completed,361
TX-003395,CUST-0370,2025-09-05,359.81,ACH Direct Debit,Completed,129
TX-003396,CUST-0370,2025-08-06,491.05,ACH Direct Debit,Completed,291
TX-003397,CUST-0370,2025-07-17,236.11,Wire Transfer,Completed,341
TX-003398,CUST-0370,2025-03-23,224.5,Credit Card,Completed,96
TX-003399,CUST-0370,2025-06-20,485.73,PayPal,Completed,266
TX-003400,CUST-0370,2025-11-26,283.39,Wire Transfer,Completed,291
TX-003401,CUST-0370,2025-10-07,203.72,Wire Transfer,Refunded,197
TX-003402,CUST-0370,2025-05-25,104.83,ACH Direct Debit,Completed,147
TX-003403,CUST-0371,2025-10-14,50.36,ACH Direct Debit,Completed,351
TX-003404,CUST-0371,2025-08-08,287.58,Wire Transfer,Completed,181
TX-003405,CUST-0371,2025-01-04,101.26,ACH Direct Debit,Completed,179
TX-003406,CUST-0371,2025-04-02,255.13,Wire Transfer,Completed,378
TX-003407,CUST-0371,2025-05-11,178.83,Wire Transfer,Completed,106
TX-003408,CUST-0371,2025-09-23,204.19,Credit Card,Failed,129
TX-003409,CUST-0371,2026-02-16,285.85,ACH Direct Debit,Completed,78
TX-003410,CUST-0371,2025-03-06,446.42,Wire Transfer,Completed,402
TX-003411,CUST-0372,2026-01-02,426.97,Credit Card,Completed,318
TX-003412,CUST-0372,2025-03-03,443.05,ACH Direct Debit,Completed,146
TX-003413,CUST-0372,2025-12-01,266.86,Credit Card,Completed,75
TX-003414,CUST-0372,2025-01-05,238.02,Wire Transfer,Completed,112
TX-003415,CUST-0372,2026-01-02,433.05,ACH Direct Debit,Completed,226
TX-003416,CUST-0372,2025-04-21,447.57,ACH Direct Debit,Completed,253
TX-003417,CUST-0372,2026-02-25,355.12,ACH Direct Debit,Completed,315
TX-003418,CUST-0372,2025-03-03,348.59,PayPal,Completed,318
TX-003419,CUST-0372,2025-12-30,316.66,ACH Direct Debit,Completed,279
TX-003420,CUST-0372,2025-07-28,169.12,Wire Transfer,Completed,268
TX-003421,CUST-0372,2025-04-10,165.16,PayPal,Completed,83
TX-003422,CUST-0373,2025-03-24,470.0,ACH Direct Debit,Refunded,145
TX-003423,CUST-0373,2025-12-16,364.94,Wire Transfer,Completed,309
TX-003424,CUST-0373,2025-03-07,423.76,Credit Card,Completed,207
TX-003425,CUST-0373,2025-08-23,39.99,ACH Direct Debit,Completed,319
TX-003426,CUST-0373,2025-01-26,388.26,Credit Card,Completed,402
TX-003427,CUST-0374,2025-01-20,380.25,Wire Transfer,Completed,110
TX-003428,CUST-0374,2025-08-03,34.19,Wire Transfer,Completed,143
TX-003429,CUST-0374,2025-12-09,152.98,Wire Transfer,Completed,247
TX-003430,CUST-0374,2025-04-23,179.76,Credit Card,Completed,180
TX-003431,CUST-0374,2025-11-04,117.84,Credit Card,Completed,281
TX-003432,CUST-0374,2026-02-23,148.51,ACH Direct Debit,Failed,333
TX-003433,CUST-0374,2025-05-26,349.03,Wire Transfer,Completed,154
TX-003434,CUST-0374,2025-02-16,472.93,ACH Direct Debit,Completed,146
TX-003435,CUST-0375,2025-07-06,98.74,PayPal,Completed,233
TX-003436,CUST-0375,2025-05-16,433.41,ACH Direct Debit,Refunded,160
TX-003437,CUST-0375,2025-12-09,1163.15,Credit Card,Failed,4194
TX-003438,CUST-0375,2025-10-07,213.83,ACH Direct Debit,Completed,230
TX-003439,CUST-0375,2026-02-09,38.21,PayPal,Completed,87
TX-003440,CUST-0375,2025-05-24,127.98,Wire Transfer,Completed,133
TX-003441,CUST-0375,2026-01-09,56.8,PayPal,Refunded,176
TX-003442,CUST-0375,2025-08-04,427.16,Wire Transfer,Completed,270
TX-003443,CUST-0375,2026-02-20,36.05,Credit Card,Completed,104
TX-003444,CUST-0376,2026-02-25,309.74,Credit Card,Completed,358
TX-003445,CUST-0376,2026-01-08,31.67,Wire Transfer,Failed,347
TX-003446,CUST-0376,2025-09-27,332.54,PayPal,Completed,246
TX-003447,CUST-0376,2025-02-03,187.5,Credit Card,Completed,382
TX-003448,CUST-0376,2025-11-15,377.61,ACH Direct Debit,Completed,209
TX-003449,CUST-0376,2025-08-02,229.61,Credit Card,Completed,288
TX-003450,CUST-0376,2025-09-20,400.77,ACH Direct Debit,Completed,145
TX-003451,CUST-0376,2025-09-24,61.39,ACH Direct Debit,Completed,367
TX-003452,CUST-0376,2025-12-24,491.25,Wire Transfer,Completed,76
TX-003453,CUST-0376,2025-02-07,496.95,PayPal,Completed,120
TX-003454,CUST-0376,2025-12-15,287.79,ACH Direct Debit,Completed,200
TX-003455,CUST-0377,2025-04-14,314.19,Credit Card,Refunded,223
TX-003456,CUST-0377,2025-10-13,304.73,ACH Direct Debit,Completed,232
TX-003457,CUST-0377,2025-11-07,139.41,Credit Card,Completed,257
TX-003458,CUST-0377,2025-07-27,411.78,ACH Direct Debit,Completed,125
TX-003459,CUST-0377,2025-07-23,438.77,Wire Transfer,Completed,346
TX-003460,CUST-0377,2025-07-29,465.61,PayPal,Completed,344
TX-003461,CUST-0377,2025-01-13,71.26,ACH Direct Debit,Completed,402
TX-003462,CUST-0377,2025-03-30,308.3,Credit Card,Completed,296
TX-003463,CUST-0377,2025-10-19,358.64,ACH Direct Debit,Completed,404
TX-003464,CUST-0377,2026-02-23,182.69,Credit Card,Completed,403
TX-003465,CUST-0378,2025-05-30,302.97,Credit Card,Completed,237
TX-003466,CUST-0378,2025-03-11,182.03,ACH Direct Debit,Completed,320
TX-003467,CUST-0378,2025-06-15,488.03,Wire Transfer,Completed,269
TX-003468,CUST-0378,2025-10-13,203.6,Credit Card,Completed,87
TX-003469,CUST-0378,2025-12-30,472.36,ACH Direct Debit,Completed,300
TX-003470,CUST-0378,2025-06-18,256.94,Wire Transfer,Completed,367
TX-003471,CUST-0378,2025-10-30,479.92,Credit Card,Completed,277
TX-003472,CUST-0378,2025-10-01,280.45,PayPal,Completed,133
TX-003473,CUST-0378,2025-09-27,231.41,Credit Card,Completed,408
TX-003474,CUST-0378,2025-01-03,367.65,Wire Transfer,Completed,213
TX-003475,CUST-0379,2025-08-17,293.75,Credit Card,Completed,253
TX-003476,CUST-0379,2025-11-17,-139.47,Wire Transfer,Failed,216
TX-003477,CUST-0379,2025-01-10,88.04,Credit Card,Completed,151
TX-003478,CUST-0379,2025-02-02,332.56,PayPal,Completed,395
TX-003479,CUST-0379,2025-03-29,298.66,PayPal,Completed,280
TX-003480,CUST-0379,2025-03-18,497.87,Wire Transfer,Completed,171
TX-003481,CUST-0379,2026-02-25,85.96,Credit Card,Completed,271
TX-003482,CUST-0379,2025-01-07,397.76,Wire Transfer,Completed,175
TX-003483,CUST-0379,2026-02-20,152.99,ACH Direct Debit,Completed,272
TX-003484,CUST-0379,2025-03-13,151.99,ACH Direct Debit,Completed,306
TX-003485,CUST-0379,2026-02-10,375.35,PayPal,Completed,87
TX-003486,CUST-0380,2026-02-05,354.48,PayPal,Completed,216
TX-003487,CUST-0380,2025-07-28,348.8,ACH Direct Debit,Completed,205
TX-003488,CUST-0380,2025-10-05,454.51,PayPal,Completed,260
TX-003489,CUST-0380,2025-07-10,132.87,ACH Direct Debit,Completed,108
TX-003490,CUST-0380,2025-10-09,488.34,Wire Transfer,Completed,289
TX-003491,CUST-0380,2025-12-08,381.34,Wire Transfer,Completed,176
TX-003492,CUST-0380,2025-12-05,471.7,Wire Transfer,Failed,355
TX-003493,CUST-0380,2025-08-02,421.1,PayPal,Completed,275
TX-003494,CUST-0380,2025-05-04,102.5,ACH Direct Debit,Completed,310
TX-003495,CUST-0380,2025-01-03,464.43,ACH Direct Debit,Completed,223
TX-003496,CUST-0381,2026-02-16,316.74,Wire Transfer,Completed,407
TX-003497,CUST-0381,2026-01-09,232.39,Credit Card,Completed,247
TX-003498,CUST-0381,2025-07-02,41.18,Credit Card,Completed,231
TX-003499,CUST-0381,2025-07-04,497.43,ACH Direct Debit,Completed,164
TX-003500,CUST-0381,2025-08-26,107.64,PayPal,Completed,101
TX-003501,CUST-0381,2025-03-30,461.35,ACH Direct Debit,Completed,175
TX-003502,CUST-0381,2025-08-17,136.82,PayPal,Completed,147
TX-003503,CUST-0381,2025-05-19,328.42,Credit Card,Completed,416
TX-003504,CUST-0381,2025-05-04,294.25,PayPal,Completed,290
TX-003505,CUST-0381,2025-02-26,196.54,PayPal,Completed,400
TX-003506,CUST-0381,2025-01-12,339.23,PayPal,Completed,123
TX-003507,CUST-0381,2025-04-27,445.82,Wire Transfer,Completed,312
TX-003508,CUST-0381,2025-04-25,382.78,Credit Card,Completed,244
TX-003509,CUST-0381,2025-02-27,96.85,Wire Transfer,Completed,369
TX-003510,CUST-0381,2025-07-25,198.25,ACH Direct Debit,Completed,210
TX-003511,CUST-0382,2025-12-12,208.74,Credit Card,Completed,416
TX-003512,CUST-0382,2025-09-26,200.83,PayPal,Completed,173
TX-003513,CUST-0382,2025-06-28,167.5,ACH Direct Debit,Completed,207
TX-003514,CUST-0382,2025-01-21,405.15,Wire Transfer,Completed,395
TX-003515,CUST-0382,2025-06-15,74.07,PayPal,Completed,230
TX-003516,CUST-0382,2025-06-10,385.23,ACH Direct Debit,Completed,307
TX-003517,CUST-0382,2025-03-11,252.74,Wire Transfer,Completed,130
TX-003518,CUST-0382,2025-05-07,237.86,PayPal,Completed,146
TX-003519,CUST-0382,2025-09-01,206.04,PayPal,Completed,160
TX-003520,CUST-0382,2025-02-21,111.69,Credit Card,Completed,338
TX-003521,CUST-0382,2025-09-19,488.58,Credit Card,Completed,275
TX-003522,CUST-0382,2025-08-06,298.38,Wire Transfer,Completed,295
TX-003523,CUST-0382,2025-11-13,310.93,Credit Card,Completed,298
TX-003524,CUST-0382,2025-06-09,187.73,Wire Transfer,Completed,390
TX-003525,CUST-0382,2026-02-25,88.77,Credit Card,Completed,289
TX-003526,CUST-0382,2025-03-30,477.57,Credit Card,Completed,192
TX-003527,CUST-0383,2025-09-15,191.75,Wire Transfer,Completed,411
TX-003528,CUST-0383,2025-01-30,98.27,PayPal,Completed,199
TX-003529,CUST-0383,2025-01-24,433.74,Wire Transfer,Completed,164
TX-003530,CUST-0383,2025-02-24,145.77,ACH Direct Debit,Completed,260
TX-003531,CUST-0383,2025-07-13,249.28,PayPal,Completed,107
TX-003532,CUST-0383,2025-05-30,307.52,Credit Card,Completed,396
TX-003533,CUST-0383,2025-09-24,429.89,PayPal,Completed,228
TX-003534,CUST-0384,2026-02-12,69.74,ACH Direct Debit,Completed,409
TX-003535,CUST-0384,2025-09-05,85.79,Wire Transfer,Completed,239
TX-003536,CUST-0384,2025-12-16,304.74,ACH Direct Debit,Completed,314
TX-003537,CUST-0384,2026-02-05,481.17,Wire Transfer,Completed,306
TX-003538,CUST-0384,2025-09-18,82.43,Credit Card,Completed,389
TX-003539,CUST-0384,2026-01-10,266.61,Credit Card,Completed,391
TX-003540,CUST-0385,2025-10-09,145.71,ACH Direct Debit,Completed,113
TX-003541,CUST-0385,2025-04-22,349.32,Credit Card,Completed,322
TX-003542,CUST-0385,2025-07-03,94.35,ACH Direct Debit,Completed,306
TX-003543,CUST-0385,2025-11-26,167.25,Credit Card,Completed,391
TX-003544,CUST-0385,2025-07-11,435.79,Credit Card,Completed,215
TX-003545,CUST-0385,2026-02-19,6258.1,ACH Direct Debit,Failed,3045
TX-003546,CUST-0385,2025-10-12,318.07,Credit Card,Completed,233
TX-003547,CUST-0385,2025-03-29,309.39,Credit Card,Completed,306
TX-003548,CUST-0385,2025-05-02,334.83,Wire Transfer,Completed,79
TX-003549,CUST-0385,2025-05-20,221.8,Credit Card,Completed,253
TX-003550,CUST-0385,2025-10-02,364.16,Credit Card,Completed,292
TX-003551,CUST-0385,2025-01-23,65.49,ACH Direct Debit,Completed,356
TX-003552,CUST-0386,2025-02-06,52.78,PayPal,Completed,126
TX-003553,CUST-0386,2025-07-12,58.25,Credit Card,Completed,156
TX-003554,CUST-0386,2025-05-01,281.65,Wire Transfer,Completed,260
TX-003555,CUST-0386,2025-01-17,392.35,ACH Direct Debit,Completed,114
TX-003556,CUST-0386,2025-09-25,87.13,Credit Card,Completed,285
TX-003557,CUST-0387,2025-10-03,295.71,ACH Direct Debit,Completed,119
TX-003558,CUST-0387,2025-05-06,376.99,PayPal,Completed,313
TX-003559,CUST-0387,2025-11-28,258.46,PayPal,Completed,98
TX-003560,CUST-0387,2025-03-08,67.97,ACH Direct Debit,Completed,126
TX-003561,CUST-0387,2025-01-05,244.67,Credit Card,Completed,212
TX-003562,CUST-0387,2026-02-11,337.48,Wire Transfer,Completed,385
TX-003563,CUST-0388,2025-08-23,33.02,Credit Card,Completed,131
TX-003564,CUST-0388,2025-11-15,154.47,PayPal,Completed,260
TX-003565,CUST-0388,2025-08-04,314.59,ACH Direct Debit,Completed,277
TX-003566,CUST-0388,2025-02-28,312.02,ACH Direct Debit,Completed,330
TX-003567,CUST-0388,2025-08-17,375.15,ACH Direct Debit,Completed,420
TX-003568,CUST-0388,2026-01-20,96.44,Credit Card,Completed,374
TX-003569,CUST-0389,2026-01-15,218.81,Credit Card,Completed,300
TX-003570,CUST-0389,2025-07-10,200.82,ACH Direct Debit,Completed,125
TX-003571,CUST-0389,2026-01-18,164.65,Wire Transfer,Completed,159
TX-003572,CUST-0389,2025-12-18,337.98,Credit Card,Completed,222
TX-003573,CUST-0389,2025-06-04,169.65,ACH Direct Debit,Completed,270
TX-003574,CUST-0390,2026-01-08,132.65,ACH Direct Debit,Completed,131
TX-003575,CUST-0390,2025-08-02,396.19,Credit Card,Completed,164
TX-003576,CUST-0390,2025-07-11,117.22,ACH Direct Debit,Completed,132
TX-003577,CUST-0390,2025-04-17,446.97,PayPal,Completed,320
TX-003578,CUST-0390,2025-07-18,177.2,ACH Direct Debit,Completed,364
TX-003579,CUST-0390,2025-01-12,131.73,PayPal,Completed,193
TX-003580,CUST-0391,2025-04-23,258.62,Wire Transfer,Completed,403
TX-003581,CUST-0391,2025-12-20,426.18,Wire Transfer,Refunded,370
TX-003582,CUST-0391,2026-02-04,478.82,Wire Transfer,Completed,379
TX-003583,CUST-0391,2025-09-05,469.47,Credit Card,Completed,381
TX-003584,CUST-0391,2025-01-23,456.69,Credit Card,Completed,149
TX-003585,CUST-0391,2025-10-06,242.28,Credit Card,Completed,155
TX-003586,CUST-0391,2025-09-23,120.51,ACH Direct Debit,Completed,133
TX-003587,CUST-0391,2025-11-30,55.11,PayPal,Completed,246
TX-003588,CUST-0391,2025-10-23,254.22,Credit Card,Completed,389
TX-003589,CUST-0391,2025-06-11,105.78,Credit Card,Completed,129
TX-003590,CUST-0391,2025-05-23,286.75,PayPal,Refunded,246
TX-003591,CUST-0392,2026-01-13,74.61,Credit Card,Completed,414
TX-003592,CUST-0392,2025-08-10,66.18,Wire Transfer,Completed,235
TX-003593,CUST-0392,2025-02-18,496.78,ACH Direct Debit,Completed,123
TX-003594,CUST-0392,2025-07-07,421.42,ACH Direct Debit,Completed,166
TX-003595,CUST-0392,2025-02-22,226.72,Credit Card,Completed,285
TX-003596,CUST-0392,2025-02-15,299.76,Credit Card,Completed,344
TX-003597,CUST-0392,2025-07-20,279.29,Wire Transfer,Completed,99
TX-003598,CUST-0392,2025-11-26,416.95,PayPal,Refunded,293
TX-003599,CUST-0392,2025-04-07,403.81,Wire Transfer,Completed,133
TX-003600,CUST-0392,2025-08-04,462.83,PayPal,Completed,198
TX-003601,CUST-0392,2025-05-18,301.85,Credit Card,Completed,98
TX-003602,CUST-0393,2025-09-01,346.1,PayPal,Completed,226
TX-003603,CUST-0393,2025-09-15,135.71,Credit Card,Completed,195
TX-003604,CUST-0393,2025-03-20,256.46,Wire Transfer,Completed,186
TX-003605,CUST-0393,2025-03-16,458.06,PayPal,Completed,250
TX-003606,CUST-0393,2025-02-05,421.8,Credit Card,Completed,169
TX-003607,CUST-0393,2025-11-19,377.36,ACH Direct Debit,Completed,205
TX-003608,CUST-0394,2025-02-24,414.88,Credit Card,Completed,171
TX-003609,CUST-0394,2025-03-04,357.22,PayPal,Completed,367
TX-003610,CUST-0394,2025-05-13,75.9,Wire Transfer,Completed,359
TX-003611,CUST-0394,2025-02-18,177.56,Credit Card,Completed,101
TX-003612,CUST-0394,2026-01-31,406.46,PayPal,Completed,341
TX-003613,CUST-0395,2025-11-15,51.69,ACH Direct Debit,Completed,413
TX-003614,CUST-0395,2025-03-11,325.93,Wire Transfer,Completed,91
TX-003615,CUST-0395,2025-12-26,80.58,Credit Card,Completed,171
TX-003616,CUST-0395,2025-08-03,218.22,ACH Direct Debit,Completed,180
TX-003617,CUST-0395,2025-04-09,469.12,Credit Card,Completed,319
TX-003618,CUST-0395,2025-09-03,338.73,Wire Transfer,Completed,80
TX-003619,CUST-0395,2025-06-06,92.32,PayPal,Completed,162
TX-003620,CUST-0395,2025-02-18,353.52,Credit Card,Completed,192
TX-003621,CUST-0395,2025-07-30,346.64,PayPal,Completed,195
TX-003622,CUST-0395,2025-01-08,74.25,PayPal,Completed,407
TX-003623,CUST-0395,2025-05-18,109.05,PayPal,Completed,358
TX-003624,CUST-0395,2025-03-21,344.62,Wire Transfer,Completed,155
TX-003625,CUST-0395,2026-02-18,423.29,ACH Direct Debit,Completed,382
TX-003626,CUST-0395,2025-06-29,359.73,ACH Direct Debit,Completed,135
TX-003627,CUST-0395,2025-12-03,60.61,PayPal,Completed,215
TX-003628,CUST-0396,2025-06-08,262.65,Credit Card,Completed,351
TX-003629,CUST-0396,2025-04-09,249.71,PayPal,Completed,400
TX-003630,CUST-0396,2025-02-17,351.66,Wire Transfer,Completed,335
TX-003631,CUST-0396,2025-07-17,434.24,Wire Transfer,Completed,111
TX-003632,CUST-0397,2025-07-16,180.18,Wire Transfer,Completed,370
TX-003633,CUST-0397,2025-01-19,328.06,ACH Direct Debit,Completed,320
TX-003634,CUST-0397,2025-08-10,304.05,Wire Transfer,Completed,291
TX-003635,CUST-0397,2025-10-19,193.08,PayPal,Completed,271
TX-003636,CUST-0397,2025-02-17,422.34,Wire Transfer,Completed,352
TX-003637,CUST-0397,2025-11-08,348.1,PayPal,Completed,193
TX-003638,CUST-0397,2025-03-06,161.81,ACH Direct Debit,Completed,151
TX-003639,CUST-0397,2025-08-06,346.47,Wire Transfer,Completed,171
TX-003640,CUST-0398,2026-02-17,170.96,Wire Transfer,Completed,384
TX-003641,CUST-0398,2025-05-12,128.08,PayPal,Completed,344
TX-003642,CUST-0398,2026-01-10,47.52,Wire Transfer,Completed,260
TX-003643,CUST-0398,2025-05-26,147.07,Wire Transfer,Failed,271
TX-003644,CUST-0398,2025-10-11,184.99,Credit Card,Completed,212
TX-003645,CUST-0398,2025-10-23,435.13,PayPal,Completed,361
TX-003646,CUST-0399,2025-05-20,443.19,Wire Transfer,Completed,398
TX-003647,CUST-0399,2025-10-19,230.65,Wire Transfer,Completed,291
TX-003648,CUST-0399,2025-06-15,312.44,Credit Card,Completed,315
TX-003649,CUST-0399,2025-05-13,245.22,Credit Card,Completed,342
TX-003650,CUST-0399,2026-01-26,308.2,ACH Direct Debit,Completed,215
TX-003651,CUST-0399,2025-04-19,469.24,ACH Direct Debit,Completed,387
TX-003652,CUST-0399,2025-09-22,482.55,PayPal,Completed,376
TX-003653,CUST-0399,2025-08-22,37.71,Credit Card,Completed,309
TX-003654,CUST-0399,2025-08-10,304.59,Credit Card,Completed,208
TX-003655,CUST-0399,2025-02-11,42.37,ACH Direct Debit,Completed,343
TX-003656,CUST-0399,2025-02-22,188.26,PayPal,Completed,258
TX-003657,CUST-0399,2025-01-01,336.73,Credit Card,Completed,333
TX-003658,CUST-0400,2025-02-19,210.65,Wire Transfer,Completed,208
TX-003659,CUST-0400,2025-04-15,163.52,ACH Direct Debit,Completed,263
TX-003660,CUST-0400,2025-10-22,-273.05,PayPal,Failed,251
TX-003661,CUST-0400,2026-01-24,457.39,Wire Transfer,Completed,284
TX-003662,CUST-0400,2025-09-06,191.28,ACH Direct Debit,Completed,210
TX-003663,CUST-0400,2025-02-06,251.67,PayPal,Completed,375
TX-003664,CUST-0400,2026-02-15,239.48,PayPal,Completed,92
TX-003665,CUST-0400,2025-01-29,490.76,ACH Direct Debit,Completed,198
TX-003666,CUST-0400,2025-08-08,379.95,Credit Card,Completed,229
TX-003667,CUST-0400,2025-11-19,223.3,Wire Transfer,Completed,339
TX-003668,CUST-0400,2026-01-24,381.87,Wire Transfer,Completed,101
TX-003669,CUST-0400,2025-06-15,270.71,Credit Card,Completed,118
TX-003670,CUST-0400,2026-01-27,96.41,Credit Card,Completed,268
TX-003671,CUST-0401,2025-11-09,3268.93,Wire Transfer,Refunded,3563
TX-003672,CUST-0401,2025-12-29,260.17,Credit Card,Completed,267
TX-003673,CUST-0401,2025-04-21,212.03,ACH Direct Debit,Failed,101
TX-003674,CUST-0401,2025-04-21,149.25,PayPal,Completed,183
TX-003675,CUST-0401,2025-07-26,269.07,Credit Card,Completed,200
TX-003676,CUST-0401,2025-12-12,482.61,ACH Direct Debit,Completed,264
TX-003677,CUST-0401,2025-02-15,254.09,Wire Transfer,Completed,99
TX-003678,CUST-0401,2025-03-05,446.38,ACH Direct Debit,Completed,257
TX-003679,CUST-0401,2025-03-30,347.34,ACH Direct Debit,Completed,273
TX-003680,CUST-0401,2025-08-16,282.95,ACH Direct Debit,Completed,335
TX-003681,CUST-0401,2026-02-21,263.07,PayPal,Completed,266
TX-003682,CUST-0401,2025-11-29,142.53,Wire Transfer,Completed,332
TX-003683,CUST-0401,2025-10-28,196.45,Credit Card,Completed,310
TX-003684,CUST-0401,2026-01-21,398.48,ACH Direct Debit,Completed,313
TX-003685,CUST-0401,2025-05-25,41.76,ACH Direct Debit,Failed,86
TX-003686,CUST-0402,2025-08-28,196.7,PayPal,Completed,302
TX-003687,CUST-0402,2025-02-15,65.73,Wire Transfer,Completed,181
TX-003688,CUST-0402,2025-01-31,322.34,Credit Card,Completed,91
TX-003689,CUST-0402,2025-10-20,430.02,PayPal,Completed,284
TX-003690,CUST-0402,2026-01-07,267.93,PayPal,Completed,223
TX-003691,CUST-0402,2025-05-06,276.91,ACH Direct Debit,Completed,245
TX-003692,CUST-0402,2025-07-07,145.62,Wire Transfer,Completed,177
TX-003693,CUST-0402,2025-07-30,232.02,Credit Card,Completed,418
TX-003694,CUST-0402,2025-05-14,249.22,Credit Card,Completed,367
TX-003695,CUST-0403,2026-01-12,145.39,ACH Direct Debit,Completed,415
TX-003696,CUST-0403,2025-02-09,66.97,ACH Direct Debit,Completed,381
TX-003697,CUST-0403,2025-06-10,497.0,PayPal,Completed,127
TX-003698,CUST-0404,2025-04-21,381.97,Credit Card,Completed,216
TX-003699,CUST-0404,2025-06-09,373.18,ACH Direct Debit,Failed,292
TX-003700,CUST-0404,2025-09-19,3189.57,ACH Direct Debit,Refunded,3890
TX-003701,CUST-0404,2025-12-10,335.92,Wire Transfer,Completed,271
TX-003702,CUST-0404,2025-12-29,318.63,PayPal,Completed,143
TX-003703,CUST-0404,2025-11-04,-305.5,Credit Card,Failed,344
TX-003704,CUST-0404,2025-05-22,367.61,Wire Transfer,Completed,193
TX-003705,CUST-0404,2025-10-22,361.05,PayPal,Completed,221
TX-003706,CUST-0404,2025-05-23,423.94,Wire Transfer,Completed,394
TX-003707,CUST-0404,2025-03-21,61.53,Credit Card,Completed,109
TX-003708,CUST-0404,2025-09-30,212.62,Wire Transfer,Completed,323
TX-003709,CUST-0405,2025-10-10,307.67,PayPal,Completed,307
TX-003710,CUST-0405,2025-03-27,152.74,Credit Card,Completed,229
TX-003711,CUST-0405,2025-04-07,183.84,Wire Transfer,Completed,127
TX-003712,CUST-0405,2026-01-05,136.19,PayPal,Completed,405
TX-003713,CUST-0405,2025-02-12,282.52,ACH Direct Debit,Completed,283
TX-003714,CUST-0405,2025-09-03,172.15,Credit Card,Completed,179
TX-003715,CUST-0406,2025-12-12,118.31,PayPal,Completed,338
TX-003716,CUST-0406,2025-08-03,393.05,PayPal,Completed,115
TX-003717,CUST-0406,2025-11-23,108.86,PayPal,Completed,356
TX-003718,CUST-0406,2025-11-15,409.16,Credit Card,Completed,370
TX-003719,CUST-0406,2025-03-29,486.43,Credit Card,Completed,267
TX-003720,CUST-0406,2025-07-12,246.54,Wire Transfer,Completed,166
TX-003721,CUST-0406,2025-02-19,306.17,Credit Card,Completed,367
TX-003722,CUST-0406,2026-01-10,56.08,PayPal,Completed,347
TX-003723,CUST-0406,2025-07-17,118.87,Wire Transfer,Refunded,385
TX-003724,CUST-0406,2025-06-09,459.92,ACH Direct Debit,Completed,386
TX-003725,CUST-0406,2026-01-17,425.36,Credit Card,Completed,101
TX-003726,CUST-0407,2025-02-02,272.05,Credit Card,Completed,173
TX-003727,CUST-0407,2025-06-01,370.15,PayPal,Completed,202
TX-003728,CUST-0407,2025-07-05,122.02,Credit Card,Completed,107
TX-003729,CUST-0407,2025-04-08,57.68,Credit Card,Completed,80
TX-003730,CUST-0407,2025-12-10,364.74,ACH Direct Debit,Refunded,390
TX-003731,CUST-0408,2025-11-11,288.04,ACH Direct Debit,Completed,235
TX-003732,CUST-0408,2026-01-15,424.52,PayPal,Completed,231
TX-003733,CUST-0408,2025-03-03,398.05,Credit Card,Completed,169
TX-003734,CUST-0408,2025-03-14,221.11,Wire Transfer,Completed,381
TX-003735,CUST-0408,2025-01-29,225.98,Credit Card,Completed,391
TX-003736,CUST-0408,2025-01-12,227.09,ACH Direct Debit,Refunded,270
TX-003737,CUST-0408,2025-12-20,-319.45,Wire Transfer,Failed,372
TX-003738,CUST-0408,2025-03-23,342.15,Wire Transfer,Completed,138
TX-003739,CUST-0409,2025-09-15,464.78,ACH Direct Debit,Completed,117
TX-003740,CUST-0409,2025-07-02,466.1,ACH Direct Debit,Completed,407
TX-003741,CUST-0409,2025-03-16,44.32,Credit Card,Completed,213
TX-003742,CUST-0409,2026-01-17,31.82,PayPal,Completed,192
TX-003743,CUST-0409,2025-09-10,90.87,Wire Transfer,Completed,396
TX-003744,CUST-0409,2025-03-22,98.51,PayPal,Completed,405
TX-003745,CUST-0409,2025-10-14,189.61,Wire Transfer,Completed,140
TX-003746,CUST-0409,2025-10-12,247.65,PayPal,Completed,387
TX-003747,CUST-0409,2025-06-21,117.55,Credit Card,Completed,97
TX-003748,CUST-0410,2025-03-17,459.36,ACH Direct Debit,Completed,279
TX-003749,CUST-0410,2025-01-23,165.38,ACH Direct Debit,Completed,168
TX-003750,CUST-0410,2026-02-05,198.55,ACH Direct Debit,Completed,319
TX-003751,CUST-0410,2025-12-21,490.47,Credit Card,Completed,96
TX-003752,CUST-0410,2025-05-12,439.19,ACH Direct Debit,Completed,374
TX-003753,CUST-0410,2025-07-20,482.58,ACH Direct Debit,Completed,93
TX-003754,CUST-0410,2025-06-18,324.69,ACH Direct Debit,Completed,143
TX-003755,CUST-0410,2025-09-29,269.07,Wire Transfer,Completed,270
TX-003756,CUST-0410,2025-02-07,126.82,Wire Transfer,Completed,101
TX-003757,CUST-0410,2025-03-12,426.37,Wire Transfer,Refunded,120
TX-003758,CUST-0410,2025-10-12,209.63,PayPal,Completed,321
TX-003759,CUST-0410,2025-12-07,384.02,Credit Card,Completed,115
TX-003760,CUST-0410,2025-04-20,269.2,PayPal,Completed,137
TX-003761,CUST-0410,2025-09-24,305.83,Wire Transfer,Completed,240
TX-003762,CUST-0411,2025-10-19,166.23,Credit Card,Completed,137
TX-003763,CUST-0411,2025-07-05,139.68,PayPal,Completed,362
TX-003764,CUST-0411,2025-02-17,479.94,PayPal,Completed,185
TX-003765,CUST-0411,2026-01-09,133.9,PayPal,Completed,276
TX-003766,CUST-0411,2025-09-19,386.8,ACH Direct Debit,Completed,395
TX-003767,CUST-0411,2026-02-14,185.91,Wire Transfer,Completed,151
TX-003768,CUST-0411,2025-07-08,393.92,Wire Transfer,Completed,348
TX-003769,CUST-0411,2025-09-27,455.93,Credit Card,Completed,75
TX-003770,CUST-0411,2025-09-27,132.62,PayPal,Completed,182
TX-003771,CUST-0411,2025-08-07,281.53,ACH Direct Debit,Completed,291
TX-003772,CUST-0411,2025-11-24,-262.75,PayPal,Failed,282
TX-003773,CUST-0411,2025-06-15,406.8,PayPal,Completed,212
TX-003774,CUST-0411,2025-10-22,253.22,Wire Transfer,Completed,193
TX-003775,CUST-0411,2025-02-11,470.69,PayPal,Completed,251
TX-003776,CUST-0412,2025-11-18,104.56,ACH Direct Debit,Completed,393
TX-003777,CUST-0412,2025-05-22,70.88,ACH Direct Debit,Completed,400
TX-003778,CUST-0412,2025-12-17,447.04,Credit Card,Completed,294
TX-003779,CUST-0412,2026-01-19,336.4,PayPal,Completed,391
TX-003780,CUST-0412,2025-06-21,135.29,Credit Card,Completed,257
TX-003781,CUST-0412,2026-01-28,198.35,ACH Direct Debit,Completed,234
TX-003782,CUST-0412,2025-08-14,278.81,Credit Card,Completed,79
TX-003783,CUST-0412,2025-10-17,479.04,Credit Card,Completed,333
TX-003784,CUST-0412,2025-02-26,216.12,PayPal,Completed,94
TX-003785,CUST-0412,2025-10-22,253.44,Wire Transfer,Failed,163
TX-003786,CUST-0412,2025-03-06,276.43,Wire Transfer,Completed,185
TX-003787,CUST-0412,2025-09-03,209.34,PayPal,Completed,365
TX-003788,CUST-0413,2025-12-02,356.25,Credit Card,Completed,399
TX-003789,CUST-0413,2025-05-21,33.81,Credit Card,Completed,228
TX-003790,CUST-0413,2025-06-20,439.12,ACH Direct Debit,Completed,198
TX-003791,CUST-0413,2025-07-24,493.78,PayPal,Completed,252
TX-003792,CUST-0413,2025-08-02,443.95,ACH Direct Debit,Completed,374
TX-003793,CUST-0413,2025-01-21,319.08,ACH Direct Debit,Failed,211
TX-003794,CUST-0413,2025-11-21,359.24,Wire Transfer,Completed,99
TX-003795,CUST-0413,2025-07-22,464.83,Credit Card,Completed,228
TX-003796,CUST-0413,2025-02-24,311.67,PayPal,Completed,346
TX-003797,CUST-0414,2025-08-16,377.28,PayPal,Completed,153
TX-003798,CUST-0414,2026-01-13,50.01,Wire Transfer,Failed,257
TX-003799,CUST-0414,2025-10-13,-145.57,ACH Direct Debit,Failed,307
TX-003800,CUST-0414,2025-06-24,441.13,ACH Direct Debit,Completed,120
TX-003801,CUST-0414,2025-04-04,225.89,ACH Direct Debit,Completed,385
TX-003802,CUST-0414,2025-11-25,270.64,Credit Card,Completed,277
TX-003803,CUST-0414,2025-09-04,420.16,Credit Card,Completed,363
TX-003804,CUST-0414,2025-11-07,267.29,Wire Transfer,Completed,266
TX-003805,CUST-0414,2025-10-21,348.47,Wire Transfer,Completed,124
TX-003806,CUST-0415,2025-04-16,345.93,Wire Transfer,Completed,216
TX-003807,CUST-0415,2025-09-24,386.89,PayPal,Completed,339
TX-003808,CUST-0415,2025-12-06,298.07,ACH Direct Debit,Completed,302
TX-003809,CUST-0415,2026-02-04,180.04,PayPal,Completed,321
TX-003810,CUST-0415,2025-06-05,370.88,PayPal,Completed,182
TX-003811,CUST-0415,2025-04-24,492.48,Credit Card,Completed,316
TX-003812,CUST-0415,2025-06-22,434.12,Credit Card,Failed,164
TX-003813,CUST-0415,2025-10-26,154.85,Wire Transfer,Completed,102
TX-003814,CUST-0416,2025-02-27,192.51,Credit Card,Completed,312
TX-003815,CUST-0416,2025-12-06,52.44,ACH Direct Debit,Completed,245
TX-003816,CUST-0416,2025-08-21,433.64,Wire Transfer,Failed,389
TX-003817,CUST-0416,2025-12-06,63.73,ACH Direct Debit,Completed,209
TX-003818,CUST-0416,2025-03-10,111.29,PayPal,Failed,314
TX-003819,CUST-0416,2025-07-25,149.64,ACH Direct Debit,Completed,213
TX-003820,CUST-0416,2025-06-08,74.76,Wire Transfer,Completed,407
TX-003821,CUST-0417,2025-12-07,177.61,PayPal,Completed,149
TX-003822,CUST-0417,2025-06-28,289.76,PayPal,Completed,420
TX-003823,CUST-0417,2025-09-06,381.01,Credit Card,Completed,324
TX-003824,CUST-0417,2025-12-01,222.13,PayPal,Completed,346
TX-003825,CUST-0417,2025-11-18,330.93,Wire Transfer,Completed,285
TX-003826,CUST-0417,2026-01-15,375.95,Credit Card,Completed,401
TX-003827,CUST-0417,2025-06-03,38.57,ACH Direct Debit,Completed,280
TX-003828,CUST-0417,2025-11-21,366.67,ACH Direct Debit,Completed,327
TX-003829,CUST-0417,2026-01-04,410.4,Credit Card,Refunded,200
TX-003830,CUST-0417,2025-10-12,194.17,Wire Transfer,Refunded,249
TX-003831,CUST-0417,2025-09-13,471.25,ACH Direct Debit,Completed,281
TX-003832,CUST-0417,2025-01-14,119.75,ACH Direct Debit,Completed,126
TX-003833,CUST-0418,2025-11-12,348.57,ACH Direct Debit,Completed,95
TX-003834,CUST-0418,2026-01-19,46.57,PayPal,Completed,368
TX-003835,CUST-0418,2025-10-22,45.72,PayPal,Completed,380
TX-003836,CUST-0418,2025-06-10,349.55,PayPal,Completed,154
TX-003837,CUST-0418,2025-10-24,410.9,ACH Direct Debit,Completed,356
TX-003838,CUST-0418,2025-08-16,218.85,ACH Direct Debit,Completed,176
TX-003839,CUST-0418,2025-05-03,202.97,ACH Direct Debit,Completed,257
TX-003840,CUST-0418,2025-01-24,259.85,Wire Transfer,Completed,143
TX-003841,CUST-0419,2026-02-03,70.13,Wire Transfer,Completed,251
TX-003842,CUST-0419,2025-11-10,33.43,PayPal,Completed,99
TX-003843,CUST-0419,2025-03-26,261.47,ACH Direct Debit,Completed,389
TX-003844,CUST-0419,2025-12-11,463.76,Credit Card,Completed,365
TX-003845,CUST-0419,2025-12-22,155.97,Credit Card,Completed,175
TX-003846,CUST-0419,2025-12-07,54.23,ACH Direct Debit,Completed,191
TX-003847,CUST-0419,2025-07-06,293.54,PayPal,Completed,87
TX-003848,CUST-0420,2025-12-09,225.09,PayPal,Completed,316
TX-003849,CUST-0420,2025-12-29,395.85,ACH Direct Debit,Completed,334
TX-003850,CUST-0420,2025-08-08,471.32,Wire Transfer,Completed,139
TX-003851,CUST-0420,2026-02-12,407.07,PayPal,Completed,395
TX-003852,CUST-0420,2025-03-23,408.4,Wire Transfer,Completed,130
TX-003853,CUST-0421,2025-06-20,410.71,PayPal,Refunded,276
TX-003854,CUST-0421,2025-08-20,482.97,PayPal,Completed,214
TX-003855,CUST-0421,2025-12-25,130.94,Credit Card,Completed,237
TX-003856,CUST-0421,2025-02-26,274.76,PayPal,Completed,347
TX-003857,CUST-0421,2025-02-13,130.5,Credit Card,Completed,171
TX-003858,CUST-0421,2025-12-18,188.92,Credit Card,Completed,357
TX-003859,CUST-0421,2025-12-20,308.76,Credit Card,Completed,294
TX-003860,CUST-0421,2025-10-02,395.94,PayPal,Failed,329
TX-003861,CUST-0421,2025-07-15,345.26,Wire Transfer,Completed,113
TX-003862,CUST-0421,2025-04-12,144.18,Credit Card,Completed,105
TX-003863,CUST-0421,2025-04-05,238.17,Credit Card,Completed,274
TX-003864,CUST-0421,2025-09-18,256.39,ACH Direct Debit,Completed,224
TX-003865,CUST-0421,2025-01-24,3940.47,Credit Card,Refunded,3479
TX-003866,CUST-0421,2025-10-06,141.5,PayPal,Completed,148
TX-003867,CUST-0421,2025-01-02,257.1,Wire Transfer,Completed,108
TX-003868,CUST-0421,2025-02-18,264.52,ACH Direct Debit,Completed,354
TX-003869,CUST-0422,2025-01-26,338.68,Wire Transfer,Completed,274
TX-003870,CUST-0422,2025-01-23,136.31,PayPal,Completed,157
TX-003871,CUST-0422,2025-12-02,184.4,PayPal,Completed,389
TX-003872,CUST-0422,2025-02-25,306.75,Wire Transfer,Completed,93
TX-003873,CUST-0422,2025-11-08,350.41,Credit Card,Completed,203
TX-003874,CUST-0422,2025-10-17,368.08,PayPal,Completed,405
TX-003875,CUST-0422,2025-03-08,188.06,ACH Direct Debit,Completed,133
TX-003876,CUST-0422,2025-12-16,54.95,Credit Card,Completed,266
TX-003877,CUST-0422,2025-04-07,216.64,Credit Card,Completed,371
TX-003878,CUST-0422,2025-08-25,160.32,Credit Card,Failed,245
TX-003879,CUST-0422,2025-11-03,147.02,PayPal,Completed,145
TX-003880,CUST-0423,2025-07-25,404.07,Credit Card,Completed,132
TX-003881,CUST-0423,2025-10-09,362.68,Wire Transfer,Completed,216
TX-003882,CUST-0423,2025-11-05,139.0,PayPal,Completed,263
TX-003883,CUST-0423,2025-04-09,350.75,PayPal,Completed,117
TX-003884,CUST-0423,2025-08-18,142.48,PayPal,Completed,118
TX-003885,CUST-0424,2025-07-13,299.74,Wire Transfer,Completed,251
TX-003886,CUST-0424,2026-01-12,68.3,Wire Transfer,Completed,120
TX-003887,CUST-0424,2025-04-07,70.79,ACH Direct Debit,Failed,337
TX-003888,CUST-0424,2025-10-17,301.75,ACH Direct Debit,Completed,248
TX-003889,CUST-0424,2025-02-21,261.61,Wire Transfer,Completed,323
TX-003890,CUST-0424,2025-01-17,192.34,PayPal,Completed,104
TX-003891,CUST-0424,2025-02-07,90.9,Credit Card,Completed,270
TX-003892,CUST-0425,2025-05-10,284.21,PayPal,Completed,399
TX-003893,CUST-0425,2025-04-17,142.36,ACH Direct Debit,Completed,207
TX-003894,CUST-0425,2026-01-27,421.38,Credit Card,Completed,416
TX-003895,CUST-0425,2025-01-05,212.25,ACH Direct Debit,Failed,241
TX-003896,CUST-0425,2025-12-13,328.46,ACH Direct Debit,Completed,115
TX-003897,CUST-0425,2026-01-25,141.08,ACH Direct Debit,Completed,165
TX-003898,CUST-0425,2026-01-19,419.5,ACH Direct Debit,Completed,245
TX-003899,CUST-0425,2025-05-16,497.44,PayPal,Completed,75
TX-003900,CUST-0425,2025-10-01,433.63,Wire Transfer,Completed,299
TX-003901,CUST-0426,2025-03-01,284.46,PayPal,Completed,273
TX-003902,CUST-0426,2025-05-29,106.23,PayPal,Completed,379
TX-003903,CUST-0426,2026-02-23,302.47,Credit Card,Completed,319
TX-003904,CUST-0426,2025-02-23,80.53,PayPal,Completed,369
TX-003905,CUST-0426,2025-08-19,200.17,ACH Direct Debit,Completed,254
TX-003906,CUST-0426,2025-03-18,270.52,Wire Transfer,Completed,152
TX-003907,CUST-0426,2025-06-01,268.25,Credit Card,Completed,87
TX-003908,CUST-0426,2025-11-08,268.51,PayPal,Completed,269
TX-003909,CUST-0426,2026-01-15,225.93,Wire Transfer,Completed,269
TX-003910,CUST-0426,2025-11-29,367.38,ACH Direct Debit,Completed,186
TX-003911,CUST-0426,2026-02-05,287.49,ACH Direct Debit,Completed,301
TX-003912,CUST-0426,2025-08-13,310.19,ACH Direct Debit,Completed,409
TX-003913,CUST-0426,2025-03-15,206.84,ACH Direct Debit,Completed,376
TX-003914,CUST-0426,2025-02-05,344.94,PayPal,Completed,299
TX-003915,CUST-0426,2025-03-05,91.11,Credit Card,Completed,163
TX-003916,CUST-0426,2025-07-28,283.63,Wire Transfer,Completed,160
TX-003917,CUST-0427,2025-04-09,351.67,Wire Transfer,Completed,101
TX-003918,CUST-0427,2025-11-12,307.01,ACH Direct Debit,Completed,218
TX-003919,CUST-0427,2026-02-21,362.93,PayPal,Completed,268
TX-003920,CUST-0427,2025-12-29,136.49,Wire Transfer,Completed,279
TX-003921,CUST-0427,2025-04-08,190.28,Wire Transfer,Completed,275
TX-003922,CUST-0427,2025-11-03,173.59,Credit Card,Completed,250
TX-003923,CUST-0428,2026-02-07,209.79,PayPal,Completed,204
TX-003924,CUST-0428,2025-05-28,279.9,Credit Card,Completed,249
TX-003925,CUST-0428,2025-10-24,326.92,PayPal,Completed,341
TX-003926,CUST-0429,2025-07-05,194.53,Credit Card,Completed,148
TX-003927,CUST-0429,2025-06-15,146.36,PayPal,Refunded,229
TX-003928,CUST-0429,2025-06-20,406.34,ACH Direct Debit,Completed,292
TX-003929,CUST-0429,2025-10-06,216.54,Wire Transfer,Completed,96
TX-003930,CUST-0429,2025-03-28,87.5,Credit Card,Completed,321
TX-003931,CUST-0430,2026-01-03,454.68,Wire Transfer,Failed,287
TX-003932,CUST-0430,2025-10-04,411.22,ACH Direct Debit,Completed,322
TX-003933,CUST-0430,2025-04-14,418.39,PayPal,Completed,203
TX-003934,CUST-0430,2025-10-18,200.28,ACH Direct Debit,Completed,370
TX-003935,CUST-0430,2025-12-08,301.4,Wire Transfer,Completed,133
TX-003936,CUST-0430,2025-04-10,387.31,Credit Card,Completed,334
TX-003937,CUST-0430,2025-01-10,182.37,PayPal,Completed,166
TX-003938,CUST-0430,2025-06-23,351.84,Wire Transfer,Completed,85
TX-003939,CUST-0430,2026-01-10,360.55,ACH Direct Debit,Completed,117
TX-003940,CUST-0430,2025-07-04,169.85,ACH Direct Debit,Completed,109
TX-003941,CUST-0430,2025-11-14,94.62,PayPal,Completed,109
TX-003942,CUST-0430,2025-07-27,225.07,Credit Card,Completed,238
TX-003943,CUST-0431,2025-02-20,197.09,PayPal,Completed,367
TX-003944,CUST-0431,2025-03-29,417.86,PayPal,Completed,278
TX-003945,CUST-0431,2025-05-30,375.42,PayPal,Completed,171
TX-003946,CUST-0431,2025-09-17,477.6,Wire Transfer,Completed,196
TX-003947,CUST-0431,2025-07-23,281.41,Credit Card,Completed,293
TX-003948,CUST-0431,2025-05-13,187.72,ACH Direct Debit,Completed,153
TX-003949,CUST-0431,2025-09-06,65.47,Credit Card,Completed,347
TX-003950,CUST-0431,2025-11-14,3343.36,ACH Direct Debit,Refunded,1937
TX-003951,CUST-0431,2025-11-08,491.17,Wire Transfer,Completed,417
TX-003952,CUST-0431,2025-06-29,64.6,Wire Transfer,Completed,136
TX-003953,CUST-0431,2025-10-09,370.2,Wire Transfer,Completed,196
TX-003954,CUST-0431,2025-10-17,2321.11,ACH Direct Debit,Failed,4151
TX-003955,CUST-0431,2025-10-27,190.02,PayPal,Completed,127
TX-003956,CUST-0431,2025-06-15,410.96,ACH Direct Debit,Completed,183
TX-003957,CUST-0431,2025-02-12,162.74,ACH Direct Debit,Completed,84
TX-003958,CUST-0432,2025-08-24,172.27,PayPal,Completed,233
TX-003959,CUST-0432,2025-10-15,411.03,ACH Direct Debit,Completed,373
TX-003960,CUST-0432,2025-03-08,192.54,Credit Card,Completed,354
TX-003961,CUST-0432,2025-04-02,171.18,Wire Transfer,Completed,315
TX-003962,CUST-0432,2026-01-24,464.28,PayPal,Completed,311
TX-003963,CUST-0432,2025-06-02,119.9,PayPal,Completed,397
TX-003964,CUST-0432,2025-11-15,451.47,ACH Direct Debit,Completed,159
TX-003965,CUST-0432,2025-07-05,253.98,PayPal,Completed,282
TX-003966,CUST-0433,2025-09-23,437.28,Credit Card,Completed,155
TX-003967,CUST-0433,2026-01-26,408.86,PayPal,Completed,348
TX-003968,CUST-0433,2025-03-06,167.72,Credit Card,Failed,289
TX-003969,CUST-0433,2026-01-05,53.42,PayPal,Completed,382
TX-003970,CUST-0433,2025-09-05,137.19,ACH Direct Debit,Completed,222
TX-003971,CUST-0433,2025-07-15,356.43,PayPal,Completed,145
TX-003972,CUST-0434,2025-03-20,463.74,Credit Card,Completed,381
TX-003973,CUST-0434,2026-01-03,480.01,Credit Card,Refunded,397
TX-003974,CUST-0434,2025-12-14,186.08,Credit Card,Failed,130
TX-003975,CUST-0434,2026-01-21,246.25,Credit Card,Completed,277
TX-003976,CUST-0434,2025-05-13,260.93,Credit Card,Completed,290
TX-003977,CUST-0434,2025-01-06,328.04,Wire Transfer,Completed,139
TX-003978,CUST-0434,2025-04-22,490.08,PayPal,Completed,214
TX-003979,CUST-0434,2025-03-25,104.22,PayPal,Completed,199
TX-003980,CUST-0434,2025-11-12,226.11,Credit Card,Completed,321
TX-003981,CUST-0434,2025-06-30,147.12,Wire Transfer,Completed,161
TX-003982,CUST-0434,2026-01-15,171.56,Credit Card,Completed,195
TX-003983,CUST-0434,2025-01-22,368.26,Credit Card,Completed,363
TX-003984,CUST-0435,2025-11-22,56.13,PayPal,Completed,307
TX-003985,CUST-0435,2025-06-04,98.46,PayPal,Completed,202
TX-003986,CUST-0435,2025-06-12,152.11,Wire Transfer,Completed,220
TX-003987,CUST-0435,2025-03-05,218.26,Credit Card,Completed,148
TX-003988,CUST-0435,2026-01-12,233.45,Wire Transfer,Failed,212
TX-003989,CUST-0435,2025-11-15,122.33,Credit Card,Completed,369
TX-003990,CUST-0435,2025-05-22,180.15,Wire Transfer,Completed,418
TX-003991,CUST-0435,2026-02-10,495.93,Wire Transfer,Completed,337
TX-003992,CUST-0435,2025-06-21,244.64,Wire Transfer,Completed,336
TX-003993,CUST-0435,2025-05-07,39.26,Wire Transfer,Completed,216
TX-003994,CUST-0435,2025-01-26,114.97,Wire Transfer,Completed,233
TX-003995,CUST-0435,2025-03-20,167.77,PayPal,Completed,204
TX-003996,CUST-0435,2025-04-08,365.85,PayPal,Completed,103
TX-003997,CUST-0435,2025-01-23,182.37,Wire Transfer,Completed,99
TX-003998,CUST-0436,2025-02-19,414.86,PayPal,Completed,120
TX-003999,CUST-0436,2025-06-16,281.13,PayPal,Failed,375
TX-004000,CUST-0436,2025-11-21,498.9,PayPal,Completed,152
TX-004001,CUST-0436,2025-06-24,214.84,PayPal,Completed,378
TX-004002,CUST-0436,2026-02-21,204.96,Credit Card,Completed,239
TX-004003,CUST-0436,2025-09-06,392.23,PayPal,Completed,121
TX-004004,CUST-0436,2025-01-11,194.17,PayPal,Completed,233
TX-004005,CUST-0436,2026-01-26,487.83,ACH Direct Debit,Completed,315
TX-004006,CUST-0437,2026-01-23,177.61,ACH Direct Debit,Completed,137
TX-004007,CUST-0437,2025-08-10,404.84,Wire Transfer,Completed,338
TX-004008,CUST-0437,2025-05-23,-222.5,ACH Direct Debit,Failed,380
TX-004009,CUST-0437,2025-03-03,380.14,PayPal,Completed,113
TX-004010,CUST-0437,2026-01-02,233.31,Credit Card,Completed,79
TX-004011,CUST-0437,2025-08-23,234.83,Credit Card,Completed,96
TX-004012,CUST-0437,2025-06-10,315.34,ACH Direct Debit,Completed,331
TX-004013,CUST-0437,2025-11-01,239.33,Wire Transfer,Completed,231
TX-004014,CUST-0437,2025-12-21,483.25,Credit Card,Completed,333
TX-004015,CUST-0437,2025-02-25,50.74,Credit Card,Completed,288
TX-004016,CUST-0437,2026-01-11,131.78,Credit Card,Completed,337
TX-004017,CUST-0437,2025-10-03,309.13,ACH Direct Debit,Completed,275
TX-004018,CUST-0437,2025-05-05,290.79,PayPal,Completed,335
TX-004019,CUST-0437,2025-02-15,277.9,Credit Card,Failed,290
TX-004020,CUST-0437,2025-06-29,325.02,ACH Direct Debit,Completed,270
TX-004021,CUST-0437,2026-01-24,291.7,Credit Card,Completed,269
TX-004022,CUST-0438,2025-09-03,476.15,Credit Card,Completed,155
TX-004023,CUST-0438,2025-12-11,344.32,Wire Transfer,Completed,304
TX-004024,CUST-0438,2025-08-23,129.07,Wire Transfer,Completed,84
TX-004025,CUST-0439,2026-01-06,364.6,ACH Direct Debit,Completed,348
TX-004026,CUST-0439,2025-11-06,238.42,PayPal,Completed,381
TX-004027,CUST-0439,2025-02-22,331.53,Wire Transfer,Completed,220
TX-004028,CUST-0439,2025-07-30,246.88,Credit Card,Completed,273
TX-004029,CUST-0439,2025-08-11,208.09,Credit Card,Completed,288
TX-004030,CUST-0439,2025-10-15,188.68,PayPal,Completed,126
TX-004031,CUST-0439,2025-07-01,232.62,ACH Direct Debit,Completed,386
TX-004032,CUST-0439,2025-04-17,498.55,ACH Direct Debit,Completed,120
TX-004033,CUST-0439,2025-04-18,306.63,PayPal,Completed,91
TX-004034,CUST-0439,2025-08-08,185.7,ACH Direct Debit,Completed,197
TX-004035,CUST-0439,2025-09-04,-403.46,Credit Card,Failed,231
TX-004036,CUST-0439,2025-07-13,262.71,Wire Transfer,Completed,130
TX-004037,CUST-0439,2025-08-01,80.63,Credit Card,Completed,321
TX-004038,CUST-0439,2025-02-22,97.48,PayPal,Failed,145
TX-004039,CUST-0440,2025-06-14,41.17,Credit Card,Completed,250
TX-004040,CUST-0440,2025-09-17,496.96,Wire Transfer,Completed,415
TX-004041,CUST-0440,2025-10-18,427.92,ACH Direct Debit,Completed,309
TX-004042,CUST-0440,2025-03-11,175.63,PayPal,Completed,184
TX-004043,CUST-0440,2025-05-08,277.29,Credit Card,Completed,105
TX-004044,CUST-0440,2025-05-30,135.0,Wire Transfer,Completed,232
TX-004045,CUST-0440,2025-01-10,261.11,ACH Direct Debit,Completed,217
TX-004046,CUST-0440,2025-06-10,495.47,ACH Direct Debit,Completed,273
TX-004047,CUST-0441,2025-04-10,198.84,PayPal,Completed,268
TX-004048,CUST-0441,2025-03-21,242.6,Wire Transfer,Completed,281
TX-004049,CUST-0441,2025-03-07,147.41,ACH Direct Debit,Completed,221
TX-004050,CUST-0441,2026-01-16,250.01,Credit Card,Completed,127
TX-004051,CUST-0441,2025-12-04,203.41,Credit Card,Completed,97
TX-004052,CUST-0441,2025-09-22,429.9,Credit Card,Completed,334
TX-004053,CUST-0441,2025-06-22,62.64,Credit Card,Completed,97
TX-004054,CUST-0441,2025-04-03,132.23,PayPal,Completed,344
TX-004055,CUST-0441,2025-09-06,328.4,Wire Transfer,Completed,360
TX-004056,CUST-0441,2025-08-02,68.96,PayPal,Completed,275
TX-004057,CUST-0441,2025-06-05,1544.58,PayPal,Failed,2563
TX-004058,CUST-0441,2025-10-02,285.78,ACH Direct Debit,Completed,111
TX-004059,CUST-0441,2025-05-01,247.15,Credit Card,Completed,96
TX-004060,CUST-0441,2025-02-26,459.3,ACH Direct Debit,Completed,153
TX-004061,CUST-0442,2025-10-28,411.72,Wire Transfer,Completed,137
TX-004062,CUST-0442,2025-12-09,2550.63,Credit Card,Refunded,2580
TX-004063,CUST-0442,2025-09-14,296.89,Wire Transfer,Completed,127
TX-004064,CUST-0442,2026-01-11,178.2,Wire Transfer,Completed,411
TX-004065,CUST-0442,2025-06-05,371.35,Wire Transfer,Completed,357
TX-004066,CUST-0442,2025-05-29,59.79,Credit Card,Completed,209
TX-004067,CUST-0442,2025-04-12,385.14,Credit Card,Failed,131
TX-004068,CUST-0442,2025-06-09,34.56,Wire Transfer,Completed,118
TX-004069,CUST-0442,2025-03-22,177.99,PayPal,Completed,375
TX-004070,CUST-0442,2025-06-09,241.7,PayPal,Completed,287
TX-004071,CUST-0442,2026-02-10,52.45,PayPal,Completed,272
TX-004072,CUST-0442,2025-12-05,414.24,Wire Transfer,Completed,183
TX-004073,CUST-0442,2025-02-23,153.46,ACH Direct Debit,Completed,274
TX-004074,CUST-0443,2026-01-27,101.66,Credit Card,Completed,316
TX-004075,CUST-0443,2025-08-21,371.05,ACH Direct Debit,Completed,184
TX-004076,CUST-0443,2025-05-16,151.39,ACH Direct Debit,Failed,389
TX-004077,CUST-0443,2025-01-02,314.01,Wire Transfer,Completed,386
TX-004078,CUST-0443,2025-07-21,381.46,ACH Direct Debit,Completed,222
TX-004079,CUST-0444,2025-02-06,32.02,ACH Direct Debit,Completed,189
TX-004080,CUST-0444,2025-06-29,139.86,PayPal,Completed,405
TX-004081,CUST-0444,2025-09-08,464.97,Credit Card,Completed,119
TX-004082,CUST-0444,2025-02-11,42.58,PayPal,Completed,282
TX-004083,CUST-0444,2025-07-28,399.8,ACH Direct Debit,Completed,190
TX-004084,CUST-0444,2025-05-28,40.02,ACH Direct Debit,Failed,223
TX-004085,CUST-0444,2025-08-26,311.74,PayPal,Completed,268
TX-004086,CUST-0445,2025-05-10,272.88,Credit Card,Completed,407
TX-004087,CUST-0445,2025-01-13,494.47,Credit Card,Completed,308
TX-004088,CUST-0445,2026-01-21,63.75,PayPal,Completed,188
TX-004089,CUST-0445,2025-10-21,456.5,Credit Card,Completed,178
TX-004090,CUST-0445,2025-08-16,278.07,ACH Direct Debit,Completed,112
TX-004091,CUST-0445,2025-01-27,496.57,Credit Card,Completed,87
TX-004092,CUST-0445,2025-05-18,164.71,ACH Direct Debit,Completed,257
TX-004093,CUST-0445,2025-08-18,161.28,PayPal,Completed,415
TX-004094,CUST-0445,2025-12-06,295.38,Wire Transfer,Completed,250
TX-004095,CUST-0445,2025-04-28,296.75,Wire Transfer,Completed,88
TX-004096,CUST-0445,2025-07-04,1969.4,Wire Transfer,Refunded,1726
TX-004097,CUST-0446,2025-11-17,219.98,ACH Direct Debit,Completed,272
TX-004098,CUST-0446,2025-11-28,420.79,PayPal,Completed,307
TX-004099,CUST-0446,2026-01-26,230.96,Wire Transfer,Completed,214
TX-004100,CUST-0446,2025-04-11,402.61,ACH Direct Debit,Completed,253
TX-004101,CUST-0446,2025-06-18,485.78,ACH Direct Debit,Completed,393
TX-004102,CUST-0446,2025-12-04,411.67,Credit Card,Completed,414
TX-004103,CUST-0446,2025-05-04,158.54,ACH Direct Debit,Completed,138
TX-004104,CUST-0446,2025-11-08,213.54,PayPal,Completed,295
TX-004105,CUST-0446,2025-10-14,331.31,ACH Direct Debit,Completed,192
TX-004106,CUST-0447,2025-03-06,85.67,Credit Card,Completed,273
TX-004107,CUST-0447,2025-07-21,357.82,PayPal,Completed,388
TX-004108,CUST-0447,2026-01-20,153.6,ACH Direct Debit,Completed,181
TX-004109,CUST-0447,2025-01-08,77.76,PayPal,Completed,396
TX-004110,CUST-0447,2025-09-06,32.3,PayPal,Completed,381
TX-004111,CUST-0447,2025-12-05,92.19,ACH Direct Debit,Completed,125
TX-004112,CUST-0447,2025-07-23,478.27,Wire Transfer,Completed,152
TX-004113,CUST-0447,2025-11-06,421.86,Wire Transfer,Completed,243
TX-004114,CUST-0447,2025-07-19,5915.33,Credit Card,Failed,1955
TX-004115,CUST-0447,2026-02-23,183.55,ACH Direct Debit,Completed,111
TX-004116,CUST-0447,2025-04-09,294.07,Credit Card,Completed,394
TX-004117,CUST-0447,2025-03-13,475.35,Wire Transfer,Completed,75
TX-004118,CUST-0448,2026-01-27,120.81,Credit Card,Refunded,415
TX-004119,CUST-0448,2026-01-27,349.79,ACH Direct Debit,Completed,362
TX-004120,CUST-0448,2025-03-07,122.42,PayPal,Completed,112
TX-004121,CUST-0448,2025-09-28,88.69,Wire Transfer,Failed,313
TX-004122,CUST-0448,2025-11-18,496.17,ACH Direct Debit,Failed,260
TX-004123,CUST-0448,2025-02-05,314.78,Wire Transfer,Completed,111
TX-004124,CUST-0448,2025-03-13,39.87,ACH Direct Debit,Completed,116
TX-004125,CUST-0448,2026-02-25,165.09,Wire Transfer,Completed,107
TX-004126,CUST-0448,2025-01-15,103.1,ACH Direct Debit,Completed,134
TX-004127,CUST-0448,2025-11-08,142.21,Credit Card,Completed,237
TX-004128,CUST-0448,2025-07-31,428.38,Wire Transfer,Completed,82
TX-004129,CUST-0448,2025-04-26,397.33,Wire Transfer,Completed,367
TX-004130,CUST-0448,2025-06-25,95.76,ACH Direct Debit,Completed,151
TX-004131,CUST-0449,2025-08-21,458.41,PayPal,Completed,383
TX-004132,CUST-0449,2025-11-06,427.49,PayPal,Failed,159
TX-004133,CUST-0449,2025-04-05,456.29,PayPal,Completed,206
TX-004134,CUST-0449,2026-01-25,481.87,ACH Direct Debit,Completed,397
TX-004135,CUST-0449,2025-09-17,83.09,Wire Transfer,Completed,134
TX-004136,CUST-0449,2025-04-24,51.78,Credit Card,Completed,384
TX-004137,CUST-0449,2025-06-14,294.11,PayPal,Completed,245
TX-004138,CUST-0449,2025-11-01,347.16,ACH Direct Debit,Completed,103
TX-004139,CUST-0449,2025-12-24,447.73,Credit Card,Completed,346
TX-004140,CUST-0449,2025-03-29,463.48,PayPal,Completed,152
TX-004141,CUST-0449,2025-07-19,478.25,ACH Direct Debit,Completed,134
TX-004142,CUST-0449,2025-07-22,370.68,PayPal,Completed,172
TX-004143,CUST-0449,2025-02-07,3303.83,ACH Direct Debit,Refunded,2911
TX-004144,CUST-0449,2026-01-30,136.87,PayPal,Completed,367
TX-004145,CUST-0449,2025-09-08,430.78,Wire Transfer,Completed,252
TX-004146,CUST-0450,2026-01-04,242.18,Wire Transfer,Completed,112
TX-004147,CUST-0450,2025-07-20,482.69,ACH Direct Debit,Completed,186
TX-004148,CUST-0450,2025-03-17,481.81,ACH Direct Debit,Completed,409
TX-004149,CUST-0450,2025-02-23,78.6,Wire Transfer,Completed,359
TX-004150,CUST-0450,2025-04-16,127.76,ACH Direct Debit,Completed,353
TX-004151,CUST-0450,2025-05-08,45.07,Wire Transfer,Completed,149
TX-004152,CUST-0450,2025-11-18,148.79,Wire Transfer,Completed,146
TX-004153,CUST-0451,2025-03-29,405.7,Wire Transfer,Completed,316
TX-004154,CUST-0451,2025-02-12,110.73,PayPal,Refunded,293
TX-004155,CUST-0451,2025-10-06,194.0,Credit Card,Completed,316
TX-004156,CUST-0451,2025-11-12,241.12,ACH Direct Debit,Completed,226
TX-004157,CUST-0451,2025-05-10,419.91,ACH Direct Debit,Completed,157
TX-004158,CUST-0451,2026-01-26,447.37,PayPal,Completed,242
TX-004159,CUST-0451,2025-06-30,186.05,PayPal,Completed,84
TX-004160,CUST-0451,2025-02-11,45.21,PayPal,Completed,230
TX-004161,CUST-0451,2025-12-30,90.58,Credit Card,Completed,163
TX-004162,CUST-0451,2025-01-07,1377.49,PayPal,Failed,2028
TX-004163,CUST-0451,2025-01-20,102.16,Wire Transfer,Completed,193
TX-004164,CUST-0451,2025-12-09,157.71,ACH Direct Debit,Completed,402
TX-004165,CUST-0451,2025-06-19,409.23,Wire Transfer,Completed,297
TX-004166,CUST-0451,2025-10-14,44.16,Wire Transfer,Completed,287
TX-004167,CUST-0451,2025-03-05,228.35,ACH Direct Debit,Completed,293
TX-004168,CUST-0451,2026-01-08,3212.52,PayPal,Refunded,1505
TX-004169,CUST-0452,2025-05-10,-60.21,ACH Direct Debit,Failed,205
TX-004170,CUST-0452,2025-07-20,154.03,PayPal,Completed,90
TX-004171,CUST-0452,2025-05-29,400.73,Credit Card,Completed,89
TX-004172,CUST-0452,2025-09-08,221.39,Wire Transfer,Completed,286
TX-004173,CUST-0452,2025-09-22,31.69,Credit Card,Completed,124
TX-004174,CUST-0452,2025-06-12,414.51,ACH Direct Debit,Completed,283
TX-004175,CUST-0452,2025-02-20,373.48,Wire Transfer,Completed,137
TX-004176,CUST-0453,2025-06-19,205.06,Credit Card,Completed,158
TX-004177,CUST-0453,2025-06-16,266.51,PayPal,Completed,308
TX-004178,CUST-0453,2025-05-01,194.43,PayPal,Failed,104
TX-004179,CUST-0453,2025-09-12,497.68,Wire Transfer,Completed,249
TX-004180,CUST-0453,2025-11-02,201.14,PayPal,Completed,119
TX-004181,CUST-0453,2026-02-02,104.8,Wire Transfer,Completed,334
TX-004182,CUST-0453,2025-08-26,239.3,Credit Card,Completed,350
TX-004183,CUST-0453,2025-04-24,68.75,Wire Transfer,Completed,347
TX-004184,CUST-0453,2025-01-11,149.72,Credit Card,Completed,348
TX-004185,CUST-0453,2025-12-28,386.84,PayPal,Completed,353
TX-004186,CUST-0453,2025-03-09,113.7,PayPal,Completed,187
TX-004187,CUST-0453,2025-12-21,391.04,Wire Transfer,Completed,261
TX-004188,CUST-0453,2025-01-24,183.21,PayPal,Completed,363
TX-004189,CUST-0453,2025-08-16,263.08,Wire Transfer,Completed,120
TX-004190,CUST-0454,2025-08-18,495.04,PayPal,Completed,189
TX-004191,CUST-0454,2026-01-24,185.74,PayPal,Completed,148
TX-004192,CUST-0454,2025-06-16,390.52,Credit Card,Refunded,119
TX-004193,CUST-0454,2025-10-09,297.89,ACH Direct Debit,Failed,257
TX-004194,CUST-0454,2025-01-20,405.06,Wire Transfer,Completed,253
TX-004195,CUST-0454,2025-04-03,84.65,ACH Direct Debit,Completed,269
TX-004196,CUST-0454,2025-02-01,33.65,Credit Card,Completed,214
TX-004197,CUST-0454,2025-03-08,345.66,Wire Transfer,Completed,339
TX-004198,CUST-0454,2025-01-04,352.82,Credit Card,Completed,218
TX-004199,CUST-0454,2026-01-15,84.91,ACH Direct Debit,Completed,367
TX-004200,CUST-0454,2025-10-23,445.41,PayPal,Completed,139
TX-004201,CUST-0454,2025-12-23,215.16,ACH Direct Debit,Completed,187
TX-004202,CUST-0454,2026-01-19,284.27,Wire Transfer,Completed,255
TX-004203,CUST-0454,2025-09-20,201.78,ACH Direct Debit,Completed,362
TX-004204,CUST-0454,2025-09-20,336.42,ACH Direct Debit,Completed,207
TX-004205,CUST-0455,2025-12-23,144.07,Credit Card,Completed,366
TX-004206,CUST-0455,2025-08-29,141.49,PayPal,Completed,390
TX-004207,CUST-0455,2026-02-05,160.05,PayPal,Completed,403
TX-004208,CUST-0455,2025-05-22,81.85,Wire Transfer,Completed,306
TX-004209,CUST-0455,2026-01-16,230.24,Wire Transfer,Completed,250
TX-004210,CUST-0455,2025-06-02,391.24,ACH Direct Debit,Completed,365
TX-004211,CUST-0455,2025-01-16,470.24,Wire Transfer,Completed,202
TX-004212,CUST-0455,2025-11-09,272.39,Credit Card,Completed,401
TX-004213,CUST-0455,2025-08-25,411.82,PayPal,Failed,368
TX-004214,CUST-0456,2025-06-10,241.71,ACH Direct Debit,Completed,419
TX-004215,CUST-0456,2025-12-07,493.52,PayPal,Completed,268
TX-004216,CUST-0456,2025-04-22,495.76,Wire Transfer,Completed,325
TX-004217,CUST-0456,2025-01-30,498.16,ACH Direct Debit,Completed,125
TX-004218,CUST-0456,2025-08-27,479.93,PayPal,Completed,401
TX-004219,CUST-0456,2025-12-03,42.0,Wire Transfer,Completed,326
TX-004220,CUST-0456,2025-07-18,304.42,PayPal,Completed,176
TX-004221,CUST-0456,2025-05-25,36.42,PayPal,Completed,284
TX-004222,CUST-0456,2025-03-08,478.35,Wire Transfer,Completed,97
TX-004223,CUST-0456,2025-02-14,389.54,Wire Transfer,Completed,276
TX-004224,CUST-0456,2025-08-23,141.81,PayPal,Completed,244
TX-004225,CUST-0457,2025-08-19,103.26,Wire Transfer,Completed,102
TX-004226,CUST-0457,2025-05-06,155.88,PayPal,Completed,224
TX-004227,CUST-0457,2025-01-18,305.03,ACH Direct Debit,Completed,235
TX-004228,CUST-0457,2025-01-22,459.23,ACH Direct Debit,Completed,95
TX-004229,CUST-0457,2025-05-09,64.61,PayPal,Completed,233
TX-004230,CUST-0457,2025-10-16,158.82,Wire Transfer,Completed,275
TX-004231,CUST-0457,2025-02-25,288.98,Wire Transfer,Completed,414
TX-004232,CUST-0457,2025-09-02,348.19,PayPal,Completed,82
TX-004233,CUST-0457,2025-01-16,235.67,Wire Transfer,Completed,153
TX-004234,CUST-0457,2025-10-05,335.08,ACH Direct Debit,Completed,398
TX-004235,CUST-0457,2025-06-01,163.14,Credit Card,Completed,255
TX-004236,CUST-0457,2025-05-12,204.36,Credit Card,Completed,249
TX-004237,CUST-0458,2025-07-28,129.76,ACH Direct Debit,Completed,78
TX-004238,CUST-0458,2026-01-29,283.3,Wire Transfer,Failed,234
TX-004239,CUST-0458,2025-04-29,333.7,Credit Card,Completed,173
TX-004240,CUST-0458,2025-05-15,348.84,Wire Transfer,Completed,89
TX-004241,CUST-0458,2025-07-24,295.82,ACH Direct Debit,Failed,147
TX-004242,CUST-0459,2025-01-09,116.36,ACH Direct Debit,Completed,151
TX-004243,CUST-0459,2025-07-11,475.98,Credit Card,Completed,280
TX-004244,CUST-0459,2025-08-10,332.36,Credit Card,Completed,87
TX-004245,CUST-0459,2025-06-24,348.76,Wire Transfer,Completed,103
TX-004246,CUST-0459,2025-05-10,175.39,Wire Transfer,Completed,298
TX-004247,CUST-0459,2025-02-28,209.72,Wire Transfer,Completed,357
TX-004248,CUST-0459,2026-01-22,352.54,Credit Card,Completed,400
TX-004249,CUST-0459,2026-01-15,310.25,Wire Transfer,Completed,268
TX-004250,CUST-0459,2025-02-27,31.15,Wire Transfer,Completed,87
TX-004251,CUST-0459,2025-03-30,462.23,Wire Transfer,Completed,103
TX-004252,CUST-0459,2025-03-16,270.13,Wire Transfer,Completed,302
TX-004253,CUST-0459,2025-08-21,396.32,ACH Direct Debit,Completed,392
TX-004254,CUST-0460,2025-10-05,281.66,Wire Transfer,Completed,160
TX-004255,CUST-0460,2025-02-01,218.11,Credit Card,Completed,413
TX-004256,CUST-0460,2025-02-10,491.0,PayPal,Completed,370
TX-004257,CUST-0460,2025-05-13,225.5,Wire Transfer,Completed,332
TX-004258,CUST-0460,2026-01-15,444.09,ACH Direct Debit,Completed,81
TX-004259,CUST-0460,2026-02-24,-355.53,PayPal,Failed,289
TX-004260,CUST-0460,2025-08-14,103.15,ACH Direct Debit,Completed,250
TX-004261,CUST-0460,2025-04-22,242.93,PayPal,Completed,203
TX-004262,CUST-0460,2025-01-08,237.51,PayPal,Completed,385
TX-004263,CUST-0460,2025-09-03,250.01,Credit Card,Refunded,102
TX-004264,CUST-0460,2025-03-14,455.29,Wire Transfer,Completed,385
TX-004265,CUST-0460,2025-10-07,173.97,Wire Transfer,Completed,106
TX-004266,CUST-0460,2025-09-20,404.42,Credit Card,Completed,280
TX-004267,CUST-0460,2025-12-29,332.63,Credit Card,Completed,136
TX-004268,CUST-0461,2025-04-11,436.87,Credit Card,Failed,339
TX-004269,CUST-0461,2025-06-21,211.98,Wire Transfer,Completed,352
TX-004270,CUST-0461,2025-02-08,354.29,ACH Direct Debit,Completed,280
TX-004271,CUST-0461,2025-10-23,423.91,Wire Transfer,Completed,148
TX-004272,CUST-0461,2025-03-05,443.66,PayPal,Completed,209
TX-004273,CUST-0461,2025-05-02,492.0,ACH Direct Debit,Completed,213
TX-004274,CUST-0461,2026-02-10,38.46,PayPal,Refunded,118
TX-004275,CUST-0461,2025-10-12,39.27,ACH Direct Debit,Completed,135
TX-004276,CUST-0462,2025-02-22,202.5,Credit Card,Completed,314
TX-004277,CUST-0462,2025-08-30,418.69,PayPal,Completed,190
TX-004278,CUST-0462,2026-01-10,238.04,PayPal,Completed,152
TX-004279,CUST-0462,2025-07-31,69.12,Credit Card,Completed,109
TX-004280,CUST-0462,2025-01-27,347.85,PayPal,Completed,129
TX-004281,CUST-0462,2025-01-15,3078.81,ACH Direct Debit,Refunded,2925
TX-004282,CUST-0462,2025-03-25,352.46,Wire Transfer,Completed,192
TX-004283,CUST-0462,2025-01-17,68.5,ACH Direct Debit,Completed,163
TX-004284,CUST-0462,2025-07-06,455.1,ACH Direct Debit,Completed,317
TX-004285,CUST-0462,2025-12-12,355.62,ACH Direct Debit,Completed,245
TX-004286,CUST-0463,2025-11-01,437.52,Wire Transfer,Completed,233
TX-004287,CUST-0463,2025-06-27,101.13,PayPal,Completed,390
TX-004288,CUST-0463,2025-12-09,334.77,Credit Card,Completed,117
TX-004289,CUST-0463,2025-06-28,395.92,PayPal,Completed,224
TX-004290,CUST-0463,2025-02-17,453.21,Wire Transfer,Completed,197
TX-004291,CUST-0463,2025-08-16,401.02,ACH Direct Debit,Completed,277
TX-004292,CUST-0463,2025-07-14,280.78,Credit Card,Completed,267
TX-004293,CUST-0463,2025-09-29,180.51,ACH Direct Debit,Completed,120
TX-004294,CUST-0464,2025-11-03,338.93,ACH Direct Debit,Completed,341
TX-004295,CUST-0464,2025-09-22,269.3,Credit Card,Completed,376
TX-004296,CUST-0464,2025-04-19,479.32,PayPal,Completed,332
TX-004297,CUST-0464,2026-01-12,51.21,Credit Card,Completed,205
TX-004298,CUST-0464,2025-10-17,320.09,PayPal,Completed,182
TX-004299,CUST-0464,2026-01-27,144.44,Credit Card,Completed,300
TX-004300,CUST-0464,2025-02-19,453.64,PayPal,Completed,104
TX-004301,CUST-0465,2025-12-21,434.95,ACH Direct Debit,Completed,203
TX-004302,CUST-0465,2025-09-19,316.55,Wire Transfer,Completed,239
TX-004303,CUST-0465,2025-02-09,144.1,Wire Transfer,Completed,285
TX-004304,CUST-0465,2025-01-27,414.81,Credit Card,Completed,176
TX-004305,CUST-0465,2026-01-24,48.75,PayPal,Completed,411
TX-004306,CUST-0465,2025-03-21,192.7,Wire Transfer,Completed,328
TX-004307,CUST-0465,2025-01-05,187.42,ACH Direct Debit,Completed,354
TX-004308,CUST-0465,2026-02-10,287.59,Credit Card,Completed,387
TX-004309,CUST-0465,2026-01-24,408.05,PayPal,Completed,205
TX-004310,CUST-0465,2025-08-17,1568.5,Credit Card,Refunded,2515
TX-004311,CUST-0465,2025-09-04,368.9,Wire Transfer,Refunded,317
TX-004312,CUST-0465,2025-02-11,153.26,Credit Card,Completed,168
TX-004313,CUST-0465,2026-02-19,157.57,Wire Transfer,Completed,393
TX-004314,CUST-0465,2025-08-05,239.63,ACH Direct Debit,Completed,294
TX-004315,CUST-0465,2025-10-29,496.78,PayPal,Completed,315
TX-004316,CUST-0466,2025-09-20,151.25,Wire Transfer,Failed,225
TX-004317,CUST-0466,2025-05-23,32.01,Wire Transfer,Completed,144
TX-004318,CUST-0466,2025-08-01,497.52,ACH Direct Debit,Failed,243
TX-004319,CUST-0466,2025-04-04,356.83,Wire Transfer,Refunded,107
TX-004320,CUST-0466,2025-05-09,207.13,Wire Transfer,Completed,383
TX-004321,CUST-0466,2025-05-23,425.5,Wire Transfer,Completed,225
TX-004322,CUST-0466,2025-08-05,367.82,Credit Card,Completed,283
TX-004323,CUST-0466,2025-07-04,222.51,Wire Transfer,Completed,144
TX-004324,CUST-0467,2025-02-01,484.06,PayPal,Completed,89
TX-004325,CUST-0467,2025-11-11,148.59,Credit Card,Failed,236
TX-004326,CUST-0467,2025-07-13,46.51,PayPal,Completed,305
TX-004327,CUST-0467,2025-05-04,146.6,Wire Transfer,Failed,300
TX-004328,CUST-0467,2026-02-18,445.93,ACH Direct Debit,Completed,326
TX-004329,CUST-0467,2025-11-22,334.89,PayPal,Completed,308
TX-004330,CUST-0467,2025-08-03,118.38,Credit Card,Completed,128
TX-004331,CUST-0467,2025-04-18,3216.72,Credit Card,Refunded,2261
TX-004332,CUST-0467,2025-07-22,225.61,PayPal,Completed,227
TX-004333,CUST-0467,2025-09-20,218.63,PayPal,Completed,296
TX-004334,CUST-0467,2025-02-10,275.76,Wire Transfer,Completed,396
TX-004335,CUST-0467,2025-06-23,95.57,ACH Direct Debit,Completed,414
TX-004336,CUST-0467,2025-08-10,304.48,PayPal,Completed,236
TX-004337,CUST-0467,2025-07-19,306.99,Wire Transfer,Completed,344
TX-004338,CUST-0467,2025-10-02,265.71,ACH Direct Debit,Refunded,347
TX-004339,CUST-0467,2025-01-19,184.32,Wire Transfer,Completed,115
TX-004340,CUST-0468,2025-11-12,283.99,Wire Transfer,Completed,310
TX-004341,CUST-0468,2025-04-18,380.52,ACH Direct Debit,Completed,181
TX-004342,CUST-0468,2025-09-25,235.15,ACH Direct Debit,Failed,301
TX-004343,CUST-0468,2025-10-07,212.92,PayPal,Completed,352
TX-004344,CUST-0468,2025-04-06,251.46,Wire Transfer,Refunded,268
TX-004345,CUST-0468,2025-03-18,32.96,Wire Transfer,Completed,322
TX-004346,CUST-0468,2025-05-18,235.69,Wire Transfer,Completed,78
TX-004347,CUST-0468,2025-04-24,155.0,ACH Direct Debit,Completed,400
TX-004348,CUST-0468,2025-05-05,190.8,Wire Transfer,Failed,173
TX-004349,CUST-0468,2026-02-16,430.14,Credit Card,Completed,404
TX-004350,CUST-0468,2025-01-29,149.7,ACH Direct Debit,Completed,346
TX-004351,CUST-0468,2025-04-22,58.62,Wire Transfer,Completed,311
TX-004352,CUST-0468,2025-03-29,288.85,Credit Card,Failed,304
TX-004353,CUST-0468,2025-06-09,363.32,Wire Transfer,Completed,96
TX-004354,CUST-0468,2025-06-19,190.83,Wire Transfer,Completed,285
TX-004355,CUST-0468,2025-10-24,404.01,PayPal,Completed,309
TX-004356,CUST-0469,2025-02-23,225.32,Credit Card,Completed,350
TX-004357,CUST-0469,2025-07-04,400.7,ACH Direct Debit,Completed,221
TX-004358,CUST-0469,2025-04-30,277.99,Credit Card,Completed,250
TX-004359,CUST-0469,2025-06-02,483.04,PayPal,Failed,418
TX-004360,CUST-0470,2025-12-10,232.68,Wire Transfer,Completed,181
TX-004361,CUST-0470,2025-11-16,428.63,PayPal,Completed,158
TX-004362,CUST-0470,2025-06-30,281.29,ACH Direct Debit,Completed,299
TX-004363,CUST-0470,2025-03-24,142.4,PayPal,Completed,235
TX-004364,CUST-0470,2025-03-23,228.22,PayPal,Completed,286
TX-004365,CUST-0470,2025-04-16,57.8,Wire Transfer,Completed,99
TX-004366,CUST-0470,2025-10-22,270.48,ACH Direct Debit,Completed,198
TX-004367,CUST-0470,2025-02-16,437.56,PayPal,Completed,353
TX-004368,CUST-0470,2025-08-06,288.37,Credit Card,Completed,355
TX-004369,CUST-0470,2025-01-20,-284.19,PayPal,Failed,209
TX-004370,CUST-0470,2026-02-24,132.68,ACH Direct Debit,Completed,176
TX-004371,CUST-0470,2025-01-11,90.77,ACH Direct Debit,Completed,326
TX-004372,CUST-0470,2025-02-06,499.05,PayPal,Completed,262
TX-004373,CUST-0470,2025-08-25,357.51,ACH Direct Debit,Completed,226
TX-004374,CUST-0471,2025-10-18,191.33,PayPal,Completed,263
TX-004375,CUST-0471,2025-06-15,451.38,Credit Card,Completed,397
TX-004376,CUST-0471,2025-08-15,83.92,Wire Transfer,Completed,221
TX-004377,CUST-0471,2025-11-16,192.14,PayPal,Completed,235
TX-004378,CUST-0471,2025-03-15,410.23,Wire Transfer,Completed,307
TX-004379,CUST-0471,2026-02-01,386.87,Credit Card,Completed,235
TX-004380,CUST-0471,2025-11-09,325.7,PayPal,Completed,228
TX-004381,CUST-0471,2025-09-09,168.84,Wire Transfer,Completed,151
TX-004382,CUST-0472,2026-02-09,409.21,PayPal,Completed,397
TX-004383,CUST-0472,2025-08-26,125.17,Credit Card,Completed,355
TX-004384,CUST-0472,2025-04-07,416.59,Credit Card,Completed,198
TX-004385,CUST-0473,2025-03-28,376.78,Wire Transfer,Completed,221
TX-004386,CUST-0473,2025-10-26,124.13,Credit Card,Completed,194
TX-004387,CUST-0473,2025-10-22,147.74,Credit Card,Completed,120
TX-004388,CUST-0473,2025-07-05,367.66,PayPal,Completed,256
TX-004389,CUST-0473,2025-10-26,297.05,ACH Direct Debit,Failed,219
TX-004390,CUST-0473,2025-11-08,459.16,Wire Transfer,Completed,410
TX-004391,CUST-0473,2025-06-16,1949.32,Credit Card,Failed,3934
TX-004392,CUST-0473,2025-04-15,405.96,PayPal,Completed,194
TX-004393,CUST-0473,2025-08-31,62.27,Wire Transfer,Completed,394
TX-004394,CUST-0473,2025-08-25,230.93,PayPal,Completed,170
TX-004395,CUST-0473,2026-02-24,90.36,Wire Transfer,Completed,152
TX-004396,CUST-0473,2025-11-14,70.57,Wire Transfer,Completed,179
TX-004397,CUST-0473,2025-01-21,73.37,Wire Transfer,Completed,231
TX-004398,CUST-0473,2025-11-13,277.05,Credit Card,Completed,359
TX-004399,CUST-0473,2025-10-24,208.53,Credit Card,Completed,259
TX-004400,CUST-0474,2025-10-21,80.62,Wire Transfer,Completed,377
TX-004401,CUST-0474,2025-02-05,345.23,Wire Transfer,Failed,275
TX-004402,CUST-0474,2025-02-18,237.87,ACH Direct Debit,Completed,295
TX-004403,CUST-0474,2025-09-08,55.3,Credit Card,Completed,110
TX-004404,CUST-0474,2025-01-06,433.38,Credit Card,Completed,355
TX-004405,CUST-0474,2025-11-13,84.12,PayPal,Completed,320
TX-004406,CUST-0474,2026-02-21,437.4,Credit Card,Completed,180
TX-004407,CUST-0474,2026-01-26,447.06,ACH Direct Debit,Completed,209
TX-004408,CUST-0474,2025-01-15,480.33,ACH Direct Debit,Completed,340
TX-004409,CUST-0474,2025-06-26,57.27,Wire Transfer,Completed,307
TX-004410,CUST-0474,2025-07-03,362.52,ACH Direct Debit,Completed,152
TX-004411,CUST-0474,2026-01-23,380.8,ACH Direct Debit,Completed,88
TX-004412,CUST-0474,2025-11-25,266.8,Credit Card,Refunded,408
TX-004413,CUST-0474,2025-06-11,392.16,Credit Card,Refunded,300
TX-004414,CUST-0474,2025-04-07,387.06,Wire Transfer,Completed,269
TX-004415,CUST-0474,2025-01-31,229.53,PayPal,Completed,86
TX-004416,CUST-0475,2025-11-02,435.45,Wire Transfer,Completed,278
TX-004417,CUST-0475,2026-01-02,94.35,Credit Card,Completed,186
TX-004418,CUST-0475,2025-01-15,261.78,Credit Card,Completed,237
TX-004419,CUST-0475,2026-02-05,42.42,Credit Card,Completed,108
TX-004420,CUST-0475,2025-10-14,227.8,Credit Card,Completed,185
TX-004421,CUST-0475,2026-02-14,383.74,PayPal,Completed,348
TX-004422,CUST-0475,2025-05-27,444.39,Wire Transfer,Completed,344
TX-004423,CUST-0475,2025-05-05,250.02,ACH Direct Debit,Completed,77
TX-004424,CUST-0475,2025-04-06,96.81,Wire Transfer,Completed,241
TX-004425,CUST-0476,2025-07-11,288.69,Credit Card,Completed,215
TX-004426,CUST-0476,2025-04-19,321.5,Credit Card,Failed,369
TX-004427,CUST-0476,2025-04-20,462.09,Wire Transfer,Completed,159
TX-004428,CUST-0476,2025-08-08,262.94,ACH Direct Debit,Completed,180
TX-004429,CUST-0476,2025-04-11,216.3,Wire Transfer,Completed,400
TX-004430,CUST-0476,2025-09-30,37.99,ACH Direct Debit,Completed,195
TX-004431,CUST-0476,2025-07-06,273.87,ACH Direct Debit,Completed,215
TX-004432,CUST-0476,2025-12-31,154.9,Wire Transfer,Completed,326
TX-004433,CUST-0476,2025-01-20,218.15,Wire Transfer,Completed,245
TX-004434,CUST-0476,2025-10-22,237.86,PayPal,Completed,137
TX-004435,CUST-0476,2025-01-03,271.05,Credit Card,Completed,212
TX-004436,CUST-0476,2025-07-09,236.52,ACH Direct Debit,Completed,234
TX-004437,CUST-0476,2025-02-05,64.17,ACH Direct Debit,Completed,135
TX-004438,CUST-0477,2025-04-12,442.4,ACH Direct Debit,Completed,339
TX-004439,CUST-0477,2026-01-19,381.72,PayPal,Completed,249
TX-004440,CUST-0477,2025-07-14,486.53,Wire Transfer,Completed,164
TX-004441,CUST-0478,2025-09-17,383.94,Credit Card,Completed,193
TX-004442,CUST-0478,2025-05-17,409.27,PayPal,Completed,214
TX-004443,CUST-0478,2025-05-24,496.18,ACH Direct Debit,Completed,256
TX-004444,CUST-0478,2025-01-15,34.17,ACH Direct Debit,Completed,119
TX-004445,CUST-0478,2025-11-26,490.33,ACH Direct Debit,Failed,151
TX-004446,CUST-0478,2026-02-14,305.91,ACH Direct Debit,Completed,139
TX-004447,CUST-0478,2026-01-16,439.97,PayPal,Completed,346
TX-004448,CUST-0478,2025-12-03,399.47,ACH Direct Debit,Completed,372
TX-004449,CUST-0478,2025-01-11,490.52,Credit Card,Completed,207
TX-004450,CUST-0479,2025-12-16,461.8,Wire Transfer,Completed,353
TX-004451,CUST-0479,2025-07-30,407.66,PayPal,Completed,84
TX-004452,CUST-0479,2025-10-15,157.84,Credit Card,Completed,317
TX-004453,CUST-0479,2025-01-08,354.78,PayPal,Failed,324
TX-004454,CUST-0479,2025-12-31,340.56,Wire Transfer,Completed,138
TX-004455,CUST-0479,2025-11-01,478.69,ACH Direct Debit,Completed,388
TX-004456,CUST-0479,2025-10-22,184.77,ACH Direct Debit,Refunded,118
TX-004457,CUST-0479,2025-12-23,358.14,PayPal,Completed,297
TX-004458,CUST-0479,2025-03-28,265.23,Credit Card,Completed,132
TX-004459,CUST-0480,2025-08-17,126.21,PayPal,Completed,371
TX-004460,CUST-0480,2025-12-23,383.09,Credit Card,Completed,194
TX-004461,CUST-0480,2026-02-22,222.37,ACH Direct Debit,Completed,191
TX-004462,CUST-0480,2025-05-23,457.44,Credit Card,Completed,324
TX-004463,CUST-0480,2025-01-28,822.32,PayPal,Failed,1923
TX-004464,CUST-0480,2025-11-22,338.37,Wire Transfer,Completed,113
TX-004465,CUST-0480,2025-01-21,432.52,PayPal,Completed,364
TX-004466,CUST-0480,2025-02-16,358.46,Wire Transfer,Completed,163
TX-004467,CUST-0480,2025-06-10,365.41,Wire Transfer,Completed,352
TX-004468,CUST-0480,2025-09-05,109.42,ACH Direct Debit,Completed,316
TX-004469,CUST-0480,2025-12-04,261.21,Credit Card,Completed,138
TX-004470,CUST-0480,2025-03-12,224.84,ACH Direct Debit,Completed,215
TX-004471,CUST-0480,2025-02-19,419.13,Credit Card,Completed,361
TX-004472,CUST-0481,2025-09-26,436.69,PayPal,Completed,94
TX-004473,CUST-0481,2025-02-07,468.21,Credit Card,Completed,324
TX-004474,CUST-0481,2025-03-01,494.76,PayPal,Failed,228
TX-004475,CUST-0481,2025-05-11,209.46,Wire Transfer,Refunded,127
TX-004476,CUST-0481,2025-01-31,386.38,PayPal,Completed,230
TX-004477,CUST-0481,2025-09-08,130.06,PayPal,Completed,418
TX-004478,CUST-0481,2025-12-30,116.82,PayPal,Completed,417
TX-004479,CUST-0481,2025-10-14,347.1,Credit Card,Completed,328
TX-004480,CUST-0481,2025-08-29,293.35,Wire Transfer,Completed,398
TX-004481,CUST-0481,2025-03-30,187.14,Credit Card,Completed,119
TX-004482,CUST-0481,2025-10-09,485.39,Credit Card,Completed,282
TX-004483,CUST-0481,2025-11-11,222.28,ACH Direct Debit,Completed,84
TX-004484,CUST-0481,2025-07-04,457.97,PayPal,Refunded,356
TX-004485,CUST-0481,2025-08-24,59.69,Credit Card,Completed,417
TX-004486,CUST-0481,2026-01-29,367.12,ACH Direct Debit,Completed,171
TX-004487,CUST-0481,2025-01-05,421.02,Wire Transfer,Completed,85
TX-004488,CUST-0482,2025-09-24,395.05,ACH Direct Debit,Completed,337
TX-004489,CUST-0482,2026-01-01,361.37,Credit Card,Completed,371
TX-004490,CUST-0482,2025-09-13,406.26,Wire Transfer,Completed,92
TX-004491,CUST-0482,2025-05-20,267.17,ACH Direct Debit,Completed,419
TX-004492,CUST-0482,2025-09-09,369.59,Wire Transfer,Failed,284
TX-004493,CUST-0482,2025-11-12,222.63,PayPal,Completed,318
TX-004494,CUST-0482,2026-02-20,189.95,ACH Direct Debit,Completed,143
TX-004495,CUST-0482,2025-07-04,348.18,Credit Card,Completed,381
TX-004496,CUST-0482,2025-08-17,499.03,Credit Card,Completed,319
TX-004497,CUST-0482,2026-02-17,48.97,Credit Card,Completed,142
TX-004498,CUST-0483,2025-08-12,488.24,Wire Transfer,Completed,190
TX-004499,CUST-0483,2026-01-16,212.8,PayPal,Completed,205
TX-004500,CUST-0483,2025-08-15,1812.94,PayPal,Refunded,1635
TX-004501,CUST-0483,2026-02-02,387.48,ACH Direct Debit,Completed,191
TX-004502,CUST-0483,2025-09-21,191.13,ACH Direct Debit,Completed,214
TX-004503,CUST-0484,2025-03-04,88.82,Credit Card,Completed,177
TX-004504,CUST-0484,2025-02-01,368.46,ACH Direct Debit,Completed,182
TX-004505,CUST-0484,2025-11-04,467.43,Wire Transfer,Completed,327
TX-004506,CUST-0484,2025-05-13,90.87,Wire Transfer,Completed,256
TX-004507,CUST-0484,2026-01-31,474.84,Wire Transfer,Completed,313
TX-004508,CUST-0484,2025-09-12,346.86,Credit Card,Completed,371
TX-004509,CUST-0484,2025-04-30,410.66,PayPal,Completed,102
TX-004510,CUST-0484,2025-03-14,337.84,ACH Direct Debit,Completed,92
TX-004511,CUST-0485,2025-05-17,122.83,Wire Transfer,Completed,175
TX-004512,CUST-0485,2025-10-01,162.04,ACH Direct Debit,Completed,117
TX-004513,CUST-0485,2025-10-08,3497.51,PayPal,Failed,3301
TX-004514,CUST-0486,2025-12-18,348.44,ACH Direct Debit,Completed,290
TX-004515,CUST-0486,2025-10-04,37.78,PayPal,Completed,396
TX-004516,CUST-0486,2025-12-28,197.57,ACH Direct Debit,Completed,148
TX-004517,CUST-0486,2025-12-07,357.46,Wire Transfer,Completed,312
TX-004518,CUST-0486,2025-08-11,166.0,ACH Direct Debit,Completed,149
TX-004519,CUST-0486,2025-04-12,334.42,PayPal,Completed,383
TX-004520,CUST-0486,2025-11-12,125.96,Wire Transfer,Completed,142
TX-004521,CUST-0486,2025-11-22,407.31,ACH Direct Debit,Completed,383
TX-004522,CUST-0486,2025-12-13,345.9,PayPal,Completed,183
TX-004523,CUST-0486,2025-01-12,141.87,ACH Direct Debit,Completed,336
TX-004524,CUST-0486,2025-06-26,405.0,Credit Card,Completed,90
TX-004525,CUST-0486,2025-07-22,234.88,Credit Card,Completed,407
TX-004526,CUST-0486,2025-07-26,333.73,ACH Direct Debit,Completed,227
TX-004527,CUST-0486,2025-02-17,439.29,ACH Direct Debit,Completed,370
TX-004528,CUST-0486,2025-05-07,96.89,Credit Card,Completed,390
TX-004529,CUST-0487,2025-09-28,187.43,Wire Transfer,Completed,315
TX-004530,CUST-0487,2025-02-22,182.87,ACH Direct Debit,Completed,280
TX-004531,CUST-0487,2025-06-01,126.77,PayPal,Completed,287
TX-004532,CUST-0487,2025-11-11,188.3,PayPal,Completed,78
TX-004533,CUST-0487,2025-06-14,400.3,PayPal,Completed,260
TX-004534,CUST-0487,2025-04-12,65.01,Credit Card,Completed,326
TX-004535,CUST-0488,2026-01-14,-430.52,ACH Direct Debit,Failed,217
TX-004536,CUST-0488,2025-04-15,208.68,ACH Direct Debit,Completed,160
TX-004537,CUST-0488,2025-12-03,403.52,Wire Transfer,Completed,170
TX-004538,CUST-0488,2025-05-26,461.52,Credit Card,Completed,363
TX-004539,CUST-0488,2025-08-07,2947.99,Credit Card,Failed,2007
TX-004540,CUST-0489,2025-10-08,274.12,Wire Transfer,Completed,86
TX-004541,CUST-0489,2026-01-17,102.5,Wire Transfer,Completed,304
TX-004542,CUST-0489,2025-12-07,250.44,PayPal,Completed,260
TX-004543,CUST-0489,2025-02-16,257.64,Credit Card,Completed,104
TX-004544,CUST-0489,2025-11-03,122.98,PayPal,Completed,287
TX-004545,CUST-0489,2025-11-23,476.31,ACH Direct Debit,Completed,221
TX-004546,CUST-0489,2026-02-22,146.05,PayPal,Failed,297
TX-004547,CUST-0490,2025-09-10,402.6,Credit Card,Completed,194
TX-004548,CUST-0490,2026-01-17,392.37,Credit Card,Completed,241
TX-004549,CUST-0490,2025-12-04,185.92,ACH Direct Debit,Completed,119
TX-004550,CUST-0490,2025-10-05,405.46,Wire Transfer,Completed,305
TX-004551,CUST-0490,2025-08-16,158.52,ACH Direct Debit,Completed,256
TX-004552,CUST-0490,2025-09-18,179.89,PayPal,Completed,95
TX-004553,CUST-0490,2025-01-30,100.4,ACH Direct Debit,Completed,367
TX-004554,CUST-0491,2025-07-21,407.04,Wire Transfer,Completed,159
TX-004555,CUST-0491,2025-06-02,394.03,PayPal,Completed,203
TX-004556,CUST-0491,2025-04-01,498.47,ACH Direct Debit,Completed,127
TX-004557,CUST-0491,2025-01-17,416.6,Credit Card,Completed,107
TX-004558,CUST-0491,2025-04-18,185.16,ACH Direct Debit,Completed,393
TX-004559,CUST-0491,2025-01-01,455.21,ACH Direct Debit,Completed,105
TX-004560,CUST-0491,2025-05-13,237.41,Credit Card,Completed,373
TX-004561,CUST-0492,2025-02-11,117.54,Wire Transfer,Completed,248
TX-004562,CUST-0492,2026-01-08,300.04,ACH Direct Debit,Refunded,235
TX-004563,CUST-0492,2025-12-30,266.27,Credit Card,Completed,110
TX-004564,CUST-0492,2025-01-22,400.28,Wire Transfer,Completed,235
TX-004565,CUST-0492,2025-04-21,131.84,ACH Direct Debit,Completed,353
TX-004566,CUST-0492,2025-01-01,77.2,Credit Card,Completed,235
TX-004567,CUST-0492,2026-01-28,435.43,ACH Direct Debit,Completed,248
TX-004568,CUST-0492,2025-04-09,5596.59,Wire Transfer,Failed,1627
TX-004569,CUST-0492,2025-05-31,411.0,Credit Card,Failed,123
TX-004570,CUST-0493,2025-10-14,55.76,PayPal,Completed,409
TX-004571,CUST-0493,2025-11-08,297.06,PayPal,Completed,172
TX-004572,CUST-0493,2025-01-19,442.23,Wire Transfer,Completed,369
TX-004573,CUST-0493,2025-10-23,223.54,ACH Direct Debit,Completed,331
TX-004574,CUST-0493,2025-02-09,257.02,Wire Transfer,Completed,403
TX-004575,CUST-0493,2025-11-02,429.82,PayPal,Completed,360
TX-004576,CUST-0493,2025-01-09,260.49,Credit Card,Completed,126
TX-004577,CUST-0493,2025-03-20,482.53,Wire Transfer,Completed,146
TX-004578,CUST-0494,2025-10-23,195.92,PayPal,Completed,96
TX-004579,CUST-0494,2025-01-22,342.89,Credit Card,Completed,184
TX-004580,CUST-0494,2025-08-30,263.13,ACH Direct Debit,Completed,253
TX-004581,CUST-0494,2025-05-11,284.22,Wire Transfer,Completed,129
TX-004582,CUST-0494,2025-08-01,400.83,Credit Card,Completed,91
TX-004583,CUST-0494,2025-07-18,308.2,ACH Direct Debit,Completed,112
TX-004584,CUST-0494,2025-12-11,73.85,Credit Card,Completed,358
TX-004585,CUST-0495,2025-02-11,452.63,Wire Transfer,Completed,142
TX-004586,CUST-0495,2025-12-14,318.85,Wire Transfer,Completed,188
TX-004587,CUST-0495,2025-06-16,197.87,Wire Transfer,Completed,335
TX-004588,CUST-0495,2025-01-31,231.72,PayPal,Completed,133
TX-004589,CUST-0495,2025-11-04,232.32,Credit Card,Completed,333
TX-004590,CUST-0495,2025-01-11,444.29,ACH Direct Debit,Completed,399
TX-004591,CUST-0495,2025-10-08,52.75,Credit Card,Completed,90
TX-004592,CUST-0495,2025-02-03,96.26,Credit Card,Completed,186
TX-004593,CUST-0495,2025-09-23,87.55,Credit Card,Failed,127
TX-004594,CUST-0495,2025-05-10,149.9,Credit Card,Completed,283
TX-004595,CUST-0495,2025-12-21,317.26,Wire Transfer,Completed,206
TX-004596,CUST-0496,2025-08-06,295.04,Credit Card,Completed,364
TX-004597,CUST-0496,2026-02-24,219.85,Credit Card,Completed,245
TX-004598,CUST-0496,2025-07-31,419.02,ACH Direct Debit,Completed,308
TX-004599,CUST-0496,2025-08-10,309.24,PayPal,Completed,391
TX-004600,CUST-0496,2025-10-20,337.31,PayPal,Completed,147
TX-004601,CUST-0496,2025-02-10,173.37,PayPal,Completed,411
TX-004602,CUST-0496,2025-08-21,467.06,Wire Transfer,Completed,301
TX-004603,CUST-0497,2025-04-08,347.01,ACH Direct Debit,Completed,222
TX-004604,CUST-0497,2025-11-06,70.22,Credit Card,Completed,251
TX-004605,CUST-0497,2025-07-20,470.93,ACH Direct Debit,Completed,328
TX-004606,CUST-0497,2025-03-05,250.62,PayPal,Completed,267
TX-004607,CUST-0497,2025-10-26,456.12,ACH Direct Debit,Completed,273
TX-004608,CUST-0497,2025-07-18,69.86,ACH Direct Debit,Completed,273
TX-004609,CUST-0497,2025-08-11,33.7,PayPal,Completed,380
TX-004610,CUST-0497,2026-02-18,472.38,ACH Direct Debit,Completed,379
TX-004611,CUST-0498,2025-11-30,51.61,ACH Direct Debit,Completed,268
TX-004612,CUST-0498,2026-01-17,260.8,PayPal,Completed,97
TX-004613,CUST-0498,2026-02-25,469.34,Wire Transfer,Completed,180
TX-004614,CUST-0498,2025-06-15,99.54,PayPal,Completed,178
TX-004615,CUST-0498,2026-01-16,213.43,PayPal,Completed,341
TX-004616,CUST-0498,2025-11-04,213.53,Credit Card,Completed,167
TX-004617,CUST-0498,2025-06-23,3994.62,Wire Transfer,Refunded,2432
TX-004618,CUST-0498,2026-01-28,71.2,ACH Direct Debit,Completed,338
TX-004619,CUST-0498,2025-01-09,184.81,Wire Transfer,Completed,394
TX-004620,CUST-0498,2025-05-05,100.23,Credit Card,Completed,138
TX-004621,CUST-0499,2025-10-24,157.31,PayPal,Completed,190
TX-004622,CUST-0499,2025-12-24,331.12,ACH Direct Debit,Completed,90
TX-004623,CUST-0499,2025-09-20,134.55,ACH Direct Debit,Completed,175
TX-004624,CUST-0499,2025-09-04,308.12,Wire Transfer,Completed,230
TX-004625,CUST-0499,2025-02-19,466.15,Credit Card,Completed,346
TX-004626,CUST-0500,2025-09-09,322.67,Credit Card,Completed,339
TX-004627,CUST-0500,2025-12-01,37.28,PayPal,Completed,365
TX-004628,CUST-0500,2025-03-25,487.51,ACH Direct Debit,Completed,312
TX-004629,CUST-0500,2026-02-20,132.01,PayPal,Completed,333
TX-004630,CUST-0500,2026-02-02,473.76,PayPal,Completed,140
TX-004631,CUST-0500,2025-09-15,275.66,ACH Direct Debit,Completed,175
TX-004632,CUST-0501,2025-11-17,100.07,PayPal,Completed,170
TX-004633,CUST-0501,2025-04-14,183.66,Wire Transfer,Failed,313
TX-004634,CUST-0501,2025-10-11,41.86,PayPal,Completed,202
TX-004635,CUST-0501,2025-04-28,290.39,Wire Transfer,Failed,336
TX-004636,CUST-0501,2025-01-04,493.9,ACH Direct Debit,Completed,317
TX-004637,CUST-0501,2025-12-29,50.8,PayPal,Failed,354
TX-004638,CUST-0501,2025-06-14,362.18,Wire Transfer,Completed,303
TX-004639,CUST-0501,2025-01-29,324.11,Wire Transfer,Completed,111
TX-004640,CUST-0501,2026-01-02,458.31,PayPal,Completed,384
TX-004641,CUST-0501,2026-02-02,382.53,Credit Card,Completed,140
TX-004642,CUST-0501,2025-09-04,425.46,PayPal,Completed,117
TX-004643,CUST-0501,2025-04-23,31.78,Credit Card,Completed,82
TX-004644,CUST-0501,2025-05-23,463.33,ACH Direct Debit,Completed,377
TX-004645,CUST-0501,2025-06-06,195.69,Wire Transfer,Failed,213
TX-004646,CUST-0501,2025-02-05,309.72,Credit Card,Completed,320
TX-004647,CUST-0501,2025-12-16,430.11,ACH Direct Debit,Completed,199
TX-004648,CUST-0502,2025-11-15,233.1,Credit Card,Completed,89
TX-004649,CUST-0502,2026-01-18,126.83,ACH Direct Debit,Completed,190
TX-004650,CUST-0502,2025-07-06,377.28,ACH Direct Debit,Completed,257
TX-004651,CUST-0502,2025-11-17,62.35,ACH Direct Debit,Completed,334
TX-004652,CUST-0502,2025-09-20,219.63,Wire Transfer,Completed,141
TX-004653,CUST-0503,2025-11-07,149.91,ACH Direct Debit,Completed,187
TX-004654,CUST-0503,2025-05-28,304.18,Wire Transfer,Completed,182
TX-004655,CUST-0503,2025-03-27,117.52,Credit Card,Completed,239
TX-004656,CUST-0503,2025-08-13,36.48,Wire Transfer,Refunded,135
TX-004657,CUST-0503,2026-02-13,216.28,ACH Direct Debit,Completed,310
TX-004658,CUST-0503,2025-05-11,-33.0,ACH Direct Debit,Failed,283
TX-004659,CUST-0503,2025-07-30,434.03,Credit Card,Completed,255
TX-004660,CUST-0503,2025-12-11,484.48,Wire Transfer,Completed,146
TX-004661,CUST-0503,2025-03-03,436.76,Credit Card,Completed,405
TX-004662,CUST-0503,2025-10-25,419.63,Wire Transfer,Completed,332
TX-004663,CUST-0504,2025-10-12,401.36,Wire Transfer,Completed,143
TX-004664,CUST-0504,2025-11-03,126.82,PayPal,Completed,228
TX-004665,CUST-0504,2025-11-26,305.53,Credit Card,Completed,366
TX-004666,CUST-0504,2025-07-25,218.42,PayPal,Completed,91
TX-004667,CUST-0504,2025-04-29,74.42,Wire Transfer,Completed,409
TX-004668,CUST-0504,2025-06-24,274.89,Credit Card,Completed,371
TX-004669,CUST-0504,2025-02-27,484.3,Wire Transfer,Completed,296
TX-004670,CUST-0504,2025-05-14,115.22,ACH Direct Debit,Completed,274
TX-004671,CUST-0504,2025-10-13,350.64,Wire Transfer,Completed,84
TX-004672,CUST-0504,2026-02-09,206.84,ACH Direct Debit,Completed,345
TX-004673,CUST-0505,2025-06-23,302.31,PayPal,Completed,357
TX-004674,CUST-0505,2025-10-21,468.06,Wire Transfer,Completed,393
TX-004675,CUST-0505,2025-02-23,128.03,ACH Direct Debit,Completed,174
TX-004676,CUST-0505,2025-06-22,300.81,ACH Direct Debit,Completed,279
TX-004677,CUST-0505,2025-09-01,259.41,ACH Direct Debit,Completed,259
TX-004678,CUST-0505,2025-02-06,128.05,Credit Card,Completed,120
TX-004679,CUST-0505,2025-10-27,192.64,PayPal,Completed,359
TX-004680,CUST-0505,2025-04-02,233.21,Credit Card,Completed,141
TX-004681,CUST-0505,2025-12-14,411.36,Credit Card,Completed,133
TX-004682,CUST-0505,2025-01-17,74.17,PayPal,Completed,387
TX-004683,CUST-0505,2025-09-27,484.5,ACH Direct Debit,Completed,168
TX-004684,CUST-0505,2025-05-09,264.71,Credit Card,Completed,113
TX-004685,CUST-0505,2025-02-14,31.19,ACH Direct Debit,Completed,276
TX-004686,CUST-0505,2026-02-02,415.06,Credit Card,Completed,310
TX-004687,CUST-0506,2025-11-18,490.96,PayPal,Failed,367
TX-004688,CUST-0506,2025-09-04,135.36,ACH Direct Debit,Completed,88
TX-004689,CUST-0506,2025-08-25,343.16,ACH Direct Debit,Refunded,167
TX-004690,CUST-0506,2025-03-02,51.18,ACH Direct Debit,Completed,174
TX-004691,CUST-0506,2025-06-06,135.15,ACH Direct Debit,Completed,261
TX-004692,CUST-0506,2025-10-18,295.97,ACH Direct Debit,Completed,211
TX-004693,CUST-0506,2025-02-23,342.35,ACH Direct Debit,Completed,261
TX-004694,CUST-0507,2025-04-11,103.77,Credit Card,Completed,314
TX-004695,CUST-0507,2025-12-15,187.75,ACH Direct Debit,Completed,124
TX-004696,CUST-0507,2025-12-13,264.59,ACH Direct Debit,Completed,168
TX-004697,CUST-0507,2025-01-03,414.06,ACH Direct Debit,Completed,335
TX-004698,CUST-0507,2026-01-22,59.53,ACH Direct Debit,Completed,343
TX-004699,CUST-0507,2025-04-13,472.63,PayPal,Completed,320
TX-004700,CUST-0507,2025-04-19,475.98,ACH Direct Debit,Completed,285
TX-004701,CUST-0507,2025-01-27,109.06,ACH Direct Debit,Completed,325
TX-004702,CUST-0507,2025-12-03,229.42,PayPal,Completed,254
TX-004703,CUST-0507,2026-01-12,187.35,PayPal,Completed,273
TX-004704,CUST-0507,2026-02-24,304.18,PayPal,Completed,301
TX-004705,CUST-0507,2025-07-01,425.72,ACH Direct Debit,Completed,197
TX-004706,CUST-0508,2025-06-13,334.45,PayPal,Completed,141
TX-004707,CUST-0508,2025-05-04,238.06,PayPal,Completed,406
TX-004708,CUST-0508,2025-12-14,420.92,Wire Transfer,Completed,278
TX-004709,CUST-0508,2025-11-25,323.16,PayPal,Completed,88
TX-004710,CUST-0508,2025-05-24,290.36,PayPal,Completed,321
TX-004711,CUST-0508,2025-04-28,280.09,ACH Direct Debit,Completed,348
TX-004712,CUST-0508,2025-10-25,118.59,ACH Direct Debit,Completed,136
TX-004713,CUST-0509,2026-01-15,276.68,Credit Card,Completed,216
TX-004714,CUST-0509,2025-09-01,134.06,Credit Card,Completed,215
TX-004715,CUST-0509,2026-01-05,443.56,PayPal,Completed,206
TX-004716,CUST-0509,2025-02-22,51.57,Wire Transfer,Completed,147
TX-004717,CUST-0509,2025-09-30,242.42,PayPal,Completed,180
TX-004718,CUST-0509,2025-07-22,249.62,ACH Direct Debit,Completed,211
TX-004719,CUST-0509,2025-08-10,380.42,Wire Transfer,Completed,144
TX-004720,CUST-0510,2026-02-06,298.08,Wire Transfer,Completed,132
TX-004721,CUST-0510,2026-02-05,55.23,Credit Card,Completed,369
TX-004722,CUST-0510,2025-01-28,442.25,Credit Card,Completed,396
TX-004723,CUST-0510,2025-09-05,407.97,ACH Direct Debit,Completed,380
TX-004724,CUST-0510,2025-06-03,489.07,ACH Direct Debit,Completed,311
TX-004725,CUST-0510,2025-04-14,273.63,PayPal,Completed,86
TX-004726,CUST-0510,2025-05-09,131.03,ACH Direct Debit,Completed,410
TX-004727,CUST-0510,2025-09-28,307.32,PayPal,Failed,86
TX-004728,CUST-0510,2025-12-09,385.98,Wire Transfer,Completed,168
TX-004729,CUST-0510,2026-01-25,249.65,ACH Direct Debit,Completed,345
TX-004730,CUST-0510,2026-01-23,251.11,Credit Card,Completed,400
TX-004731,CUST-0510,2025-03-23,311.87,Wire Transfer,Failed,279
TX-004732,CUST-0510,2025-10-19,81.6,PayPal,Completed,311
TX-004733,CUST-0510,2025-12-11,78.15,Wire Transfer,Completed,181
TX-004734,CUST-0510,2025-09-13,223.28,Credit Card,Completed,79
TX-004735,CUST-0510,2025-09-08,302.03,ACH Direct Debit,Completed,396
TX-004736,CUST-0511,2025-11-25,200.78,ACH Direct Debit,Completed,293
TX-004737,CUST-0511,2025-01-19,483.84,PayPal,Completed,350
TX-004738,CUST-0511,2025-08-14,279.53,Wire Transfer,Completed,175
TX-004739,CUST-0511,2025-05-11,273.25,PayPal,Completed,311
TX-004740,CUST-0511,2025-12-04,163.83,Wire Transfer,Completed,224
TX-004741,CUST-0511,2025-09-03,116.81,ACH Direct Debit,Completed,80
TX-004742,CUST-0511,2025-10-11,438.49,PayPal,Completed,414
TX-004743,CUST-0511,2025-05-06,377.5,PayPal,Completed,327
TX-004744,CUST-0511,2026-01-18,323.36,Credit Card,Refunded,208
TX-004745,CUST-0511,2025-10-10,294.13,Wire Transfer,Refunded,236
TX-004746,CUST-0511,2025-01-13,123.95,PayPal,Completed,395
TX-004747,CUST-0511,2025-08-12,32.39,Credit Card,Completed,250
TX-004748,CUST-0511,2025-03-05,379.31,Wire Transfer,Completed,407
TX-004749,CUST-0511,2025-11-07,475.36,Wire Transfer,Completed,280
TX-004750,CUST-0511,2025-01-11,480.92,PayPal,Completed,159
TX-004751,CUST-0511,2025-07-24,195.73,Credit Card,Completed,200
TX-004752,CUST-0512,2025-06-30,159.33,ACH Direct Debit,Completed,105
TX-004753,CUST-0512,2025-04-17,464.46,PayPal,Completed,149
TX-004754,CUST-0512,2025-04-21,73.91,PayPal,Completed,242
TX-004755,CUST-0512,2025-03-07,124.22,Credit Card,Completed,347
TX-004756,CUST-0512,2026-01-24,498.45,Credit Card,Completed,339
TX-004757,CUST-0512,2025-06-04,278.32,Credit Card,Completed,91
TX-004758,CUST-0512,2025-06-27,169.74,PayPal,Completed,304
TX-004759,CUST-0512,2025-08-16,385.55,Wire Transfer,Completed,303
TX-004760,CUST-0512,2025-05-19,420.58,Credit Card,Completed,242
TX-004761,CUST-0512,2025-07-11,433.27,Wire Transfer,Completed,323
TX-004762,CUST-0512,2026-01-27,272.15,PayPal,Completed,215
TX-004763,CUST-0512,2025-02-20,267.09,ACH Direct Debit,Completed,260
TX-004764,CUST-0512,2025-12-18,226.84,Credit Card,Completed,344
TX-004765,CUST-0512,2025-06-22,455.47,Credit Card,Completed,199
TX-004766,CUST-0512,2025-10-22,228.91,PayPal,Completed,392
TX-004767,CUST-0513,2026-01-15,265.85,Credit Card,Completed,420
TX-004768,CUST-0513,2025-12-29,388.24,Credit Card,Completed,219
TX-004769,CUST-0513,2026-01-01,427.29,PayPal,Completed,336
TX-004770,CUST-0513,2025-05-28,221.39,Credit Card,Completed,196
TX-004771,CUST-0513,2025-08-16,468.4,PayPal,Completed,259
TX-004772,CUST-0513,2025-11-04,357.95,PayPal,Completed,182
TX-004773,CUST-0513,2025-09-18,270.07,Wire Transfer,Completed,334
TX-004774,CUST-0514,2025-03-20,239.92,ACH Direct Debit,Completed,228
TX-004775,CUST-0514,2025-11-18,263.43,Wire Transfer,Completed,265
TX-004776,CUST-0514,2025-07-09,163.42,ACH Direct Debit,Completed,139
TX-004777,CUST-0514,2025-03-17,430.22,ACH Direct Debit,Completed,202
TX-004778,CUST-0514,2025-11-12,48.11,PayPal,Completed,220
TX-004779,CUST-0514,2025-11-04,492.14,ACH Direct Debit,Completed,233
TX-004780,CUST-0514,2025-08-25,451.3,Wire Transfer,Completed,129
TX-004781,CUST-0514,2025-04-12,348.54,ACH Direct Debit,Completed,290
TX-004782,CUST-0514,2025-03-02,102.4,Credit Card,Completed,188
TX-004783,CUST-0514,2025-03-28,394.97,Credit Card,Completed,209
TX-004784,CUST-0514,2025-07-12,171.53,ACH Direct Debit,Completed,153
TX-004785,CUST-0514,2025-07-23,199.41,Credit Card,Completed,219
TX-004786,CUST-0514,2025-12-22,324.98,Credit Card,Completed,329
TX-004787,CUST-0515,2025-06-23,162.97,PayPal,Completed,359
TX-004788,CUST-0515,2025-06-30,197.15,Wire Transfer,Failed,261
TX-004789,CUST-0515,2025-03-04,229.26,PayPal,Completed,414
TX-004790,CUST-0516,2025-12-03,257.32,Credit Card,Completed,287
TX-004791,CUST-0516,2025-10-14,415.57,Credit Card,Completed,78
TX-004792,CUST-0516,2025-01-16,266.29,Credit Card,Completed,101
TX-004793,CUST-0516,2025-08-31,71.73,Wire Transfer,Completed,316
TX-004794,CUST-0516,2025-02-17,324.1,ACH Direct Debit,Completed,373
TX-004795,CUST-0516,2025-10-12,210.35,Wire Transfer,Completed,390
TX-004796,CUST-0516,2025-02-05,344.07,PayPal,Completed,343
TX-004797,CUST-0516,2025-11-27,349.23,Wire Transfer,Completed,92
TX-004798,CUST-0516,2025-11-02,66.79,Wire Transfer,Completed,179
TX-004799,CUST-0516,2025-07-27,163.97,Wire Transfer,Completed,172
TX-004800,CUST-0516,2025-12-29,132.05,Credit Card,Completed,199
TX-004801,CUST-0516,2025-04-05,457.53,ACH Direct Debit,Completed,195
TX-004802,CUST-0516,2025-09-23,109.69,Wire Transfer,Completed,107
TX-004803,CUST-0516,2025-09-28,169.66,ACH Direct Debit,Completed,305
TX-004804,CUST-0516,2026-01-31,242.82,Wire Transfer,Completed,214
TX-004805,CUST-0517,2025-01-05,285.53,Wire Transfer,Completed,122
TX-004806,CUST-0517,2026-01-16,389.98,ACH Direct Debit,Completed,321
TX-004807,CUST-0517,2025-06-07,159.16,Wire Transfer,Completed,312
TX-004808,CUST-0517,2026-01-28,351.59,ACH Direct Debit,Completed,328
TX-004809,CUST-0517,2025-07-28,142.62,Credit Card,Completed,408
TX-004810,CUST-0517,2025-12-16,355.74,Wire Transfer,Completed,229
TX-004811,CUST-0517,2025-06-09,212.44,PayPal,Completed,120
TX-004812,CUST-0517,2025-07-16,413.26,PayPal,Completed,366
TX-004813,CUST-0517,2025-05-08,73.17,Wire Transfer,Completed,298
TX-004814,CUST-0517,2025-04-11,2844.72,ACH Direct Debit,Failed,3051
TX-004815,CUST-0517,2025-05-18,389.87,Credit Card,Completed,274
TX-004816,CUST-0517,2025-03-04,340.81,Wire Transfer,Completed,146
TX-004817,CUST-0517,2025-05-05,342.54,ACH Direct Debit,Completed,405
TX-004818,CUST-0517,2025-10-14,260.6,Wire Transfer,Completed,101
TX-004819,CUST-0518,2025-09-06,362.29,Credit Card,Refunded,102
TX-004820,CUST-0518,2025-04-15,271.9,PayPal,Completed,229
TX-004821,CUST-0518,2025-09-11,265.68,PayPal,Completed,210
TX-004822,CUST-0518,2025-10-27,210.97,ACH Direct Debit,Completed,241
TX-004823,CUST-0518,2025-12-06,217.72,ACH Direct Debit,Completed,265
TX-004824,CUST-0518,2025-09-15,211.13,PayPal,Completed,102
TX-004825,CUST-0519,2026-01-12,91.93,PayPal,Completed,320
TX-004826,CUST-0519,2025-11-24,150.06,Wire Transfer,Failed,184
TX-004827,CUST-0519,2025-03-26,249.44,ACH Direct Debit,Completed,129
TX-004828,CUST-0519,2025-07-01,120.65,Credit Card,Completed,204
TX-004829,CUST-0520,2025-03-19,71.26,ACH Direct Debit,Completed,295
TX-004830,CUST-0520,2026-01-02,76.88,Credit Card,Completed,100
TX-004831,CUST-0520,2025-11-20,299.99,Credit Card,Completed,345
TX-004832,CUST-0520,2026-02-16,189.96,PayPal,Completed,126
TX-004833,CUST-0520,2025-10-08,180.17,Wire Transfer,Completed,395
TX-004834,CUST-0520,2025-04-06,421.49,ACH Direct Debit,Completed,331
TX-004835,CUST-0520,2025-08-05,223.06,Credit Card,Completed,170
TX-004836,CUST-0521,2025-05-23,90.56,Credit Card,Completed,124
TX-004837,CUST-0521,2026-01-16,406.19,ACH Direct Debit,Completed,114
TX-004838,CUST-0521,2025-01-23,47.94,PayPal,Completed,383
TX-004839,CUST-0521,2025-06-28,245.79,ACH Direct Debit,Completed,226
TX-004840,CUST-0521,2025-07-05,320.52,Wire Transfer,Completed,142
TX-004841,CUST-0521,2025-06-29,319.72,Wire Transfer,Completed,132
TX-004842,CUST-0521,2025-06-12,454.68,Credit Card,Completed,174
TX-004843,CUST-0521,2025-11-18,257.47,Credit Card,Completed,262
TX-004844,CUST-0521,2025-08-08,66.1,Wire Transfer,Completed,153
TX-004845,CUST-0521,2025-02-25,218.68,Wire Transfer,Completed,222
TX-004846,CUST-0521,2025-08-24,81.81,Wire Transfer,Failed,197
TX-004847,CUST-0521,2025-01-23,163.21,Wire Transfer,Completed,139
TX-004848,CUST-0521,2026-02-14,70.88,Credit Card,Completed,285
TX-004849,CUST-0521,2025-03-31,134.18,PayPal,Failed,286
TX-004850,CUST-0521,2025-09-19,40.42,PayPal,Completed,203
TX-004851,CUST-0522,2025-03-18,227.86,ACH Direct Debit,Completed,102
TX-004852,CUST-0522,2025-11-19,449.07,PayPal,Completed,148
TX-004853,CUST-0522,2025-02-27,33.63,ACH Direct Debit,Completed,257
TX-004854,CUST-0522,2025-10-09,259.09,Credit Card,Completed,76
TX-004855,CUST-0522,2026-01-31,63.37,ACH Direct Debit,Completed,342
TX-004856,CUST-0522,2025-08-21,438.67,PayPal,Refunded,167
TX-004857,CUST-0522,2026-02-14,404.0,Wire Transfer,Completed,192
TX-004858,CUST-0522,2025-01-09,325.93,PayPal,Completed,346
TX-004859,CUST-0523,2025-08-03,185.5,Wire Transfer,Completed,301
TX-004860,CUST-0523,2025-03-16,434.52,PayPal,Completed,191
TX-004861,CUST-0523,2025-04-01,216.09,PayPal,Completed,345
TX-004862,CUST-0523,2026-01-14,81.87,Credit Card,Completed,92
TX-004863,CUST-0524,2025-12-30,173.25,Wire Transfer,Completed,236
TX-004864,CUST-0524,2025-04-08,163.68,ACH Direct Debit,Completed,201
TX-004865,CUST-0524,2025-04-14,4237.6,Wire Transfer,Refunded,3008
TX-004866,CUST-0524,2025-08-27,359.26,PayPal,Completed,370
TX-004867,CUST-0524,2025-03-03,220.64,ACH Direct Debit,Completed,194
TX-004868,CUST-0524,2025-01-17,330.7,PayPal,Completed,311
TX-004869,CUST-0524,2025-08-14,58.9,Wire Transfer,Completed,249
TX-004870,CUST-0524,2025-10-10,452.31,ACH Direct Debit,Completed,189
TX-004871,CUST-0525,2025-08-18,331.71,Credit Card,Completed,266
TX-004872,CUST-0525,2025-08-21,207.94,Credit Card,Completed,93
TX-004873,CUST-0525,2025-09-10,477.36,Credit Card,Completed,363
TX-004874,CUST-0525,2025-01-30,352.25,ACH Direct Debit,Completed,376
TX-004875,CUST-0526,2026-01-29,287.65,Wire Transfer,Completed,408
TX-004876,CUST-0526,2025-07-12,165.14,PayPal,Completed,340
TX-004877,CUST-0526,2026-01-06,170.99,PayPal,Completed,397
TX-004878,CUST-0526,2025-03-18,490.18,PayPal,Failed,178
TX-004879,CUST-0526,2025-08-28,40.08,Credit Card,Completed,270
TX-004880,CUST-0526,2025-10-23,152.65,PayPal,Completed,81
TX-004881,CUST-0526,2025-08-06,99.19,Wire Transfer,Completed,168
TX-004882,CUST-0526,2025-07-30,42.25,Credit Card,Completed,398
TX-004883,CUST-0526,2025-03-04,293.72,Credit Card,Completed,85
TX-004884,CUST-0526,2025-11-07,446.49,Credit Card,Completed,298
TX-004885,CUST-0526,2025-10-29,160.82,ACH Direct Debit,Completed,359
TX-004886,CUST-0526,2025-01-26,53.02,ACH Direct Debit,Completed,144
TX-004887,CUST-0527,2025-03-28,277.87,ACH Direct Debit,Completed,417
TX-004888,CUST-0527,2025-08-27,416.94,ACH Direct Debit,Completed,100
TX-004889,CUST-0527,2025-03-10,357.9,PayPal,Completed,126
TX-004890,CUST-0527,2025-08-07,334.32,PayPal,Completed,382
TX-004891,CUST-0527,2025-08-11,43.24,PayPal,Completed,178
TX-004892,CUST-0527,2025-07-19,356.82,Wire Transfer,Refunded,132
TX-004893,CUST-0527,2025-03-18,47.35,PayPal,Refunded,136
TX-004894,CUST-0527,2025-07-25,142.87,ACH Direct Debit,Failed,366
TX-004895,CUST-0527,2026-02-13,162.69,PayPal,Completed,418
TX-004896,CUST-0527,2025-01-23,52.89,PayPal,Completed,292
TX-004897,CUST-0527,2026-02-19,369.57,Credit Card,Completed,317
TX-004898,CUST-0527,2025-10-10,91.44,ACH Direct Debit,Completed,329
TX-004899,CUST-0527,2025-05-25,264.59,PayPal,Completed,266
TX-004900,CUST-0528,2025-10-09,174.24,ACH Direct Debit,Completed,265
TX-004901,CUST-0528,2026-01-20,88.37,Wire Transfer,Completed,93
TX-004902,CUST-0528,2025-02-01,357.6,Credit Card,Completed,293
TX-004903,CUST-0528,2025-03-18,209.32,ACH Direct Debit,Completed,370
TX-004904,CUST-0528,2025-10-27,300.34,Wire Transfer,Completed,197
TX-004905,CUST-0528,2025-11-18,65.86,Credit Card,Completed,319
TX-004906,CUST-0528,2025-06-14,331.46,ACH Direct Debit,Completed,338
TX-004907,CUST-0528,2025-07-11,139.11,Wire Transfer,Completed,244
TX-004908,CUST-0528,2025-01-28,93.8,PayPal,Failed,356
TX-004909,CUST-0528,2025-09-03,266.96,Wire Transfer,Completed,360
TX-004910,CUST-0528,2025-05-29,380.62,Wire Transfer,Completed,193
TX-004911,CUST-0528,2026-02-14,89.94,ACH Direct Debit,Completed,117
TX-004912,CUST-0528,2025-09-19,232.81,PayPal,Completed,79
TX-004913,CUST-0529,2026-01-05,411.22,PayPal,Completed,404
TX-004914,CUST-0529,2025-06-16,483.75,Credit Card,Completed,328
TX-004915,CUST-0529,2025-08-23,171.31,Wire Transfer,Completed,139
TX-004916,CUST-0529,2025-06-04,331.15,Credit Card,Completed,201
TX-004917,CUST-0529,2025-02-05,354.27,Wire Transfer,Completed,91
TX-004918,CUST-0529,2025-08-24,104.22,Wire Transfer,Completed,338
TX-004919,CUST-0529,2025-07-14,308.02,ACH Direct Debit,Completed,305
TX-004920,CUST-0529,2025-04-06,444.57,ACH Direct Debit,Completed,177
TX-004921,CUST-0529,2025-10-02,207.46,PayPal,Refunded,310
TX-004922,CUST-0529,2025-06-16,37.79,PayPal,Completed,214
TX-004923,CUST-0529,2025-05-17,406.88,Wire Transfer,Completed,109
TX-004924,CUST-0529,2025-09-07,396.38,PayPal,Completed,208
TX-004925,CUST-0529,2025-05-23,425.5,Credit Card,Completed,75
TX-004926,CUST-0530,2025-10-07,442.33,Credit Card,Completed,387
TX-004927,CUST-0530,2025-04-20,480.91,PayPal,Completed,396
TX-004928,CUST-0530,2025-08-18,486.43,Credit Card,Completed,345
TX-004929,CUST-0530,2025-02-21,71.9,PayPal,Completed,94
TX-004930,CUST-0530,2025-08-23,203.63,ACH Direct Debit,Completed,122
TX-004931,CUST-0530,2025-05-27,425.53,PayPal,Completed,157
TX-004932,CUST-0530,2025-06-21,457.04,Wire Transfer,Completed,158
TX-004933,CUST-0530,2025-03-05,420.35,Wire Transfer,Completed,203
TX-004934,CUST-0530,2025-03-15,341.9,Credit Card,Completed,77
TX-004935,CUST-0530,2026-01-20,239.07,ACH Direct Debit,Completed,192
TX-004936,CUST-0530,2025-02-01,461.61,PayPal,Completed,249
TX-004937,CUST-0531,2025-12-17,53.31,Wire Transfer,Completed,288
TX-004938,CUST-0531,2025-10-20,276.98,PayPal,Completed,101
TX-004939,CUST-0531,2025-02-25,213.86,Credit Card,Completed,113
TX-004940,CUST-0531,2026-01-14,113.34,Credit Card,Completed,159
TX-004941,CUST-0531,2025-09-07,188.84,PayPal,Completed,338
TX-004942,CUST-0531,2025-08-12,148.95,PayPal,Completed,345
TX-004943,CUST-0531,2025-05-19,87.27,PayPal,Completed,175
TX-004944,CUST-0531,2026-01-10,407.7,Credit Card,Refunded,249
TX-004945,CUST-0531,2025-06-18,455.25,ACH Direct Debit,Completed,238
TX-004946,CUST-0531,2025-11-28,317.93,Credit Card,Completed,317
TX-004947,CUST-0532,2025-06-18,113.51,Credit Card,Completed,378
TX-004948,CUST-0532,2026-02-21,304.9,Wire Transfer,Completed,127
TX-004949,CUST-0532,2025-10-20,303.96,Credit Card,Completed,332
TX-004950,CUST-0532,2025-05-26,33.21,ACH Direct Debit,Failed,337
TX-004951,CUST-0532,2025-10-23,303.11,ACH Direct Debit,Completed,220
TX-004952,CUST-0532,2025-06-14,102.3,Credit Card,Completed,158
TX-004953,CUST-0532,2025-02-25,241.61,PayPal,Completed,152
TX-004954,CUST-0532,2025-12-26,174.4,ACH Direct Debit,Completed,332
TX-004955,CUST-0532,2025-07-26,201.07,Wire Transfer,Completed,112
TX-004956,CUST-0532,2025-08-26,117.71,ACH Direct Debit,Completed,138
TX-004957,CUST-0532,2025-08-23,446.85,ACH Direct Debit,Failed,385
TX-004958,CUST-0532,2025-06-09,479.6,PayPal,Completed,370
TX-004959,CUST-0532,2025-04-08,404.07,Credit Card,Completed,361
TX-004960,CUST-0532,2025-02-20,119.62,PayPal,Completed,145
TX-004961,CUST-0533,2025-10-01,390.73,PayPal,Completed,195
TX-004962,CUST-0533,2026-01-02,487.24,PayPal,Completed,150
TX-004963,CUST-0533,2025-07-22,111.85,Wire Transfer,Completed,116
TX-004964,CUST-0533,2025-01-06,497.65,ACH Direct Debit,Completed,204
TX-004965,CUST-0533,2025-08-14,405.93,PayPal,Completed,317
TX-004966,CUST-0533,2026-01-31,93.27,ACH Direct Debit,Completed,176
TX-004967,CUST-0533,2025-11-24,361.86,PayPal,Completed,277
TX-004968,CUST-0533,2025-01-27,486.53,Wire Transfer,Completed,330
TX-004969,CUST-0533,2025-02-08,48.67,Credit Card,Completed,166
TX-004970,CUST-0534,2025-05-04,421.3,Credit Card,Completed,264
TX-004971,CUST-0534,2025-12-19,346.41,ACH Direct Debit,Completed,381
TX-004972,CUST-0534,2025-03-16,163.32,Wire Transfer,Completed,145
TX-004973,CUST-0535,2025-06-27,165.99,Wire Transfer,Refunded,416
TX-004974,CUST-0535,2025-10-31,113.6,Wire Transfer,Completed,297
TX-004975,CUST-0535,2025-10-25,288.93,Credit Card,Completed,187
TX-004976,CUST-0535,2026-02-17,289.13,ACH Direct Debit,Completed,336
TX-004977,CUST-0535,2025-11-28,120.1,ACH Direct Debit,Completed,160
TX-004978,CUST-0535,2025-10-09,335.93,Credit Card,Completed,319
TX-004979,CUST-0535,2025-05-21,114.9,ACH Direct Debit,Completed,255
TX-004980,CUST-0535,2026-01-31,335.71,Wire Transfer,Completed,389
TX-004981,CUST-0535,2025-02-06,415.69,Credit Card,Completed,371
TX-004982,CUST-0536,2025-04-08,179.81,PayPal,Completed,314
TX-004983,CUST-0536,2025-01-04,413.1,ACH Direct Debit,Completed,410
TX-004984,CUST-0536,2025-07-11,32.88,ACH Direct Debit,Completed,227
TX-004985,CUST-0536,2025-04-12,397.65,ACH Direct Debit,Completed,333
TX-004986,CUST-0536,2025-03-06,391.29,PayPal,Completed,80
TX-004987,CUST-0536,2025-02-07,317.12,PayPal,Completed,357
TX-004988,CUST-0536,2025-05-23,381.68,PayPal,Completed,264
TX-004989,CUST-0536,2025-02-21,122.19,PayPal,Completed,171
TX-004990,CUST-0536,2025-11-10,61.64,PayPal,Completed,372
TX-004991,CUST-0536,2025-02-26,462.74,ACH Direct Debit,Completed,125
TX-004992,CUST-0536,2025-09-12,175.05,ACH Direct Debit,Refunded,192
TX-004993,CUST-0536,2025-04-28,218.89,PayPal,Completed,384
TX-004994,CUST-0536,2026-01-11,44.31,Wire Transfer,Completed,196
TX-004995,CUST-0537,2025-05-02,152.58,ACH Direct Debit,Completed,324
TX-004996,CUST-0537,2025-01-21,496.73,Credit Card,Completed,163
TX-004997,CUST-0537,2025-03-13,272.5,Wire Transfer,Completed,344
TX-004998,CUST-0537,2025-06-30,473.93,PayPal,Completed,301
TX-004999,CUST-0537,2025-03-13,478.48,PayPal,Completed,157
TX-005000,CUST-0538,2025-08-05,144.76,PayPal,Completed,186
TX-005001,CUST-0538,2025-11-07,425.39,ACH Direct Debit,Completed,128
TX-005002,CUST-0538,2025-03-24,487.77,PayPal,Completed,296
TX-005003,CUST-0538,2026-02-05,486.41,Credit Card,Completed,419
TX-005004,CUST-0538,2025-05-01,412.6,Wire Transfer,Completed,335
TX-005005,CUST-0538,2025-12-27,226.22,Credit Card,Completed,265
TX-005006,CUST-0538,2025-01-23,90.62,PayPal,Completed,230
TX-005007,CUST-0538,2025-01-13,285.67,ACH Direct Debit,Completed,143
TX-005008,CUST-0538,2025-02-02,229.57,Wire Transfer,Completed,347
TX-005009,CUST-0538,2025-04-05,386.96,Credit Card,Completed,385
TX-005010,CUST-0538,2025-04-18,342.43,PayPal,Completed,218
TX-005011,CUST-0538,2025-12-07,262.92,Wire Transfer,Completed,179
TX-005012,CUST-0539,2025-01-23,223.34,PayPal,Completed,98
TX-005013,CUST-0539,2025-07-22,301.53,Wire Transfer,Failed,2316
TX-005014,CUST-0539,2025-06-22,202.2,Wire Transfer,Completed,308
TX-005015,CUST-0539,2025-01-25,368.75,Wire Transfer,Completed,150
TX-005016,CUST-0540,2025-04-29,310.49,Credit Card,Completed,312
TX-005017,CUST-0540,2025-09-08,207.55,ACH Direct Debit,Completed,342
TX-005018,CUST-0540,2026-01-02,290.25,ACH Direct Debit,Completed,307
TX-005019,CUST-0540,2026-01-12,235.84,ACH Direct Debit,Completed,107
TX-005020,CUST-0540,2025-08-26,338.45,Credit Card,Completed,184
TX-005021,CUST-0540,2025-09-30,486.35,Wire Transfer,Completed,308
TX-005022,CUST-0540,2025-01-22,160.54,Credit Card,Completed,94
TX-005023,CUST-0540,2025-10-28,148.87,Credit Card,Completed,331
TX-005024,CUST-0540,2025-11-27,376.18,Credit Card,Completed,189
TX-005025,CUST-0540,2025-09-13,482.06,Credit Card,Completed,281
TX-005026,CUST-0540,2025-05-07,324.4,PayPal,Completed,253
TX-005027,CUST-0540,2025-09-19,185.78,PayPal,Completed,366
TX-005028,CUST-0540,2025-05-03,340.99,PayPal,Completed,91
TX-005029,CUST-0541,2025-06-06,312.45,Credit Card,Completed,373
TX-005030,CUST-0541,2025-12-12,294.86,PayPal,Completed,285
TX-005031,CUST-0541,2025-08-04,6256.39,PayPal,Failed,3417
TX-005032,CUST-0541,2025-04-11,245.56,PayPal,Completed,170
TX-005033,CUST-0541,2025-07-03,350.75,PayPal,Completed,247
TX-005034,CUST-0541,2025-05-17,162.74,ACH Direct Debit,Completed,93
TX-005035,CUST-0541,2025-08-22,249.95,Wire Transfer,Completed,344
TX-005036,CUST-0541,2025-11-26,366.43,Credit Card,Completed,129
TX-005037,CUST-0541,2026-01-15,48.19,PayPal,Completed,416
TX-005038,CUST-0541,2025-01-12,391.44,Credit Card,Completed,328
TX-005039,CUST-0541,2025-03-05,397.68,PayPal,Completed,129
TX-005040,CUST-0541,2025-12-09,261.14,Credit Card,Completed,218
TX-005041,CUST-0541,2025-12-22,493.22,ACH Direct Debit,Completed,284
TX-005042,CUST-0541,2025-05-12,476.99,PayPal,Completed,296
TX-005043,CUST-0541,2025-06-03,417.15,ACH Direct Debit,Completed,105
TX-005044,CUST-0541,2025-08-29,68.62,ACH Direct Debit,Completed,135
TX-005045,CUST-0542,2025-01-08,138.54,PayPal,Completed,312
TX-005046,CUST-0542,2025-12-04,168.07,Wire Transfer,Completed,89
TX-005047,CUST-0542,2025-06-07,424.85,ACH Direct Debit,Completed,346
TX-005048,CUST-0542,2025-12-03,449.31,Credit Card,Completed,105
TX-005049,CUST-0542,2025-05-14,405.1,ACH Direct Debit,Completed,126
TX-005050,CUST-0542,2025-11-16,309.56,PayPal,Completed,377
TX-005051,CUST-0542,2025-07-26,425.5,Credit Card,Completed,314
TX-005052,CUST-0542,2025-02-23,466.67,ACH Direct Debit,Completed,105
TX-005053,CUST-0542,2026-01-29,489.47,PayPal,Completed,201
TX-005054,CUST-0542,2025-07-02,353.99,Credit Card,Completed,124
TX-005055,CUST-0542,2025-03-27,247.95,Wire Transfer,Completed,318
TX-005056,CUST-0542,2025-05-19,143.76,Wire Transfer,Completed,213
TX-005057,CUST-0542,2025-07-01,447.5,PayPal,Completed,315
TX-005058,CUST-0542,2025-04-18,208.57,Wire Transfer,Completed,407
TX-005059,CUST-0542,2025-03-05,64.33,Credit Card,Completed,130
TX-005060,CUST-0543,2025-01-14,330.84,Wire Transfer,Completed,80
TX-005061,CUST-0543,2026-01-13,218.95,PayPal,Completed,102
TX-005062,CUST-0543,2025-03-07,112.97,ACH Direct Debit,Completed,233
TX-005063,CUST-0543,2026-02-06,465.9,PayPal,Completed,200
TX-005064,CUST-0543,2026-02-22,124.08,ACH Direct Debit,Completed,144
TX-005065,CUST-0543,2025-03-03,88.14,PayPal,Completed,235
TX-005066,CUST-0543,2025-05-19,375.24,PayPal,Completed,118
TX-005067,CUST-0543,2025-06-11,128.54,Wire Transfer,Completed,237
TX-005068,CUST-0543,2025-07-25,279.08,Credit Card,Completed,394
TX-005069,CUST-0543,2025-05-19,430.21,Credit Card,Completed,411
TX-005070,CUST-0543,2025-04-04,405.56,Wire Transfer,Completed,252
TX-005071,CUST-0543,2025-06-28,270.25,PayPal,Completed,417
TX-005072,CUST-0544,2025-03-29,268.75,ACH Direct Debit,Failed,89
TX-005073,CUST-0544,2025-06-11,51.42,ACH Direct Debit,Completed,415
TX-005074,CUST-0544,2026-02-18,129.55,PayPal,Completed,225
TX-005075,CUST-0544,2025-04-03,161.83,PayPal,Completed,327
TX-005076,CUST-0544,2025-05-27,395.94,Wire Transfer,Completed,274
TX-005077,CUST-0544,2025-01-18,173.88,Credit Card,Completed,102
TX-005078,CUST-0544,2025-07-17,297.1,ACH Direct Debit,Completed,144
TX-005079,CUST-0544,2025-03-06,481.33,Wire Transfer,Completed,261
TX-005080,CUST-0544,2025-09-12,247.44,PayPal,Completed,362
TX-005081,CUST-0544,2025-12-01,408.1,Credit Card,Completed,126
TX-005082,CUST-0544,2025-05-11,41.45,PayPal,Completed,259
TX-005083,CUST-0544,2026-01-10,123.11,Credit Card,Completed,122
TX-005084,CUST-0544,2025-10-21,421.91,PayPal,Completed,188
TX-005085,CUST-0545,2025-01-16,236.97,Credit Card,Completed,144
TX-005086,CUST-0545,2025-12-28,254.15,Wire Transfer,Completed,276
TX-005087,CUST-0545,2025-03-09,204.71,PayPal,Completed,193
TX-005088,CUST-0545,2025-05-07,346.77,PayPal,Completed,346
TX-005089,CUST-0545,2025-03-21,246.17,Wire Transfer,Completed,154
TX-005090,CUST-0545,2025-08-07,72.68,ACH Direct Debit,Completed,377
TX-005091,CUST-0545,2026-01-07,153.4,PayPal,Completed,231
TX-005092,CUST-0545,2025-12-31,322.89,Wire Transfer,Completed,334
TX-005093,CUST-0545,2025-08-18,370.81,PayPal,Completed,327
TX-005094,CUST-0545,2025-12-15,372.1,Credit Card,Completed,148
TX-005095,CUST-0546,2025-04-28,92.38,Wire Transfer,Completed,218
TX-005096,CUST-0546,2025-04-20,311.86,ACH Direct Debit,Completed,415
TX-005097,CUST-0546,2025-07-18,78.11,PayPal,Completed,213
TX-005098,CUST-0546,2025-01-21,160.74,Credit Card,Completed,247
TX-005099,CUST-0546,2025-02-11,106.78,Credit Card,Completed,333
TX-005100,CUST-0546,2025-01-09,194.6,Wire Transfer,Completed,142
TX-005101,CUST-0546,2025-01-20,254.11,PayPal,Completed,400
TX-005102,CUST-0546,2025-03-28,402.78,ACH Direct Debit,Completed,144
TX-005103,CUST-0546,2025-09-09,256.31,PayPal,Completed,180
TX-005104,CUST-0546,2025-12-24,154.55,ACH Direct Debit,Completed,192
TX-005105,CUST-0546,2025-04-10,373.76,Wire Transfer,Completed,300
TX-005106,CUST-0547,2025-08-03,391.78,PayPal,Completed,115
TX-005107,CUST-0547,2025-03-03,49.3,Wire Transfer,Completed,75
TX-005108,CUST-0547,2025-02-04,151.01,ACH Direct Debit,Completed,395
TX-005109,CUST-0547,2025-10-19,343.25,ACH Direct Debit,Completed,250
TX-005110,CUST-0547,2025-02-04,199.76,Credit Card,Completed,202
TX-005111,CUST-0547,2025-07-02,115.31,ACH Direct Debit,Completed,361
TX-005112,CUST-0547,2025-04-24,44.25,Wire Transfer,Completed,260
TX-005113,CUST-0547,2025-04-30,249.52,Wire Transfer,Completed,191
TX-005114,CUST-0547,2025-11-10,253.88,PayPal,Failed,215
TX-005115,CUST-0547,2025-09-22,189.75,ACH Direct Debit,Completed,156
TX-005116,CUST-0547,2025-12-09,458.85,Credit Card,Completed,402
TX-005117,CUST-0547,2025-09-27,100.21,Credit Card,Completed,84
TX-005118,CUST-0548,2025-03-19,111.23,Wire Transfer,Completed,396
TX-005119,CUST-0548,2026-01-21,86.98,Wire Transfer,Completed,217
TX-005120,CUST-0548,2025-11-02,498.1,Credit Card,Completed,366
TX-005121,CUST-0548,2025-03-09,140.25,ACH Direct Debit,Completed,242
TX-005122,CUST-0548,2025-06-29,84.04,Wire Transfer,Completed,392
TX-005123,CUST-0548,2025-04-11,36.47,ACH Direct Debit,Completed,344
TX-005124,CUST-0548,2025-01-02,446.42,Credit Card,Completed,109
TX-005125,CUST-0548,2025-03-28,478.73,Credit Card,Failed,137
TX-005126,CUST-0548,2025-01-25,238.54,PayPal,Completed,291
TX-005127,CUST-0548,2025-09-22,359.31,PayPal,Completed,249
TX-005128,CUST-0549,2025-10-28,189.23,PayPal,Completed,230
TX-005129,CUST-0549,2025-11-13,419.56,PayPal,Completed,202
TX-005130,CUST-0549,2025-12-13,214.87,PayPal,Completed,331
TX-005131,CUST-0550,2025-10-04,458.3,Wire Transfer,Completed,143
TX-005132,CUST-0550,2025-11-30,290.12,PayPal,Completed,240
TX-005133,CUST-0550,2025-07-25,98.73,Wire Transfer,Completed,272
TX-005134,CUST-0550,2025-06-01,314.24,Credit Card,Completed,368
TX-005135,CUST-0551,2026-02-06,443.05,Credit Card,Completed,268
TX-005136,CUST-0551,2025-08-15,291.28,ACH Direct Debit,Completed,419
TX-005137,CUST-0551,2025-10-16,270.05,ACH Direct Debit,Completed,259
TX-005138,CUST-0551,2025-05-19,321.68,ACH Direct Debit,Completed,119
TX-005139,CUST-0551,2025-08-23,331.32,ACH Direct Debit,Failed,223
TX-005140,CUST-0551,2025-11-16,140.99,PayPal,Completed,350
TX-005141,CUST-0551,2025-04-21,243.62,Wire Transfer,Completed,156
TX-005142,CUST-0551,2025-02-26,232.65,Wire Transfer,Completed,418
TX-005143,CUST-0551,2025-05-13,491.62,PayPal,Completed,299
TX-005144,CUST-0552,2025-01-02,167.58,PayPal,Completed,376
TX-005145,CUST-0552,2025-02-04,406.85,Wire Transfer,Completed,266
TX-005146,CUST-0552,2025-08-10,452.97,Wire Transfer,Completed,146
TX-005147,CUST-0552,2025-12-09,485.44,PayPal,Failed,315
TX-005148,CUST-0552,2026-02-02,263.27,Wire Transfer,Completed,274
TX-005149,CUST-0552,2025-02-07,102.52,PayPal,Completed,88
TX-005150,CUST-0552,2025-08-23,340.07,Credit Card,Completed,253
TX-005151,CUST-0552,2025-07-08,140.04,ACH Direct Debit,Completed,167
TX-005152,CUST-0552,2025-07-14,39.27,PayPal,Completed,75
TX-005153,CUST-0552,2025-09-09,411.26,Wire Transfer,Completed,409
TX-005154,CUST-0553,2025-04-14,453.88,ACH Direct Debit,Completed,200
TX-005155,CUST-0553,2025-06-23,337.49,PayPal,Completed,338
TX-005156,CUST-0553,2025-11-12,448.31,ACH Direct Debit,Completed,302
TX-005157,CUST-0554,2025-01-15,376.09,ACH Direct Debit,Completed,293
TX-005158,CUST-0554,2025-05-20,471.16,Wire Transfer,Completed,217
TX-005159,CUST-0554,2025-08-16,44.75,Credit Card,Completed,217
TX-005160,CUST-0554,2026-01-09,437.81,PayPal,Completed,233
TX-005161,CUST-0554,2025-04-11,212.13,ACH Direct Debit,Completed,413
TX-005162,CUST-0554,2025-05-03,266.75,Credit Card,Completed,298
TX-005163,CUST-0554,2025-07-03,449.26,PayPal,Completed,229
TX-005164,CUST-0554,2025-05-11,486.95,Wire Transfer,Completed,298
TX-005165,CUST-0554,2025-05-29,387.35,Wire Transfer,Completed,232
TX-005166,CUST-0554,2025-09-08,267.78,Credit Card,Completed,396
TX-005167,CUST-0554,2026-01-07,374.99,Wire Transfer,Completed,315
TX-005168,CUST-0554,2025-12-29,151.37,Wire Transfer,Completed,117
TX-005169,CUST-0554,2025-04-15,365.47,Wire Transfer,Completed,374
TX-005170,CUST-0554,2025-03-04,177.6,Credit Card,Completed,82
TX-005171,CUST-0554,2025-04-19,434.75,PayPal,Completed,78
TX-005172,CUST-0554,2025-09-19,151.53,ACH Direct Debit,Completed,289
TX-005173,CUST-0555,2025-07-06,420.12,ACH Direct Debit,Completed,131
TX-005174,CUST-0555,2025-11-29,356.99,Wire Transfer,Completed,226
TX-005175,CUST-0555,2025-10-23,69.72,ACH Direct Debit,Completed,233
TX-005176,CUST-0555,2025-09-09,462.69,ACH Direct Debit,Completed,305
TX-005177,CUST-0556,2026-02-23,252.7,ACH Direct Debit,Completed,280
TX-005178,CUST-0556,2025-07-21,52.03,PayPal,Completed,79
TX-005179,CUST-0556,2025-11-25,95.65,Wire Transfer,Completed,243
TX-005180,CUST-0556,2025-02-06,260.78,ACH Direct Debit,Completed,368
TX-005181,CUST-0556,2025-09-28,93.15,ACH Direct Debit,Refunded,324
TX-005182,CUST-0556,2025-07-04,170.57,Credit Card,Completed,160
TX-005183,CUST-0556,2025-12-18,358.92,Wire Transfer,Completed,95
TX-005184,CUST-0556,2025-11-01,418.63,ACH Direct Debit,Completed,193
TX-005185,CUST-0557,2025-12-18,159.55,ACH Direct Debit,Completed,320
TX-005186,CUST-0557,2025-08-10,125.02,Credit Card,Completed,158
TX-005187,CUST-0557,2025-05-12,146.17,Wire Transfer,Completed,353
TX-005188,CUST-0557,2025-05-04,415.77,PayPal,Failed,130
TX-005189,CUST-0557,2025-12-09,40.08,PayPal,Completed,331
TX-005190,CUST-0557,2025-09-25,264.13,ACH Direct Debit,Completed,223
TX-005191,CUST-0557,2025-02-23,191.49,PayPal,Completed,285
TX-005192,CUST-0557,2025-06-27,243.77,ACH Direct Debit,Completed,183
TX-005193,CUST-0557,2025-10-20,443.46,Credit Card,Completed,331
TX-005194,CUST-0557,2025-12-03,143.52,ACH Direct Debit,Failed,278
TX-005195,CUST-0557,2025-05-07,338.81,PayPal,Completed,352
TX-005196,CUST-0557,2025-12-30,446.06,ACH Direct Debit,Completed,415
TX-005197,CUST-0557,2025-12-01,280.93,Credit Card,Completed,273
TX-005198,CUST-0557,2025-11-04,318.92,ACH Direct Debit,Completed,131
TX-005199,CUST-0557,2025-03-08,153.96,ACH Direct Debit,Completed,383
TX-005200,CUST-0558,2025-12-27,476.02,PayPal,Completed,276
TX-005201,CUST-0558,2025-03-12,232.86,ACH Direct Debit,Completed,134
TX-005202,CUST-0558,2025-04-08,234.03,Credit Card,Completed,385
TX-005203,CUST-0558,2025-02-16,4914.47,Credit Card,Failed,3525
TX-005204,CUST-0558,2025-12-14,399.71,Wire Transfer,Completed,140
TX-005205,CUST-0558,2025-10-04,478.9,Credit Card,Completed,126
TX-005206,CUST-0558,2026-02-02,434.41,PayPal,Completed,113
TX-005207,CUST-0558,2025-06-30,373.57,PayPal,Completed,231
TX-005208,CUST-0558,2025-08-02,353.66,ACH Direct Debit,Completed,123
TX-005209,CUST-0559,2025-04-22,327.12,PayPal,Refunded,183
TX-005210,CUST-0559,2025-01-19,275.3,PayPal,Completed,142
TX-005211,CUST-0559,2025-05-04,346.59,Credit Card,Completed,216
TX-005212,CUST-0559,2025-11-26,262.42,PayPal,Completed,379
TX-005213,CUST-0559,2025-02-03,346.1,PayPal,Completed,106
TX-005214,CUST-0559,2025-09-28,169.84,PayPal,Completed,252
TX-005215,CUST-0559,2025-07-08,36.81,Wire Transfer,Completed,382
TX-005216,CUST-0559,2025-04-05,272.28,ACH Direct Debit,Failed,402
TX-005217,CUST-0559,2025-01-13,95.67,Wire Transfer,Failed,229
TX-005218,CUST-0560,2025-01-13,4977.51,Wire Transfer,Failed,3782
TX-005219,CUST-0560,2025-12-13,184.42,ACH Direct Debit,Completed,141
TX-005220,CUST-0560,2025-09-01,325.91,PayPal,Completed,298
TX-005221,CUST-0560,2025-08-14,216.98,Wire Transfer,Completed,302
TX-005222,CUST-0561,2025-06-14,175.69,Credit Card,Completed,222
TX-005223,CUST-0561,2025-04-03,457.29,Wire Transfer,Completed,129
TX-005224,CUST-0561,2025-10-25,132.06,Wire Transfer,Completed,140
TX-005225,CUST-0561,2025-08-25,362.67,Credit Card,Completed,110
TX-005226,CUST-0561,2025-04-17,445.81,Credit Card,Completed,188
TX-005227,CUST-0561,2025-08-12,104.07,PayPal,Refunded,351
TX-005228,CUST-0561,2025-09-16,115.04,Wire Transfer,Completed,303
TX-005229,CUST-0561,2025-12-27,445.75,Credit Card,Completed,142
TX-005230,CUST-0562,2025-08-19,461.91,ACH Direct Debit,Completed,131
TX-005231,CUST-0562,2025-06-27,311.74,Credit Card,Completed,260
TX-005232,CUST-0562,2025-05-28,406.96,Wire Transfer,Completed,120
TX-005233,CUST-0562,2025-04-01,45.79,PayPal,Completed,275
TX-005234,CUST-0562,2025-11-03,692.92,ACH Direct Debit,Failed,2529
TX-005235,CUST-0562,2025-05-09,441.98,Wire Transfer,Completed,223
TX-005236,CUST-0563,2026-02-03,294.81,Wire Transfer,Completed,376
TX-005237,CUST-0563,2025-03-22,354.31,ACH Direct Debit,Completed,78
TX-005238,CUST-0563,2025-11-19,100.62,Wire Transfer,Completed,301
TX-005239,CUST-0563,2025-06-13,103.89,ACH Direct Debit,Completed,396
TX-005240,CUST-0563,2025-10-07,180.22,Wire Transfer,Completed,103
TX-005241,CUST-0563,2025-04-07,283.99,Credit Card,Completed,95
TX-005242,CUST-0563,2025-01-31,342.83,ACH Direct Debit,Completed,146
TX-005243,CUST-0563,2025-11-27,479.95,PayPal,Completed,244
TX-005244,CUST-0563,2025-10-10,224.2,ACH Direct Debit,Completed,358
TX-005245,CUST-0563,2025-12-01,43.07,Wire Transfer,Completed,290
TX-005246,CUST-0563,2025-04-05,364.52,ACH Direct Debit,Completed,256
TX-005247,CUST-0563,2025-09-28,163.97,ACH Direct Debit,Completed,108
TX-005248,CUST-0563,2026-01-12,124.33,PayPal,Completed,235
TX-005249,CUST-0563,2026-01-23,61.95,ACH Direct Debit,Completed,262
TX-005250,CUST-0564,2025-10-19,347.07,ACH Direct Debit,Completed,364
TX-005251,CUST-0564,2025-06-17,5096.5,Wire Transfer,Failed,4123
TX-005252,CUST-0564,2025-08-18,379.66,PayPal,Completed,366
TX-005253,CUST-0564,2025-09-22,150.45,Wire Transfer,Completed,79
TX-005254,CUST-0564,2025-03-07,183.25,PayPal,Completed,248
TX-005255,CUST-0564,2026-01-04,123.04,ACH Direct Debit,Completed,192
TX-005256,CUST-0564,2025-01-24,158.32,Credit Card,Completed,294
TX-005257,CUST-0564,2025-04-05,320.85,ACH Direct Debit,Completed,354
TX-005258,CUST-0564,2025-03-21,114.1,Wire Transfer,Completed,137
TX-005259,CUST-0565,2025-11-23,385.89,Wire Transfer,Completed,418
TX-005260,CUST-0565,2025-03-27,315.46,PayPal,Completed,119
TX-005261,CUST-0565,2025-10-18,215.24,ACH Direct Debit,Completed,208
TX-005262,CUST-0565,2025-12-13,333.81,Credit Card,Completed,243
TX-005263,CUST-0565,2025-10-07,249.88,PayPal,Refunded,412
TX-005264,CUST-0565,2026-01-20,264.45,ACH Direct Debit,Completed,394
TX-005265,CUST-0565,2025-09-16,103.24,ACH Direct Debit,Refunded,295
TX-005266,CUST-0565,2025-11-08,175.05,Credit Card,Failed,295
TX-005267,CUST-0566,2025-10-17,327.88,PayPal,Completed,284
TX-005268,CUST-0566,2026-01-09,37.71,ACH Direct Debit,Completed,371
TX-005269,CUST-0566,2025-03-26,298.31,Wire Transfer,Completed,268
TX-005270,CUST-0566,2025-04-18,409.38,Wire Transfer,Completed,242
TX-005271,CUST-0566,2025-09-07,145.17,Wire Transfer,Failed,286
TX-005272,CUST-0566,2025-08-31,481.64,Wire Transfer,Completed,213
TX-005273,CUST-0566,2026-02-04,345.83,ACH Direct Debit,Completed,401
TX-005274,CUST-0566,2025-08-02,216.95,PayPal,Failed,126
TX-005275,CUST-0566,2025-11-03,372.57,ACH Direct Debit,Completed,354
TX-005276,CUST-0566,2025-09-20,216.05,ACH Direct Debit,Completed,356
TX-005277,CUST-0566,2025-11-12,484.48,PayPal,Completed,203
TX-005278,CUST-0566,2025-01-10,384.34,PayPal,Completed,407
TX-005279,CUST-0566,2025-02-12,274.47,Credit Card,Completed,240
TX-005280,CUST-0567,2025-12-08,170.86,Wire Transfer,Refunded,362
TX-005281,CUST-0567,2025-12-23,338.21,Credit Card,Completed,353
TX-005282,CUST-0567,2025-03-04,215.67,Credit Card,Completed,212
TX-005283,CUST-0567,2026-02-16,93.55,ACH Direct Debit,Completed,179
TX-005284,CUST-0567,2025-11-05,485.64,Credit Card,Completed,387
TX-005285,CUST-0567,2025-02-16,394.67,Credit Card,Failed,156
TX-005286,CUST-0568,2025-07-17,131.08,Credit Card,Completed,262
TX-005287,CUST-0568,2025-11-18,102.05,Credit Card,Completed,261
TX-005288,CUST-0568,2025-04-10,143.91,Wire Transfer,Completed,401
TX-005289,CUST-0568,2025-12-14,61.29,Credit Card,Completed,378
TX-005290,CUST-0569,2025-09-06,51.39,ACH Direct Debit,Completed,356
TX-005291,CUST-0569,2025-09-05,118.03,Credit Card,Completed,168
TX-005292,CUST-0569,2025-05-06,75.91,ACH Direct Debit,Completed,323
TX-005293,CUST-0569,2025-10-22,4363.58,ACH Direct Debit,Failed,1930
TX-005294,CUST-0569,2025-07-12,438.35,Wire Transfer,Completed,183
TX-005295,CUST-0570,2025-06-08,278.91,ACH Direct Debit,Completed,186
TX-005296,CUST-0570,2025-02-28,205.18,PayPal,Completed,220
TX-005297,CUST-0570,2025-08-11,320.84,ACH Direct Debit,Completed,395
TX-005298,CUST-0570,2025-01-06,92.69,PayPal,Completed,170
TX-005299,CUST-0570,2025-01-28,51.9,Wire Transfer,Completed,341
TX-005300,CUST-0570,2025-05-25,324.74,Wire Transfer,Completed,133
TX-005301,CUST-0570,2025-03-27,83.23,Wire Transfer,Completed,81
TX-005302,CUST-0571,2025-05-16,358.01,PayPal,Completed,146
TX-005303,CUST-0571,2025-04-06,364.36,Credit Card,Completed,259
TX-005304,CUST-0571,2025-03-25,71.48,PayPal,Completed,298
TX-005305,CUST-0571,2026-01-07,166.36,ACH Direct Debit,Completed,185
TX-005306,CUST-0571,2025-09-10,349.43,Credit Card,Completed,117
TX-005307,CUST-0572,2026-02-16,233.51,Wire Transfer,Completed,349
TX-005308,CUST-0572,2025-11-03,33.32,ACH Direct Debit,Completed,245
TX-005309,CUST-0572,2025-05-12,384.39,Wire Transfer,Completed,194
TX-005310,CUST-0572,2025-03-29,49.17,PayPal,Completed,117
TX-005311,CUST-0573,2025-11-25,432.85,Wire Transfer,Completed,419
TX-005312,CUST-0573,2025-02-09,315.92,PayPal,Completed,113
TX-005313,CUST-0573,2025-01-15,240.26,PayPal,Completed,76
TX-005314,CUST-0573,2025-03-25,287.44,Wire Transfer,Completed,325
TX-005315,CUST-0573,2026-02-05,263.39,Credit Card,Completed,306
TX-005316,CUST-0573,2026-01-11,33.26,ACH Direct Debit,Refunded,191
TX-005317,CUST-0574,2025-05-20,340.14,Wire Transfer,Failed,248
TX-005318,CUST-0574,2025-06-14,184.01,Wire Transfer,Completed,118
TX-005319,CUST-0574,2025-08-15,108.49,Wire Transfer,Completed,301
TX-005320,CUST-0574,2025-10-08,118.08,Wire Transfer,Completed,355
TX-005321,CUST-0574,2025-01-06,199.67,Wire Transfer,Completed,155
TX-005322,CUST-0574,2025-05-11,43.01,Credit Card,Completed,271
TX-005323,CUST-0574,2025-11-13,310.37,ACH Direct Debit,Completed,166
TX-005324,CUST-0574,2025-06-11,60.18,PayPal,Completed,401
TX-005325,CUST-0574,2025-09-01,406.93,ACH Direct Debit,Completed,310
TX-005326,CUST-0575,2025-10-04,195.27,ACH Direct Debit,Completed,300
TX-005327,CUST-0575,2025-04-10,326.45,ACH Direct Debit,Completed,205
TX-005328,CUST-0575,2026-01-13,340.31,Credit Card,Completed,399
TX-005329,CUST-0575,2025-05-07,284.93,Credit Card,Completed,136
TX-005330,CUST-0575,2025-02-21,498.49,PayPal,Completed,215
TX-005331,CUST-0575,2025-12-24,221.23,ACH Direct Debit,Completed,280
TX-005332,CUST-0575,2025-02-06,304.7,Credit Card,Completed,212
TX-005333,CUST-0576,2025-09-05,48.33,PayPal,Completed,123
TX-005334,CUST-0576,2025-06-19,65.3,Credit Card,Completed,313
TX-005335,CUST-0576,2025-03-08,445.63,PayPal,Completed,359
TX-005336,CUST-0576,2025-04-28,173.51,Wire Transfer,Completed,158
TX-005337,CUST-0577,2025-04-08,372.41,Wire Transfer,Completed,255
TX-005338,CUST-0577,2025-09-30,155.85,PayPal,Completed,317
TX-005339,CUST-0577,2025-12-29,265.95,Wire Transfer,Failed,309
TX-005340,CUST-0577,2025-04-21,325.45,Credit Card,Completed,316
TX-005341,CUST-0577,2025-03-25,359.01,ACH Direct Debit,Completed,388
TX-005342,CUST-0577,2025-12-07,229.13,ACH Direct Debit,Completed,345
TX-005343,CUST-0577,2025-05-27,280.85,Wire Transfer,Completed,307
TX-005344,CUST-0577,2025-06-13,369.73,Wire Transfer,Completed,252
TX-005345,CUST-0578,2025-02-09,289.94,Wire Transfer,Completed,413
TX-005346,CUST-0578,2026-02-08,486.47,Wire Transfer,Refunded,245
TX-005347,CUST-0578,2025-05-01,432.74,Credit Card,Completed,274
TX-005348,CUST-0578,2025-02-23,223.18,Credit Card,Completed,213
TX-005349,CUST-0578,2025-05-15,354.84,Wire Transfer,Completed,266
TX-005350,CUST-0578,2025-05-11,444.65,ACH Direct Debit,Refunded,165
TX-005351,CUST-0578,2025-04-19,218.54,Wire Transfer,Completed,345
TX-005352,CUST-0578,2025-04-22,121.63,PayPal,Completed,220
TX-005353,CUST-0578,2025-07-05,405.63,Wire Transfer,Failed,409
TX-005354,CUST-0578,2025-05-19,439.49,ACH Direct Debit,Completed,118
TX-005355,CUST-0578,2025-06-23,154.61,PayPal,Refunded,225
TX-005356,CUST-0578,2025-09-02,331.53,PayPal,Completed,116
TX-005357,CUST-0579,2025-11-17,391.09,PayPal,Completed,333
TX-005358,CUST-0579,2025-02-08,105.87,ACH Direct Debit,Completed,283
TX-005359,CUST-0579,2025-11-25,316.91,Wire Transfer,Completed,413
TX-005360,CUST-0579,2025-10-28,310.23,ACH Direct Debit,Completed,301
TX-005361,CUST-0579,2026-01-08,126.02,ACH Direct Debit,Completed,393
TX-005362,CUST-0580,2026-01-27,333.22,Credit Card,Completed,259
TX-005363,CUST-0580,2025-02-01,248.42,Credit Card,Completed,208
TX-005364,CUST-0580,2026-02-13,278.65,Wire Transfer,Completed,320
TX-005365,CUST-0580,2025-12-18,451.91,Wire Transfer,Completed,313
TX-005366,CUST-0580,2025-05-14,182.41,Credit Card,Completed,114
TX-005367,CUST-0580,2025-03-13,147.97,ACH Direct Debit,Completed,197
TX-005368,CUST-0580,2025-03-28,175.01,PayPal,Completed,400
TX-005369,CUST-0580,2025-11-20,225.41,Credit Card,Completed,377
TX-005370,CUST-0581,2026-02-19,436.51,PayPal,Completed,199
TX-005371,CUST-0581,2025-11-07,78.15,ACH Direct Debit,Completed,107
TX-005372,CUST-0581,2025-11-03,479.2,ACH Direct Debit,Completed,272
TX-005373,CUST-0581,2025-02-09,429.27,Credit Card,Completed,117
TX-005374,CUST-0581,2025-02-22,80.52,Wire Transfer,Completed,76
TX-005375,CUST-0581,2025-02-11,2145.22,ACH Direct Debit,Failed,1715
TX-005376,CUST-0581,2025-03-26,292.22,Wire Transfer,Completed,352
TX-005377,CUST-0581,2025-11-24,92.82,Credit Card,Completed,105
TX-005378,CUST-0581,2025-05-16,381.34,Credit Card,Completed,226
TX-005379,CUST-0582,2025-08-25,320.68,ACH Direct Debit,Completed,391
TX-005380,CUST-0582,2025-09-16,441.3,PayPal,Completed,106
TX-005381,CUST-0582,2025-02-13,160.78,ACH Direct Debit,Completed,206
TX-005382,CUST-0582,2025-04-25,425.83,Credit Card,Completed,348
TX-005383,CUST-0582,2026-01-03,490.49,PayPal,Completed,161
TX-005384,CUST-0582,2026-01-14,311.52,PayPal,Completed,214
TX-005385,CUST-0582,2025-12-04,251.15,Wire Transfer,Completed,325
TX-005386,CUST-0582,2025-10-31,137.92,ACH Direct Debit,Completed,330
TX-005387,CUST-0582,2025-12-04,415.77,ACH Direct Debit,Completed,181
TX-005388,CUST-0582,2025-01-09,250.45,Wire Transfer,Completed,126
TX-005389,CUST-0582,2025-11-06,158.12,PayPal,Completed,127
TX-005390,CUST-0582,2026-02-23,428.08,ACH Direct Debit,Completed,196
TX-005391,CUST-0582,2026-01-15,41.95,ACH Direct Debit,Completed,257
TX-005392,CUST-0582,2025-11-13,327.38,ACH Direct Debit,Completed,82
TX-005393,CUST-0582,2025-04-19,197.9,ACH Direct Debit,Completed,276
TX-005394,CUST-0582,2025-06-17,427.27,PayPal,Completed,119
TX-005395,CUST-0583,2025-07-19,107.64,PayPal,Completed,234
TX-005396,CUST-0583,2025-02-23,277.41,PayPal,Completed,141
TX-005397,CUST-0583,2025-10-26,167.9,PayPal,Completed,385
TX-005398,CUST-0583,2025-07-27,205.55,ACH Direct Debit,Completed,216
TX-005399,CUST-0583,2026-01-31,242.98,ACH Direct Debit,Completed,377
TX-005400,CUST-0584,2025-08-02,462.94,Wire Transfer,Completed,240
TX-005401,CUST-0584,2025-09-06,441.48,Wire Transfer,Completed,255
TX-005402,CUST-0584,2025-06-19,65.74,PayPal,Failed,244
TX-005403,CUST-0584,2025-08-03,245.24,ACH Direct Debit,Completed,402
TX-005404,CUST-0584,2026-02-17,182.57,Wire Transfer,Completed,155
TX-005405,CUST-0584,2025-11-15,158.66,Wire Transfer,Completed,294
TX-005406,CUST-0584,2025-04-18,399.67,Credit Card,Completed,205
TX-005407,CUST-0584,2025-03-14,58.3,Credit Card,Completed,339
TX-005408,CUST-0584,2025-08-13,30.43,Credit Card,Completed,120
TX-005409,CUST-0584,2025-03-07,162.95,PayPal,Completed,238
TX-005410,CUST-0584,2025-04-24,423.46,Wire Transfer,Completed,110
TX-005411,CUST-0584,2025-12-12,472.55,PayPal,Completed,267
TX-005412,CUST-0584,2025-03-24,319.06,ACH Direct Debit,Completed,234
TX-005413,CUST-0584,2026-01-18,108.76,Credit Card,Completed,336
TX-005414,CUST-0585,2026-02-09,145.65,ACH Direct Debit,Completed,283
TX-005415,CUST-0585,2025-09-27,263.13,ACH Direct Debit,Completed,341
TX-005416,CUST-0585,2025-06-28,498.4,Credit Card,Completed,171
TX-005417,CUST-0585,2025-05-27,78.13,ACH Direct Debit,Completed,108
TX-005418,CUST-0585,2025-01-25,496.42,PayPal,Completed,193
TX-005419,CUST-0585,2025-05-30,162.24,ACH Direct Debit,Completed,229
TX-005420,CUST-0585,2025-01-28,342.54,Wire Transfer,Completed,397
TX-005421,CUST-0585,2025-02-14,134.58,Wire Transfer,Completed,351
TX-005422,CUST-0585,2025-12-17,457.0,ACH Direct Debit,Failed,198
TX-005423,CUST-0586,2026-01-06,467.95,ACH Direct Debit,Completed,309
TX-005424,CUST-0586,2025-05-03,431.06,PayPal,Completed,308
TX-005425,CUST-0586,2025-06-28,170.43,Credit Card,Completed,104
TX-005426,CUST-0586,2025-11-11,185.49,Credit Card,Completed,203
TX-005427,CUST-0586,2025-02-25,453.82,PayPal,Completed,394
TX-005428,CUST-0586,2025-07-10,126.55,Wire Transfer,Completed,350
TX-005429,CUST-0586,2025-04-09,354.84,Credit Card,Completed,117
TX-005430,CUST-0586,2025-06-09,487.69,Credit Card,Completed,247
TX-005431,CUST-0586,2025-08-26,40.73,ACH Direct Debit,Completed,83
TX-005432,CUST-0586,2025-01-08,211.19,Credit Card,Completed,129
TX-005433,CUST-0586,2026-01-18,417.7,Wire Transfer,Completed,334
TX-005434,CUST-0586,2025-02-24,468.3,Wire Transfer,Failed,290
TX-005435,CUST-0586,2026-01-12,494.71,ACH Direct Debit,Completed,307
TX-005436,CUST-0586,2025-05-08,55.63,PayPal,Completed,102
TX-005437,CUST-0587,2025-09-02,461.57,Wire Transfer,Completed,416
TX-005438,CUST-0587,2026-01-15,404.88,ACH Direct Debit,Completed,334
TX-005439,CUST-0587,2025-08-25,391.15,PayPal,Completed,354
TX-005440,CUST-0587,2025-09-29,493.59,PayPal,Completed,118
TX-005441,CUST-0587,2025-11-05,198.37,Credit Card,Completed,245
TX-005442,CUST-0587,2026-01-19,362.23,ACH Direct Debit,Completed,235
TX-005443,CUST-0587,2025-12-03,499.89,PayPal,Completed,296
TX-005444,CUST-0587,2025-03-15,141.98,PayPal,Completed,90
TX-005445,CUST-0587,2025-03-28,172.48,PayPal,Completed,344
TX-005446,CUST-0587,2025-06-19,150.15,ACH Direct Debit,Completed,110
TX-005447,CUST-0587,2026-01-26,259.39,PayPal,Completed,98
TX-005448,CUST-0587,2025-07-12,242.17,Wire Transfer,Completed,390
TX-005449,CUST-0587,2025-08-05,260.34,Wire Transfer,Completed,250
TX-005450,CUST-0587,2025-09-15,357.91,ACH Direct Debit,Completed,233
TX-005451,CUST-0587,2025-09-05,453.15,PayPal,Completed,400
TX-005452,CUST-0587,2025-12-25,429.79,Credit Card,Completed,202
TX-005453,CUST-0588,2025-12-06,170.09,Credit Card,Completed,375
TX-005454,CUST-0588,2025-07-17,446.06,ACH Direct Debit,Completed,240
TX-005455,CUST-0588,2025-06-26,165.63,Wire Transfer,Completed,332
TX-005456,CUST-0588,2025-03-06,387.33,PayPal,Completed,325
TX-005457,CUST-0588,2025-02-16,480.95,ACH Direct Debit,Completed,291
TX-005458,CUST-0588,2025-09-24,469.7,Credit Card,Completed,258
TX-005459,CUST-0589,2025-06-16,201.46,ACH Direct Debit,Completed,288
TX-005460,CUST-0589,2025-08-01,293.05,Wire Transfer,Refunded,229
TX-005461,CUST-0589,2025-08-04,469.08,Credit Card,Completed,203
TX-005462,CUST-0589,2025-06-24,297.28,Credit Card,Completed,136
TX-005463,CUST-0589,2025-02-06,132.97,Wire Transfer,Refunded,287
TX-005464,CUST-0589,2025-03-09,152.58,PayPal,Completed,113
TX-005465,CUST-0589,2025-07-22,315.29,Wire Transfer,Completed,140
TX-005466,CUST-0589,2025-11-25,363.24,PayPal,Completed,305
TX-005467,CUST-0589,2025-10-13,424.57,PayPal,Completed,273
TX-005468,CUST-0589,2025-09-27,256.42,ACH Direct Debit,Completed,334
TX-005469,CUST-0589,2026-01-14,123.15,Wire Transfer,Completed,189
TX-005470,CUST-0589,2025-09-11,324.68,Wire Transfer,Completed,179
TX-005471,CUST-0589,2025-04-03,388.1,Wire Transfer,Completed,115
TX-005472,CUST-0589,2025-05-01,32.03,Credit Card,Completed,322
TX-005473,CUST-0590,2025-09-07,213.51,ACH Direct Debit,Completed,385
TX-005474,CUST-0590,2025-05-05,249.34,PayPal,Completed,83
TX-005475,CUST-0590,2025-12-08,192.57,Wire Transfer,Completed,77
TX-005476,CUST-0590,2025-03-30,120.54,Wire Transfer,Completed,253
TX-005477,CUST-0591,2026-01-13,195.81,PayPal,Completed,275
TX-005478,CUST-0591,2025-03-27,390.19,PayPal,Completed,108
TX-005479,CUST-0591,2025-01-05,423.91,Wire Transfer,Completed,186
TX-005480,CUST-0591,2025-08-29,125.52,Wire Transfer,Completed,140
TX-005481,CUST-0591,2025-12-30,238.91,PayPal,Completed,270
TX-005482,CUST-0591,2025-03-07,351.25,Credit Card,Completed,249
TX-005483,CUST-0591,2025-03-01,291.69,Wire Transfer,Completed,152
TX-005484,CUST-0591,2025-10-04,31.55,PayPal,Completed,419
TX-005485,CUST-0591,2025-09-16,343.11,PayPal,Completed,146
TX-005486,CUST-0591,2025-04-13,461.68,Credit Card,Completed,107
TX-005487,CUST-0591,2025-12-02,467.16,Credit Card,Completed,115
TX-005488,CUST-0591,2026-02-19,471.45,Wire Transfer,Completed,292
TX-005489,CUST-0591,2025-07-20,335.94,Credit Card,Completed,230
TX-005490,CUST-0592,2025-05-07,104.43,PayPal,Completed,242
TX-005491,CUST-0592,2025-06-22,34.78,Wire Transfer,Completed,326
TX-005492,CUST-0592,2025-12-08,342.09,ACH Direct Debit,Completed,90
TX-005493,CUST-0592,2025-07-04,132.79,Credit Card,Completed,176
TX-005494,CUST-0592,2025-12-04,124.41,ACH Direct Debit,Completed,250
TX-005495,CUST-0592,2025-12-19,185.11,PayPal,Completed,125
TX-005496,CUST-0592,2025-01-25,412.25,ACH Direct Debit,Completed,202
TX-005497,CUST-0592,2025-09-14,243.74,ACH Direct Debit,Completed,109
TX-005498,CUST-0592,2025-06-18,101.33,Credit Card,Completed,393
TX-005499,CUST-0592,2025-09-14,197.1,Wire Transfer,Failed,381
TX-005500,CUST-0592,2025-09-17,266.31,Credit Card,Completed,77
TX-005501,CUST-0592,2025-06-17,86.78,PayPal,Completed,301
TX-005502,CUST-0592,2025-10-22,71.95,PayPal,Completed,118
TX-005503,CUST-0593,2025-07-31,424.4,ACH Direct Debit,Failed,160
TX-005504,CUST-0593,2025-02-25,424.65,Credit Card,Completed,411
TX-005505,CUST-0593,2025-03-09,294.48,PayPal,Completed,209
TX-005506,CUST-0593,2025-04-08,345.32,PayPal,Completed,206
TX-005507,CUST-0593,2025-08-23,255.72,Credit Card,Completed,284
TX-005508,CUST-0593,2026-01-05,444.26,PayPal,Completed,349
TX-005509,CUST-0593,2025-11-17,189.77,Credit Card,Completed,92
TX-005510,CUST-0593,2025-12-24,202.73,Wire Transfer,Completed,279
TX-005511,CUST-0593,2025-03-14,474.66,PayPal,Refunded,408
TX-005512,CUST-0593,2026-01-23,307.84,PayPal,Failed,82
TX-005513,CUST-0594,2025-03-20,329.45,PayPal,Completed,271
TX-005514,CUST-0594,2025-12-10,137.98,Credit Card,Completed,346
TX-005515,CUST-0594,2025-08-13,93.83,Wire Transfer,Completed,89
TX-005516,CUST-0594,2025-11-21,364.62,Credit Card,Completed,356
TX-005517,CUST-0595,2025-01-06,386.43,ACH Direct Debit,Completed,293
TX-005518,CUST-0595,2025-08-08,489.9,ACH Direct Debit,Completed,83
TX-005519,CUST-0595,2025-04-25,168.76,ACH Direct Debit,Refunded,189
TX-005520,CUST-0595,2025-07-05,2696.17,PayPal,Failed,3872
TX-005521,CUST-0595,2025-07-27,339.9,Wire Transfer,Completed,221
TX-005522,CUST-0596,2025-07-28,259.89,ACH Direct Debit,Completed,208
TX-005523,CUST-0596,2025-04-14,312.49,Credit Card,Completed,203
TX-005524,CUST-0596,2025-10-30,474.75,ACH Direct Debit,Refunded,213
TX-005525,CUST-0596,2026-01-18,484.45,ACH Direct Debit,Completed,100
TX-005526,CUST-0596,2025-10-01,88.52,Credit Card,Completed,244
TX-005527,CUST-0596,2025-03-11,484.78,ACH Direct Debit,Completed,291
TX-005528,CUST-0596,2025-03-07,178.63,Credit Card,Completed,335
TX-005529,CUST-0596,2025-10-16,184.06,PayPal,Completed,82
TX-005530,CUST-0596,2025-07-17,87.41,Credit Card,Completed,314
TX-005531,CUST-0596,2025-01-21,42.02,Credit Card,Completed,418
TX-005532,CUST-0596,2025-08-19,128.53,ACH Direct Debit,Completed,238
TX-005533,CUST-0596,2026-01-24,363.27,ACH Direct Debit,Completed,329
TX-005534,CUST-0597,2025-10-21,139.03,PayPal,Completed,91
TX-005535,CUST-0597,2025-02-23,129.01,ACH Direct Debit,Failed,237
TX-005536,CUST-0597,2025-09-12,61.81,Credit Card,Completed,130
TX-005537,CUST-0597,2025-06-29,168.08,Wire Transfer,Completed,352
TX-005538,CUST-0597,2025-07-03,326.22,Wire Transfer,Completed,373
TX-005539,CUST-0597,2026-01-22,196.09,Wire Transfer,Completed,82
TX-005540,CUST-0597,2025-12-05,301.38,ACH Direct Debit,Completed,167
TX-005541,CUST-0597,2025-11-15,323.68,Wire Transfer,Completed,93
TX-005542,CUST-0597,2026-01-25,392.65,ACH Direct Debit,Completed,352
TX-005543,CUST-0597,2025-08-28,212.92,Wire Transfer,Completed,398
TX-005544,CUST-0597,2026-01-08,276.09,PayPal,Completed,111
TX-005545,CUST-0597,2025-01-09,334.4,ACH Direct Debit,Completed,315
TX-005546,CUST-0597,2025-05-27,166.39,Credit Card,Completed,174
TX-005547,CUST-0597,2025-09-19,122.38,ACH Direct Debit,Completed,366
TX-005548,CUST-0597,2025-12-28,34.01,Wire Transfer,Completed,270
TX-005549,CUST-0598,2025-08-30,87.53,PayPal,Completed,361
TX-005550,CUST-0598,2025-03-02,134.56,ACH Direct Debit,Completed,128
TX-005551,CUST-0598,2025-09-18,225.03,ACH Direct Debit,Completed,304
TX-005552,CUST-0599,2025-02-06,308.67,Wire Transfer,Completed,415
TX-005553,CUST-0599,2026-01-26,45.68,ACH Direct Debit,Completed,154
TX-005554,CUST-0599,2025-06-13,407.8,Wire Transfer,Completed,258
TX-005555,CUST-0599,2025-05-02,3670.76,ACH Direct Debit,Refunded,3048
TX-005556,CUST-0599,2025-09-29,256.62,ACH Direct Debit,Completed,404
TX-005557,CUST-0599,2025-12-06,466.54,ACH Direct Debit,Completed,249
TX-005558,CUST-0599,2025-02-02,118.99,ACH Direct Debit,Completed,370
TX-005559,CUST-0599,2025-05-13,358.07,ACH Direct Debit,Completed,233
TX-005560,CUST-0599,2025-07-02,389.79,PayPal,Refunded,228
TX-005561,CUST-0599,2025-12-14,411.11,PayPal,Completed,347
TX-005562,CUST-0600,2026-01-04,227.05,Credit Card,Completed,384
TX-005563,CUST-0600,2025-12-29,82.88,Credit Card,Completed,128
TX-005564,CUST-0600,2026-02-24,82.74,Wire Transfer,Completed,318
TX-005565,CUST-0600,2025-10-06,436.36,ACH Direct Debit,Completed,310
TX-005566,CUST-0600,2025-09-11,496.8,Credit Card,Completed,105
TX-005567,CUST-0601,2025-10-06,125.07,Wire Transfer,Completed,109
TX-005568,CUST-0601,2025-05-13,233.94,PayPal,Completed,165
TX-005569,CUST-0601,2025-09-18,477.94,PayPal,Completed,395
TX-005570,CUST-0601,2025-07-12,125.29,Wire Transfer,Completed,180
TX-005571,CUST-0601,2025-05-06,171.31,PayPal,Completed,259
TX-005572,CUST-0601,2025-08-20,55.19,Wire Transfer,Completed,247
TX-005573,CUST-0601,2025-07-26,120.42,Wire Transfer,Completed,402
TX-005574,CUST-0601,2025-05-18,497.82,ACH Direct Debit,Completed,149
TX-005575,CUST-0601,2025-02-26,342.59,ACH Direct Debit,Completed,274
TX-005576,CUST-0601,2025-10-24,469.7,Wire Transfer,Completed,203
TX-005577,CUST-0601,2025-04-21,327.32,PayPal,Completed,359
TX-005578,CUST-0601,2025-08-29,293.33,Credit Card,Completed,169
TX-005579,CUST-0602,2025-04-07,461.46,PayPal,Completed,154
TX-005580,CUST-0602,2025-02-16,392.79,Wire Transfer,Failed,164
TX-005581,CUST-0602,2025-03-13,269.9,Wire Transfer,Completed,275
TX-005582,CUST-0602,2025-12-17,302.49,PayPal,Completed,123
TX-005583,CUST-0602,2025-05-21,190.61,PayPal,Completed,351
TX-005584,CUST-0602,2025-10-03,451.84,Credit Card,Completed,197
TX-005585,CUST-0602,2025-01-27,448.55,Wire Transfer,Completed,190
TX-005586,CUST-0602,2025-09-16,100.81,Credit Card,Completed,242
TX-005587,CUST-0602,2025-06-07,492.41,PayPal,Failed,354
TX-005588,CUST-0602,2025-08-15,77.12,ACH Direct Debit,Completed,332
TX-005589,CUST-0602,2025-12-01,95.46,ACH Direct Debit,Completed,262
TX-005590,CUST-0602,2025-03-30,429.7,PayPal,Completed,349
TX-005591,CUST-0603,2025-04-18,170.09,Wire Transfer,Completed,343
TX-005592,CUST-0603,2025-04-18,39.53,Wire Transfer,Completed,260
TX-005593,CUST-0603,2025-09-24,311.05,Wire Transfer,Completed,223
TX-005594,CUST-0603,2025-07-21,128.39,PayPal,Completed,199
TX-005595,CUST-0603,2025-07-18,49.68,Wire Transfer,Failed,276
TX-005596,CUST-0603,2025-09-21,391.66,ACH Direct Debit,Completed,181
TX-005597,CUST-0603,2025-06-09,316.07,ACH Direct Debit,Completed,220
TX-005598,CUST-0603,2025-05-25,298.35,Wire Transfer,Completed,296
TX-005599,CUST-0603,2025-05-11,431.02,Credit Card,Completed,92
TX-005600,CUST-0603,2025-02-01,365.26,ACH Direct Debit,Completed,273
TX-005601,CUST-0603,2025-08-09,114.09,PayPal,Completed,148
TX-005602,CUST-0603,2025-06-12,173.83,PayPal,Completed,76
TX-005603,CUST-0603,2025-08-21,319.2,PayPal,Completed,268
TX-005604,CUST-0604,2026-01-27,423.64,ACH Direct Debit,Completed,336
TX-005605,CUST-0604,2025-02-10,47.1,Credit Card,Completed,287
TX-005606,CUST-0604,2025-04-04,437.16,Credit Card,Completed,226
TX-005607,CUST-0604,2025-11-23,78.83,Credit Card,Completed,412
TX-005608,CUST-0605,2026-01-04,208.48,Credit Card,Completed,234
TX-005609,CUST-0605,2025-08-02,212.76,ACH Direct Debit,Completed,353
TX-005610,CUST-0605,2025-04-24,428.73,Credit Card,Completed,113
TX-005611,CUST-0605,2025-04-01,458.25,Wire Transfer,Completed,183
TX-005612,CUST-0605,2025-06-27,155.06,Credit Card,Completed,82
TX-005613,CUST-0605,2025-11-25,464.75,PayPal,Completed,162
TX-005614,CUST-0605,2025-01-13,109.4,Credit Card,Refunded,88
TX-005615,CUST-0605,2025-08-06,233.85,Wire Transfer,Completed,351
TX-005616,CUST-0605,2025-12-03,123.62,PayPal,Completed,116
TX-005617,CUST-0605,2025-07-02,150.07,Wire Transfer,Completed,162
TX-005618,CUST-0605,2025-05-30,384.26,Wire Transfer,Completed,155
TX-005619,CUST-0605,2025-09-17,480.36,Wire Transfer,Completed,111
TX-005620,CUST-0605,2025-01-25,269.24,ACH Direct Debit,Completed,256
TX-005621,CUST-0605,2025-07-20,287.35,ACH Direct Debit,Completed,155
TX-005622,CUST-0605,2025-03-27,187.06,ACH Direct Debit,Completed,242
TX-005623,CUST-0605,2026-01-13,137.15,Credit Card,Completed,217
TX-005624,CUST-0606,2025-11-04,168.81,Wire Transfer,Completed,161
TX-005625,CUST-0606,2025-09-07,147.78,Wire Transfer,Completed,152
TX-005626,CUST-0606,2025-10-15,138.27,Wire Transfer,Completed,226
TX-005627,CUST-0606,2025-09-04,331.91,PayPal,Completed,182
TX-005628,CUST-0606,2025-03-21,426.2,Credit Card,Completed,257
TX-005629,CUST-0606,2025-04-08,135.64,Credit Card,Completed,285
TX-005630,CUST-0607,2025-10-12,223.39,Credit Card,Completed,140
TX-005631,CUST-0607,2025-09-21,180.08,PayPal,Completed,104
TX-005632,CUST-0607,2025-12-10,270.24,Credit Card,Completed,129
TX-005633,CUST-0607,2025-06-11,85.42,Wire Transfer,Completed,183
TX-005634,CUST-0607,2025-02-23,57.9,ACH Direct Debit,Completed,204
TX-005635,CUST-0607,2025-10-21,354.71,ACH Direct Debit,Completed,111
TX-005636,CUST-0607,2025-05-09,3970.23,ACH Direct Debit,Refunded,2549
TX-005637,CUST-0608,2025-12-14,448.14,ACH Direct Debit,Completed,346
TX-005638,CUST-0608,2026-01-22,127.81,ACH Direct Debit,Completed,217
TX-005639,CUST-0608,2025-07-13,474.45,Credit Card,Completed,187
TX-005640,CUST-0608,2026-01-28,167.33,Wire Transfer,Completed,315
TX-005641,CUST-0608,2025-01-04,292.41,Wire Transfer,Completed,173
TX-005642,CUST-0608,2025-09-14,330.52,PayPal,Completed,142
TX-005643,CUST-0608,2025-01-03,173.88,Credit Card,Completed,261
TX-005644,CUST-0608,2025-03-12,216.08,ACH Direct Debit,Completed,243
TX-005645,CUST-0608,2025-07-11,92.23,Credit Card,Completed,289
TX-005646,CUST-0608,2025-04-22,343.23,Credit Card,Completed,175
TX-005647,CUST-0608,2025-08-24,178.1,Wire Transfer,Completed,406
TX-005648,CUST-0609,2025-05-05,259.12,Wire Transfer,Completed,155
TX-005649,CUST-0609,2026-01-23,4371.95,PayPal,Failed,2965
TX-005650,CUST-0609,2025-03-11,378.03,PayPal,Completed,278
TX-005651,CUST-0609,2025-04-07,115.0,PayPal,Completed,314
TX-005652,CUST-0609,2025-12-27,436.59,ACH Direct Debit,Completed,205
TX-005653,CUST-0609,2026-01-04,173.15,Wire Transfer,Completed,214
TX-005654,CUST-0609,2025-12-11,438.63,Credit Card,Completed,312
TX-005655,CUST-0609,2025-10-22,491.98,PayPal,Completed,109
TX-005656,CUST-0610,2026-02-10,213.0,ACH Direct Debit,Completed,369
TX-005657,CUST-0610,2025-04-30,316.51,PayPal,Completed,91
TX-005658,CUST-0610,2025-01-11,191.27,Credit Card,Completed,280
TX-005659,CUST-0610,2025-01-27,273.88,ACH Direct Debit,Completed,225
TX-005660,CUST-0610,2025-06-10,231.78,Wire Transfer,Completed,184
TX-005661,CUST-0610,2026-02-17,78.91,ACH Direct Debit,Completed,413
TX-005662,CUST-0610,2025-12-05,243.34,Credit Card,Failed,292
TX-005663,CUST-0610,2025-07-18,180.53,PayPal,Completed,193
TX-005664,CUST-0610,2026-01-26,62.97,ACH Direct Debit,Completed,350
TX-005665,CUST-0610,2025-10-12,461.08,ACH Direct Debit,Failed,131
TX-005666,CUST-0610,2025-06-17,410.33,Wire Transfer,Completed,356
TX-005667,CUST-0610,2026-01-30,305.82,PayPal,Completed,326
TX-005668,CUST-0610,2025-11-29,107.36,ACH Direct Debit,Completed,419
TX-005669,CUST-0610,2025-01-14,329.94,PayPal,Completed,253
TX-005670,CUST-0610,2025-07-08,120.85,PayPal,Completed,106
TX-005671,CUST-0610,2025-04-20,244.19,PayPal,Completed,138
TX-005672,CUST-0611,2025-07-26,486.34,PayPal,Completed,138
TX-005673,CUST-0611,2025-05-11,287.3,PayPal,Completed,123
TX-005674,CUST-0611,2025-01-02,32.25,ACH Direct Debit,Completed,214
TX-005675,CUST-0611,2025-07-09,222.84,ACH Direct Debit,Completed,137
TX-005676,CUST-0611,2025-06-09,485.43,ACH Direct Debit,Completed,385
TX-005677,CUST-0611,2025-09-26,378.07,PayPal,Completed,362
TX-005678,CUST-0611,2026-01-19,402.25,PayPal,Completed,180
TX-005679,CUST-0611,2025-10-29,364.26,PayPal,Completed,381
TX-005680,CUST-0611,2025-02-28,404.57,Wire Transfer,Completed,380
TX-005681,CUST-0611,2026-02-20,223.19,ACH Direct Debit,Refunded,239
TX-005682,CUST-0611,2026-01-11,471.63,Wire Transfer,Completed,311
TX-005683,CUST-0611,2025-12-08,257.63,PayPal,Completed,105
TX-005684,CUST-0612,2025-10-28,380.08,Credit Card,Completed,406
TX-005685,CUST-0612,2026-02-12,232.18,PayPal,Completed,310
TX-005686,CUST-0612,2025-04-10,4321.86,Wire Transfer,Refunded,3447
TX-005687,CUST-0612,2025-12-25,39.41,Credit Card,Completed,155
TX-005688,CUST-0612,2025-01-24,167.95,ACH Direct Debit,Completed,125
TX-005689,CUST-0612,2025-09-11,248.48,Wire Transfer,Completed,75
TX-005690,CUST-0613,2025-10-22,496.65,ACH Direct Debit,Completed,314
TX-005691,CUST-0613,2025-04-20,378.41,PayPal,Completed,285
TX-005692,CUST-0613,2025-04-02,499.8,Credit Card,Completed,366
TX-005693,CUST-0613,2025-12-19,168.23,ACH Direct Debit,Completed,397
TX-005694,CUST-0613,2025-08-25,216.89,ACH Direct Debit,Completed,160
TX-005695,CUST-0613,2025-01-18,97.6,ACH Direct Debit,Failed,201
TX-005696,CUST-0613,2025-11-24,492.49,PayPal,Completed,109
TX-005697,CUST-0613,2025-08-04,158.17,PayPal,Completed,246
TX-005698,CUST-0613,2025-07-16,409.24,Credit Card,Completed,337
TX-005699,CUST-0613,2025-12-16,125.96,Credit Card,Completed,275
TX-005700,CUST-0614,2025-12-30,403.9,ACH Direct Debit,Completed,414
TX-005701,CUST-0614,2025-02-03,141.65,ACH Direct Debit,Completed,394
TX-005702,CUST-0614,2025-04-26,73.99,ACH Direct Debit,Completed,419
TX-005703,CUST-0614,2025-07-16,236.35,Credit Card,Completed,240
TX-005704,CUST-0614,2025-06-16,140.13,Credit Card,Completed,217
TX-005705,CUST-0614,2025-12-21,435.34,Wire Transfer,Completed,217
TX-005706,CUST-0614,2025-12-26,108.33,ACH Direct Debit,Completed,297
TX-005707,CUST-0614,2025-10-09,342.8,Credit Card,Completed,109
TX-005708,CUST-0615,2025-08-20,135.45,ACH Direct Debit,Completed,268
TX-005709,CUST-0615,2025-10-13,385.89,PayPal,Completed,361
TX-005710,CUST-0615,2025-06-20,421.11,Credit Card,Completed,131
TX-005711,CUST-0615,2025-08-14,35.23,ACH Direct Debit,Completed,415
TX-005712,CUST-0615,2025-01-05,201.16,Credit Card,Failed,393
TX-005713,CUST-0615,2025-10-15,217.28,Wire Transfer,Completed,211
TX-005714,CUST-0615,2026-01-31,119.75,ACH Direct Debit,Completed,375
TX-005715,CUST-0615,2025-12-02,111.47,Wire Transfer,Completed,362
TX-005716,CUST-0616,2025-07-24,145.86,Wire Transfer,Completed,92
TX-005717,CUST-0616,2025-06-21,342.79,ACH Direct Debit,Completed,119
TX-005718,CUST-0616,2025-12-22,477.5,PayPal,Completed,374
TX-005719,CUST-0616,2025-10-29,187.25,Wire Transfer,Completed,163
TX-005720,CUST-0616,2025-05-17,389.66,Credit Card,Completed,246
TX-005721,CUST-0616,2025-12-09,61.08,Credit Card,Completed,291
TX-005722,CUST-0616,2025-04-12,470.82,ACH Direct Debit,Completed,120
TX-005723,CUST-0616,2025-02-09,180.33,Wire Transfer,Completed,295
TX-005724,CUST-0616,2025-03-19,411.83,ACH Direct Debit,Completed,420
TX-005725,CUST-0616,2025-01-21,378.49,Credit Card,Completed,76
TX-005726,CUST-0616,2025-03-27,303.94,PayPal,Completed,390
TX-005727,CUST-0616,2025-01-23,393.97,ACH Direct Debit,Completed,412
TX-005728,CUST-0616,2026-01-29,401.74,Credit Card,Completed,416
TX-005729,CUST-0616,2026-02-19,93.81,Wire Transfer,Completed,131
TX-005730,CUST-0616,2025-01-05,372.08,Credit Card,Completed,84
TX-005731,CUST-0616,2025-06-18,430.8,Credit Card,Completed,335
TX-005732,CUST-0617,2025-01-09,120.52,Credit Card,Completed,87
TX-005733,CUST-0617,2025-10-11,424.26,Wire Transfer,Completed,99
TX-005734,CUST-0617,2025-06-24,479.88,Credit Card,Completed,411
TX-005735,CUST-0617,2025-11-21,116.66,Credit Card,Refunded,195
TX-005736,CUST-0617,2025-07-30,359.78,Wire Transfer,Completed,289
TX-005737,CUST-0617,2025-11-22,65.29,ACH Direct Debit,Completed,223
TX-005738,CUST-0617,2025-08-05,394.62,PayPal,Completed,133
TX-005739,CUST-0618,2025-09-26,436.06,PayPal,Completed,156
TX-005740,CUST-0618,2025-11-15,269.35,PayPal,Completed,209
TX-005741,CUST-0618,2025-11-03,65.18,Wire Transfer,Completed,77
TX-005742,CUST-0618,2025-01-01,145.0,PayPal,Completed,207
TX-005743,CUST-0618,2025-08-02,485.25,ACH Direct Debit,Completed,136
TX-005744,CUST-0618,2025-07-01,260.76,Wire Transfer,Completed,337
TX-005745,CUST-0618,2025-01-12,164.14,PayPal,Completed,251
TX-005746,CUST-0618,2025-05-01,465.75,Credit Card,Completed,277
TX-005747,CUST-0618,2025-07-23,157.21,PayPal,Completed,272
TX-005748,CUST-0618,2025-04-08,403.32,Credit Card,Completed,140
TX-005749,CUST-0618,2025-08-30,498.2,ACH Direct Debit,Completed,357
TX-005750,CUST-0618,2025-05-11,74.19,PayPal,Completed,125
TX-005751,CUST-0619,2026-02-03,200.63,Credit Card,Completed,353
TX-005752,CUST-0619,2025-12-19,181.77,Credit Card,Completed,370
TX-005753,CUST-0619,2025-09-23,133.05,ACH Direct Debit,Completed,217
TX-005754,CUST-0619,2025-09-21,279.29,Wire Transfer,Completed,336
TX-005755,CUST-0619,2025-01-08,233.68,Wire Transfer,Completed,270
TX-005756,CUST-0619,2025-07-09,342.22,ACH Direct Debit,Failed,147
TX-005757,CUST-0619,2025-12-19,106.72,Wire Transfer,Completed,350
TX-005758,CUST-0619,2025-08-29,190.01,PayPal,Completed,137
TX-005759,CUST-0619,2025-06-23,328.35,Credit Card,Completed,362
TX-005760,CUST-0619,2025-03-24,455.39,Credit Card,Completed,143
TX-005761,CUST-0619,2025-02-15,434.62,PayPal,Completed,88
TX-005762,CUST-0619,2025-07-05,-437.75,ACH Direct Debit,Failed,371
TX-005763,CUST-0619,2025-12-05,386.45,PayPal,Completed,307
TX-005764,CUST-0619,2025-12-08,130.37,Wire Transfer,Completed,403
TX-005765,CUST-0619,2025-11-15,64.42,Credit Card,Failed,170
TX-005766,CUST-0619,2025-09-28,232.66,Credit Card,Failed,293
TX-005767,CUST-0620,2025-08-05,330.67,Wire Transfer,Completed,206
TX-005768,CUST-0620,2026-01-20,54.32,Credit Card,Completed,115
TX-005769,CUST-0620,2025-06-01,30.72,ACH Direct Debit,Completed,203
TX-005770,CUST-0620,2025-10-13,-111.51,ACH Direct Debit,Failed,201
TX-005771,CUST-0620,2025-08-29,364.44,Wire Transfer,Completed,252
TX-005772,CUST-0620,2026-01-18,468.24,Wire Transfer,Completed,241
TX-005773,CUST-0620,2025-11-12,90.95,ACH Direct Debit,Completed,259
TX-005774,CUST-0620,2025-09-02,241.98,ACH Direct Debit,Completed,308
TX-005775,CUST-0620,2025-12-12,189.37,PayPal,Completed,129
TX-005776,CUST-0621,2025-02-17,76.91,Credit Card,Completed,344
TX-005777,CUST-0621,2025-04-27,364.16,ACH Direct Debit,Completed,192
TX-005778,CUST-0621,2025-12-31,389.96,Wire Transfer,Completed,333
TX-005779,CUST-0621,2026-02-20,398.37,PayPal,Completed,416
TX-005780,CUST-0621,2025-12-19,324.15,PayPal,Completed,361
TX-005781,CUST-0622,2026-01-21,253.16,Wire Transfer,Completed,370
TX-005782,CUST-0622,2025-12-16,307.18,Credit Card,Completed,198
TX-005783,CUST-0622,2025-03-18,495.67,ACH Direct Debit,Completed,233
TX-005784,CUST-0622,2025-12-31,342.63,ACH Direct Debit,Failed,378
TX-005785,CUST-0622,2026-01-18,493.96,Credit Card,Completed,343
TX-005786,CUST-0622,2025-09-24,497.02,ACH Direct Debit,Completed,297
TX-005787,CUST-0622,2026-01-18,462.17,PayPal,Completed,368
TX-005788,CUST-0622,2026-02-04,329.49,Credit Card,Completed,374
TX-005789,CUST-0622,2025-02-28,364.8,PayPal,Completed,299
TX-005790,CUST-0622,2025-11-19,54.28,ACH Direct Debit,Completed,310
TX-005791,CUST-0623,2025-08-05,94.69,ACH Direct Debit,Completed,333
TX-005792,CUST-0623,2025-06-30,167.27,ACH Direct Debit,Completed,393
TX-005793,CUST-0623,2025-10-19,70.37,Wire Transfer,Completed,396
TX-005794,CUST-0623,2025-01-11,50.68,Credit Card,Completed,138
TX-005795,CUST-0623,2025-02-19,378.91,Credit Card,Completed,283
TX-005796,CUST-0623,2025-07-22,115.64,PayPal,Completed,325
TX-005797,CUST-0623,2025-02-25,149.08,ACH Direct Debit,Completed,96
TX-005798,CUST-0623,2025-08-16,76.13,Credit Card,Refunded,418
TX-005799,CUST-0623,2025-12-06,2592.35,Wire Transfer,Refunded,2946
TX-005800,CUST-0623,2025-05-20,103.61,PayPal,Completed,419
TX-005801,CUST-0623,2026-01-04,355.36,Wire Transfer,Completed,291
TX-005802,CUST-0623,2025-11-14,169.78,PayPal,Failed,97
TX-005803,CUST-0624,2025-08-22,88.42,Wire Transfer,Completed,244
TX-005804,CUST-0624,2025-05-12,126.67,ACH Direct Debit,Completed,242
TX-005805,CUST-0624,2025-08-26,205.38,Wire Transfer,Completed,322
TX-005806,CUST-0624,2025-05-09,454.5,PayPal,Completed,141
TX-005807,CUST-0625,2025-09-04,181.66,ACH Direct Debit,Completed,110
TX-005808,CUST-0625,2025-11-03,987.84,Credit Card,Failed,1807
TX-005809,CUST-0625,2026-02-08,224.08,ACH Direct Debit,Completed,370
TX-005810,CUST-0625,2025-05-16,498.33,ACH Direct Debit,Completed,286
TX-005811,CUST-0625,2025-12-09,158.29,Wire Transfer,Completed,121
TX-005812,CUST-0625,2025-05-29,390.98,Wire Transfer,Completed,291
TX-005813,CUST-0625,2026-02-05,495.1,Wire Transfer,Completed,153
TX-005814,CUST-0625,2025-07-18,467.21,Wire Transfer,Completed,368
TX-005815,CUST-0625,2025-07-05,183.18,PayPal,Completed,269
TX-005816,CUST-0625,2026-01-09,34.94,ACH Direct Debit,Completed,122
TX-005817,CUST-0625,2025-04-01,275.62,ACH Direct Debit,Completed,379
TX-005818,CUST-0626,2025-07-17,155.97,ACH Direct Debit,Completed,111
TX-005819,CUST-0626,2025-02-15,152.34,ACH Direct Debit,Completed,386
TX-005820,CUST-0626,2025-12-10,468.06,ACH Direct Debit,Completed,368
TX-005821,CUST-0626,2025-06-20,215.4,Credit Card,Completed,189
TX-005822,CUST-0626,2025-10-26,179.63,ACH Direct Debit,Completed,247
TX-005823,CUST-0626,2025-04-22,499.45,Wire Transfer,Completed,276
TX-005824,CUST-0626,2025-12-31,465.02,Credit Card,Completed,102
TX-005825,CUST-0626,2025-07-19,151.72,Credit Card,Completed,311
TX-005826,CUST-0626,2025-06-03,424.46,PayPal,Completed,121
TX-005827,CUST-0626,2026-01-27,435.87,Wire Transfer,Completed,318
TX-005828,CUST-0626,2025-11-06,225.34,Wire Transfer,Failed,322
TX-005829,CUST-0626,2026-01-27,406.85,ACH Direct Debit,Completed,353
TX-005830,CUST-0626,2025-08-29,357.58,Credit Card,Completed,227
TX-005831,CUST-0626,2025-08-31,71.91,ACH Direct Debit,Completed,375
TX-005832,CUST-0626,2025-11-08,389.82,Wire Transfer,Completed,241
TX-005833,CUST-0626,2026-02-25,5638.21,Wire Transfer,Failed,3850
TX-005834,CUST-0627,2025-12-23,417.93,Wire Transfer,Completed,140
TX-005835,CUST-0627,2025-08-30,413.22,ACH Direct Debit,Completed,155
TX-005836,CUST-0627,2026-01-24,286.16,ACH Direct Debit,Completed,113
TX-005837,CUST-0627,2025-02-12,355.8,Wire Transfer,Completed,109
TX-005838,CUST-0627,2025-12-25,323.94,ACH Direct Debit,Completed,377
TX-005839,CUST-0627,2026-01-21,69.94,Wire Transfer,Completed,261
TX-005840,CUST-0627,2025-03-21,133.45,PayPal,Completed,141
TX-005841,CUST-0627,2025-10-12,260.42,Wire Transfer,Completed,298
TX-005842,CUST-0627,2026-01-29,99.49,Wire Transfer,Completed,165
TX-005843,CUST-0627,2026-02-13,140.7,ACH Direct Debit,Completed,353
TX-005844,CUST-0627,2025-02-23,206.05,ACH Direct Debit,Completed,254
TX-005845,CUST-0627,2025-06-03,257.68,ACH Direct Debit,Completed,344
TX-005846,CUST-0627,2025-05-17,223.81,Wire Transfer,Completed,239
TX-005847,CUST-0627,2025-09-24,145.33,PayPal,Refunded,137
TX-005848,CUST-0627,2026-01-07,351.62,ACH Direct Debit,Failed,100
TX-005849,CUST-0628,2025-07-26,377.82,PayPal,Completed,254
TX-005850,CUST-0628,2025-10-05,919.15,ACH Direct Debit,Failed,1945
TX-005851,CUST-0628,2025-09-07,309.43,ACH Direct Debit,Completed,208
TX-005852,CUST-0628,2025-02-10,306.49,ACH Direct Debit,Failed,355
TX-005853,CUST-0628,2025-04-10,420.14,PayPal,Completed,226
TX-005854,CUST-0628,2025-05-05,469.93,ACH Direct Debit,Completed,302
TX-005855,CUST-0628,2025-04-28,123.36,ACH Direct Debit,Completed,150
TX-005856,CUST-0628,2025-03-29,265.94,Wire Transfer,Completed,113
TX-005857,CUST-0629,2025-09-06,166.38,PayPal,Completed,402
TX-005858,CUST-0629,2025-06-10,53.63,Credit Card,Completed,134
TX-005859,CUST-0629,2025-06-13,4952.46,ACH Direct Debit,Failed,3206
TX-005860,CUST-0629,2025-11-25,294.93,ACH Direct Debit,Completed,113
TX-005861,CUST-0629,2025-08-19,141.03,PayPal,Completed,268
TX-005862,CUST-0629,2025-10-25,83.98,ACH Direct Debit,Completed,299
TX-005863,CUST-0630,2025-04-29,212.77,PayPal,Completed,389
TX-005864,CUST-0630,2025-09-26,241.69,PayPal,Completed,379
TX-005865,CUST-0630,2025-12-02,439.88,PayPal,Completed,200
TX-005866,CUST-0630,2025-05-15,154.05,Credit Card,Failed,382
TX-005867,CUST-0630,2025-08-11,144.28,PayPal,Completed,167
TX-005868,CUST-0630,2025-09-02,254.06,Credit Card,Completed,299
TX-005869,CUST-0630,2025-03-14,134.46,ACH Direct Debit,Completed,308
TX-005870,CUST-0630,2026-02-22,64.17,ACH Direct Debit,Completed,392
TX-005871,CUST-0630,2025-06-20,205.46,Wire Transfer,Completed,417
TX-005872,CUST-0630,2025-03-06,373.32,Credit Card,Completed,95
TX-005873,CUST-0630,2025-01-31,1770.32,Wire Transfer,Refunded,1964
TX-005874,CUST-0630,2025-07-14,181.38,Credit Card,Completed,91
TX-005875,CUST-0630,2025-10-20,135.34,Wire Transfer,Completed,169
TX-005876,CUST-0630,2025-12-03,377.51,Wire Transfer,Completed,143
TX-005877,CUST-0631,2025-01-29,394.14,PayPal,Completed,247
TX-005878,CUST-0631,2026-02-10,121.53,PayPal,Failed,388
TX-005879,CUST-0631,2026-02-25,305.1,Wire Transfer,Completed,367
TX-005880,CUST-0631,2025-09-15,117.38,Credit Card,Completed,379
TX-005881,CUST-0631,2025-09-26,260.34,ACH Direct Debit,Completed,397
TX-005882,CUST-0631,2025-09-16,336.27,ACH Direct Debit,Refunded,318
TX-005883,CUST-0632,2025-08-06,146.35,Wire Transfer,Completed,315
TX-005884,CUST-0632,2025-08-12,427.41,ACH Direct Debit,Completed,366
TX-005885,CUST-0632,2025-09-15,410.89,Credit Card,Completed,80
TX-005886,CUST-0632,2025-12-18,332.02,ACH Direct Debit,Completed,261
TX-005887,CUST-0632,2025-12-27,96.03,Credit Card,Completed,387
TX-005888,CUST-0632,2025-12-18,68.39,Wire Transfer,Completed,388
TX-005889,CUST-0632,2025-12-20,476.3,Wire Transfer,Completed,150
TX-005890,CUST-0632,2025-06-26,166.14,Credit Card,Completed,245
TX-005891,CUST-0632,2026-01-13,195.08,PayPal,Completed,109
TX-005892,CUST-0632,2025-04-15,304.51,PayPal,Completed,301
TX-005893,CUST-0632,2025-10-11,72.56,Credit Card,Completed,358
TX-005894,CUST-0632,2025-09-17,345.49,PayPal,Completed,328
TX-005895,CUST-0632,2026-01-27,124.23,ACH Direct Debit,Completed,76
TX-005896,CUST-0632,2025-06-23,320.74,PayPal,Completed,298
TX-005897,CUST-0632,2025-01-18,391.63,Wire Transfer,Completed,87
TX-005898,CUST-0632,2025-01-24,222.11,Wire Transfer,Completed,168
TX-005899,CUST-0633,2025-02-24,179.26,Credit Card,Completed,358
TX-005900,CUST-0633,2025-04-04,257.25,Wire Transfer,Completed,245
TX-005901,CUST-0633,2025-02-27,165.73,Credit Card,Completed,368
TX-005902,CUST-0633,2025-04-25,252.37,ACH Direct Debit,Completed,76
TX-005903,CUST-0633,2025-12-19,120.34,Wire Transfer,Completed,345
TX-005904,CUST-0633,2025-01-18,221.76,ACH Direct Debit,Completed,331
TX-005905,CUST-0633,2026-02-03,468.7,Wire Transfer,Completed,138
TX-005906,CUST-0633,2025-04-12,281.79,ACH Direct Debit,Completed,416
TX-005907,CUST-0633,2025-09-01,255.95,ACH Direct Debit,Completed,254
TX-005908,CUST-0633,2026-02-06,144.45,Credit Card,Completed,242
TX-005909,CUST-0633,2025-06-13,473.42,ACH Direct Debit,Completed,417
TX-005910,CUST-0634,2025-03-08,1616.3,Credit Card,Failed,2844
TX-005911,CUST-0634,2025-11-18,284.07,Wire Transfer,Completed,241
TX-005912,CUST-0634,2025-04-19,191.03,Wire Transfer,Completed,259
TX-005913,CUST-0634,2025-01-24,277.41,PayPal,Completed,133
TX-005914,CUST-0634,2025-02-13,203.83,Credit Card,Completed,230
TX-005915,CUST-0634,2025-07-27,208.12,Credit Card,Completed,135
TX-005916,CUST-0634,2025-02-14,191.34,Credit Card,Failed,270
TX-005917,CUST-0634,2025-04-29,-334.51,ACH Direct Debit,Failed,250
TX-005918,CUST-0634,2025-12-06,337.57,PayPal,Completed,96
TX-005919,CUST-0634,2025-06-21,289.44,Wire Transfer,Completed,403
TX-005920,CUST-0634,2025-03-08,324.31,Credit Card,Completed,367
TX-005921,CUST-0634,2025-11-30,210.68,PayPal,Completed,232
TX-005922,CUST-0634,2025-08-12,335.09,Credit Card,Completed,407
TX-005923,CUST-0635,2025-04-26,400.6,PayPal,Completed,362
TX-005924,CUST-0635,2025-09-07,95.85,Credit Card,Completed,260
TX-005925,CUST-0635,2025-09-06,48.04,PayPal,Completed,195
TX-005926,CUST-0635,2025-11-26,343.9,ACH Direct Debit,Completed,406
TX-005927,CUST-0635,2025-07-25,360.1,Credit Card,Completed,93
TX-005928,CUST-0635,2025-05-14,197.77,ACH Direct Debit,Completed,355
TX-005929,CUST-0635,2025-09-11,327.02,ACH Direct Debit,Completed,128
TX-005930,CUST-0635,2025-02-26,377.21,ACH Direct Debit,Completed,371
TX-005931,CUST-0635,2025-04-18,64.55,Credit Card,Completed,377
TX-005932,CUST-0635,2025-07-23,485.73,Credit Card,Completed,362
TX-005933,CUST-0635,2025-04-28,433.23,Wire Transfer,Completed,269
TX-005934,CUST-0635,2025-10-09,75.09,PayPal,Completed,270
TX-005935,CUST-0635,2025-07-29,210.98,Wire Transfer,Completed,299
TX-005936,CUST-0636,2025-06-28,132.95,ACH Direct Debit,Completed,300
TX-005937,CUST-0636,2025-07-22,110.94,ACH Direct Debit,Completed,374
TX-005938,CUST-0636,2026-02-10,380.43,PayPal,Completed,233
TX-005939,CUST-0636,2025-01-20,291.03,ACH Direct Debit,Completed,406
TX-005940,CUST-0636,2025-03-03,249.14,PayPal,Completed,187
TX-005941,CUST-0636,2026-02-01,263.14,Wire Transfer,Completed,93
TX-005942,CUST-0636,2025-07-15,470.78,PayPal,Completed,210
TX-005943,CUST-0636,2025-08-18,71.15,PayPal,Completed,93
TX-005944,CUST-0636,2026-01-28,79.25,PayPal,Completed,208
TX-005945,CUST-0636,2025-12-16,340.01,ACH Direct Debit,Completed,148
TX-005946,CUST-0636,2026-01-14,310.15,Credit Card,Completed,263
TX-005947,CUST-0636,2025-04-23,468.05,ACH Direct Debit,Completed,360
TX-005948,CUST-0636,2025-08-08,93.47,ACH Direct Debit,Completed,355
TX-005949,CUST-0636,2025-05-07,309.29,Wire Transfer,Completed,159
TX-005950,CUST-0636,2026-02-23,253.35,Credit Card,Completed,323
TX-005951,CUST-0636,2025-06-09,235.18,Wire Transfer,Completed,213
TX-005952,CUST-0637,2025-12-22,88.27,PayPal,Completed,219
TX-005953,CUST-0637,2025-06-24,211.13,ACH Direct Debit,Completed,148
TX-005954,CUST-0637,2026-01-04,101.64,Credit Card,Completed,348
TX-005955,CUST-0637,2025-12-19,199.24,PayPal,Completed,79
TX-005956,CUST-0637,2025-05-20,466.97,Wire Transfer,Completed,396
TX-005957,CUST-0637,2025-09-04,189.46,Credit Card,Completed,352
TX-005958,CUST-0637,2025-09-19,455.23,Credit Card,Failed,344
TX-005959,CUST-0637,2025-08-13,103.49,PayPal,Completed,275
TX-005960,CUST-0637,2025-01-17,355.37,Credit Card,Completed,391
TX-005961,CUST-0638,2026-02-05,146.67,Wire Transfer,Completed,156
TX-005962,CUST-0638,2025-03-21,442.85,ACH Direct Debit,Completed,303
TX-005963,CUST-0638,2025-08-13,166.97,Credit Card,Completed,246
TX-005964,CUST-0638,2025-10-25,328.24,ACH Direct Debit,Completed,272
TX-005965,CUST-0638,2025-11-24,362.0,PayPal,Completed,373
TX-005966,CUST-0638,2025-05-18,315.34,ACH Direct Debit,Completed,112
TX-005967,CUST-0638,2025-06-27,329.49,PayPal,Completed,281
TX-005968,CUST-0638,2025-12-30,413.04,PayPal,Completed,77
TX-005969,CUST-0638,2025-04-28,220.04,Wire Transfer,Completed,299
TX-005970,CUST-0638,2026-01-26,117.76,Wire Transfer,Completed,278
TX-005971,CUST-0638,2025-02-24,257.32,Credit Card,Completed,249
TX-005972,CUST-0638,2025-04-17,290.65,PayPal,Completed,171
TX-005973,CUST-0638,2026-02-12,487.22,Credit Card,Completed,124
TX-005974,CUST-0638,2025-07-23,219.32,ACH Direct Debit,Completed,80
TX-005975,CUST-0639,2025-10-03,57.41,PayPal,Completed,380
TX-005976,CUST-0639,2025-04-10,63.82,ACH Direct Debit,Completed,417
TX-005977,CUST-0639,2025-10-06,457.27,Credit Card,Completed,200
TX-005978,CUST-0639,2025-06-12,302.51,ACH Direct Debit,Completed,419
TX-005979,CUST-0639,2025-01-07,265.05,PayPal,Completed,195
TX-005980,CUST-0640,2025-05-29,216.67,Wire Transfer,Completed,285
TX-005981,CUST-0640,2026-02-19,97.47,Wire Transfer,Completed,328
TX-005982,CUST-0640,2025-03-16,468.56,Wire Transfer,Completed,128
TX-005983,CUST-0641,2025-08-07,481.98,ACH Direct Debit,Completed,200
TX-005984,CUST-0641,2025-03-06,60.58,ACH Direct Debit,Completed,91
TX-005985,CUST-0641,2025-11-11,448.3,Wire Transfer,Completed,408
TX-005986,CUST-0641,2025-12-30,319.11,ACH Direct Debit,Completed,94
TX-005987,CUST-0641,2025-11-25,196.29,ACH Direct Debit,Completed,291
TX-005988,CUST-0641,2025-07-11,53.32,ACH Direct Debit,Completed,289
TX-005989,CUST-0641,2025-10-13,467.09,Credit Card,Completed,158
TX-005990,CUST-0641,2025-08-15,478.29,ACH Direct Debit,Completed,175
TX-005991,CUST-0641,2025-02-12,464.06,Credit Card,Completed,371
TX-005992,CUST-0641,2025-11-05,450.02,ACH Direct Debit,Completed,101
TX-005993,CUST-0641,2025-04-01,216.97,PayPal,Completed,78
TX-005994,CUST-0641,2025-09-10,164.15,Wire Transfer,Completed,409
TX-005995,CUST-0641,2025-02-02,138.59,PayPal,Completed,347
TX-005996,CUST-0641,2025-03-31,101.76,ACH Direct Debit,Completed,181
TX-005997,CUST-0641,2025-12-10,349.13,Credit Card,Completed,242
TX-005998,CUST-0641,2025-06-01,308.55,PayPal,Completed,202
TX-005999,CUST-0642,2026-01-30,445.17,ACH Direct Debit,Completed,403
TX-006000,CUST-0642,2026-02-08,176.3,Credit Card,Completed,307
TX-006001,CUST-0642,2025-09-01,412.58,PayPal,Completed,368
TX-006002,CUST-0642,2026-01-21,231.4,Wire Transfer,Completed,381
TX-006003,CUST-0642,2025-09-02,425.87,Credit Card,Completed,401
TX-006004,CUST-0642,2025-05-24,420.84,PayPal,Completed,199
TX-006005,CUST-0642,2025-01-20,36.4,Credit Card,Failed,312
TX-006006,CUST-0642,2026-01-10,118.49,Credit Card,Completed,149
TX-006007,CUST-0642,2026-02-11,136.7,Credit Card,Completed,375
TX-006008,CUST-0642,2025-05-25,120.68,ACH Direct Debit,Completed,266
TX-006009,CUST-0643,2025-01-10,84.3,Wire Transfer,Completed,282
TX-006010,CUST-0643,2025-04-17,2500.27,ACH Direct Debit,Failed,2181
TX-006011,CUST-0643,2025-01-28,352.69,Wire Transfer,Completed,273
TX-006012,CUST-0643,2026-01-25,211.57,ACH Direct Debit,Completed,191
TX-006013,CUST-0643,2025-02-18,167.63,Credit Card,Completed,154
TX-006014,CUST-0643,2025-02-02,253.42,PayPal,Completed,136
TX-006015,CUST-0643,2025-06-12,248.6,Credit Card,Completed,98
TX-006016,CUST-0644,2025-12-07,329.31,Credit Card,Completed,358
TX-006017,CUST-0644,2025-01-03,425.51,ACH Direct Debit,Completed,245
TX-006018,CUST-0644,2026-02-13,410.04,Wire Transfer,Completed,155
TX-006019,CUST-0644,2025-07-06,311.11,Wire Transfer,Completed,296
TX-006020,CUST-0644,2025-05-16,81.43,Wire Transfer,Completed,89
TX-006021,CUST-0644,2026-02-17,466.37,Credit Card,Completed,267
TX-006022,CUST-0644,2025-01-28,216.52,PayPal,Completed,291
TX-006023,CUST-0644,2025-10-25,108.78,PayPal,Completed,303
TX-006024,CUST-0644,2025-02-11,342.22,ACH Direct Debit,Completed,263
TX-006025,CUST-0644,2025-06-22,120.07,ACH Direct Debit,Completed,328
TX-006026,CUST-0644,2025-12-22,402.42,Credit Card,Completed,158
TX-006027,CUST-0644,2025-06-11,277.65,Credit Card,Completed,342
TX-006028,CUST-0645,2026-02-22,372.49,Credit Card,Completed,125
TX-006029,CUST-0645,2025-06-12,436.91,PayPal,Completed,109
TX-006030,CUST-0645,2025-03-01,103.89,PayPal,Completed,331
TX-006031,CUST-0645,2025-06-06,484.09,Wire Transfer,Completed,113
TX-006032,CUST-0645,2025-08-16,64.95,Credit Card,Completed,210
TX-006033,CUST-0645,2025-12-16,222.64,PayPal,Completed,233
TX-006034,CUST-0645,2025-12-02,55.15,Credit Card,Completed,77
TX-006035,CUST-0645,2025-03-04,335.28,Credit Card,Completed,327
TX-006036,CUST-0645,2025-08-25,43.6,Credit Card,Completed,407
TX-006037,CUST-0646,2025-12-11,89.09,Credit Card,Completed,188
TX-006038,CUST-0646,2025-08-21,106.3,ACH Direct Debit,Completed,237
TX-006039,CUST-0646,2025-07-03,478.86,Credit Card,Completed,81
TX-006040,CUST-0646,2025-12-07,394.06,Wire Transfer,Completed,237
TX-006041,CUST-0647,2025-07-24,369.72,Wire Transfer,Completed,299
TX-006042,CUST-0647,2025-05-29,65.31,Wire Transfer,Completed,218
TX-006043,CUST-0647,2025-06-05,481.39,PayPal,Completed,110
TX-006044,CUST-0647,2025-08-31,179.04,Wire Transfer,Failed,277
TX-006045,CUST-0647,2025-05-21,457.5,Credit Card,Completed,139
TX-006046,CUST-0647,2025-11-26,229.95,Credit Card,Completed,225
TX-006047,CUST-0647,2026-02-12,67.24,Wire Transfer,Completed,208
TX-006048,CUST-0647,2025-09-23,409.15,PayPal,Completed,253
TX-006049,CUST-0647,2025-11-11,99.94,Wire Transfer,Completed,291
TX-006050,CUST-0647,2025-02-03,427.39,Wire Transfer,Completed,292
TX-006051,CUST-0647,2026-01-25,464.95,PayPal,Completed,296
TX-006052,CUST-0647,2025-10-25,3301.3,Credit Card,Refunded,2825
TX-006053,CUST-0647,2025-02-19,354.78,Wire Transfer,Completed,409
TX-006054,CUST-0647,2025-11-25,346.92,Credit Card,Completed,198
TX-006055,CUST-0647,2025-09-12,285.36,ACH Direct Debit,Completed,98
TX-006056,CUST-0648,2025-12-17,382.22,Wire Transfer,Completed,267
TX-006057,CUST-0648,2025-01-08,158.92,PayPal,Completed,240
TX-006058,CUST-0648,2025-11-24,163.24,PayPal,Completed,330
TX-006059,CUST-0648,2025-12-26,134.76,ACH Direct Debit,Completed,409
TX-006060,CUST-0648,2025-05-08,233.05,ACH Direct Debit,Completed,92
TX-006061,CUST-0648,2025-09-15,392.73,Credit Card,Completed,260
TX-006062,CUST-0648,2025-12-07,410.07,Credit Card,Completed,238
TX-006063,CUST-0648,2026-02-12,294.85,Credit Card,Completed,117
TX-006064,CUST-0648,2025-09-23,183.91,PayPal,Completed,368
TX-006065,CUST-0648,2025-11-26,38.39,PayPal,Completed,161
TX-006066,CUST-0648,2026-01-06,400.29,ACH Direct Debit,Completed,91
TX-006067,CUST-0648,2025-10-20,101.99,Wire Transfer,Completed,211
TX-006068,CUST-0649,2025-07-23,267.5,Wire Transfer,Completed,180
TX-006069,CUST-0649,2025-05-28,66.17,PayPal,Completed,123
TX-006070,CUST-0649,2025-05-18,46.56,ACH Direct Debit,Completed,400
TX-006071,CUST-0649,2025-04-01,377.65,Credit Card,Completed,388
TX-006072,CUST-0649,2025-07-21,266.08,Credit Card,Completed,137
TX-006073,CUST-0649,2025-08-24,470.18,Wire Transfer,Completed,146
TX-006074,CUST-0649,2026-02-03,418.22,Wire Transfer,Failed,198
TX-006075,CUST-0649,2025-06-18,213.38,Wire Transfer,Completed,252
TX-006076,CUST-0649,2025-09-23,430.12,Wire Transfer,Completed,294
TX-006077,CUST-0650,2025-08-24,358.67,PayPal,Completed,208
TX-006078,CUST-0650,2026-02-10,112.0,Wire Transfer,Completed,328
TX-006079,CUST-0650,2025-06-11,335.76,Wire Transfer,Completed,325
TX-006080,CUST-0650,2026-02-06,77.58,PayPal,Completed,152
TX-006081,CUST-0650,2025-04-05,46.3,PayPal,Completed,321
TX-006082,CUST-0650,2025-11-29,268.85,PayPal,Completed,390
TX-006083,CUST-0650,2025-01-26,489.44,PayPal,Completed,365
TX-006084,CUST-0650,2025-04-26,477.59,PayPal,Completed,76
TX-006085,CUST-0650,2025-07-03,353.87,Wire Transfer,Completed,355
TX-006086,CUST-0650,2025-07-22,168.83,PayPal,Completed,325
TX-006087,CUST-0650,2025-08-21,100.01,Credit Card,Completed,395
TX-006088,CUST-0650,2025-03-07,304.01,Credit Card,Completed,239
TX-006089,CUST-0650,2025-05-03,338.13,Wire Transfer,Completed,90
TX-006090,CUST-0650,2025-07-10,474.4,ACH Direct Debit,Completed,166
TX-006091,CUST-0651,2025-05-23,478.7,Credit Card,Completed,222
TX-006092,CUST-0651,2025-03-29,129.23,Wire Transfer,Completed,139
TX-006093,CUST-0651,2025-01-18,292.13,ACH Direct Debit,Completed,343
TX-006094,CUST-0651,2025-01-31,472.33,Credit Card,Completed,369
TX-006095,CUST-0651,2025-05-08,255.62,ACH Direct Debit,Completed,255
TX-006096,CUST-0651,2025-09-23,126.4,Credit Card,Completed,138
TX-006097,CUST-0651,2025-08-06,413.41,Credit Card,Completed,170
TX-006098,CUST-0651,2025-09-22,33.07,Credit Card,Completed,380
TX-006099,CUST-0651,2025-07-10,80.15,PayPal,Completed,304
TX-006100,CUST-0651,2025-05-19,365.75,Wire Transfer,Completed,201
TX-006101,CUST-0651,2025-08-16,329.84,Wire Transfer,Completed,299
TX-006102,CUST-0651,2025-10-06,87.95,PayPal,Completed,181
TX-006103,CUST-0652,2025-05-17,215.97,Credit Card,Completed,262
TX-006104,CUST-0652,2025-08-14,432.47,Wire Transfer,Completed,82
TX-006105,CUST-0652,2025-07-02,181.3,Wire Transfer,Completed,340
TX-006106,CUST-0652,2025-05-16,289.33,Credit Card,Completed,138
TX-006107,CUST-0652,2025-12-08,291.04,PayPal,Completed,408
TX-006108,CUST-0652,2025-01-30,408.81,ACH Direct Debit,Completed,348
TX-006109,CUST-0652,2025-10-30,488.38,PayPal,Completed,249
TX-006110,CUST-0652,2025-04-23,248.31,Credit Card,Completed,293
TX-006111,CUST-0652,2025-06-14,445.6,Credit Card,Completed,195
TX-006112,CUST-0652,2025-08-17,392.75,ACH Direct Debit,Completed,288
TX-006113,CUST-0652,2025-02-01,332.98,Wire Transfer,Completed,280
TX-006114,CUST-0652,2025-02-16,76.94,Credit Card,Completed,110
TX-006115,CUST-0653,2025-10-30,186.22,ACH Direct Debit,Completed,88
TX-006116,CUST-0653,2025-04-16,371.41,Wire Transfer,Completed,205
TX-006117,CUST-0653,2025-09-07,261.66,Wire Transfer,Completed,313
TX-006118,CUST-0653,2025-09-06,298.95,Wire Transfer,Completed,89
TX-006119,CUST-0654,2025-01-08,164.79,ACH Direct Debit,Completed,339
TX-006120,CUST-0654,2025-03-15,409.03,PayPal,Completed,213
TX-006121,CUST-0654,2025-03-07,170.32,PayPal,Completed,319
TX-006122,CUST-0655,2025-06-14,58.49,Credit Card,Completed,243
TX-006123,CUST-0655,2025-06-21,366.76,Credit Card,Completed,300
TX-006124,CUST-0655,2025-03-08,41.39,Credit Card,Completed,156
TX-006125,CUST-0655,2025-11-15,192.42,Credit Card,Failed,413
TX-006126,CUST-0655,2025-04-30,177.47,Credit Card,Completed,239
TX-006127,CUST-0655,2025-10-19,314.11,PayPal,Completed,287
TX-006128,CUST-0655,2025-05-23,181.26,Credit Card,Refunded,303
TX-006129,CUST-0655,2026-01-09,240.21,PayPal,Completed,169
TX-006130,CUST-0655,2025-05-14,56.1,PayPal,Completed,260
TX-006131,CUST-0655,2025-12-20,343.01,Wire Transfer,Completed,218
TX-006132,CUST-0655,2025-01-25,85.01,Wire Transfer,Completed,330
TX-006133,CUST-0655,2025-01-19,464.64,Credit Card,Completed,189
TX-006134,CUST-0655,2025-06-05,440.37,ACH Direct Debit,Completed,397
TX-006135,CUST-0655,2025-11-19,255.01,PayPal,Completed,205
TX-006136,CUST-0655,2025-08-10,198.89,Credit Card,Refunded,77
TX-006137,CUST-0656,2025-05-31,47.58,PayPal,Completed,286
TX-006138,CUST-0656,2025-05-09,322.94,ACH Direct Debit,Completed,183
TX-006139,CUST-0656,2025-06-29,110.09,Wire Transfer,Refunded,219
TX-006140,CUST-0657,2025-05-25,216.27,Credit Card,Completed,302
TX-006141,CUST-0657,2025-04-09,279.26,Credit Card,Completed,383
TX-006142,CUST-0657,2025-02-15,494.24,ACH Direct Debit,Completed,416
TX-006143,CUST-0657,2025-06-30,113.13,Credit Card,Completed,105
TX-006144,CUST-0657,2025-07-08,296.09,PayPal,Completed,232
TX-006145,CUST-0657,2025-01-12,236.42,PayPal,Completed,111
TX-006146,CUST-0657,2025-02-06,327.02,ACH Direct Debit,Failed,321
TX-006147,CUST-0657,2026-01-28,486.2,Credit Card,Completed,171
TX-006148,CUST-0657,2025-11-17,48.74,Wire Transfer,Completed,192
TX-006149,CUST-0657,2025-12-25,146.33,Wire Transfer,Completed,280
TX-006150,CUST-0657,2025-07-05,174.43,PayPal,Completed,286
TX-006151,CUST-0657,2025-05-23,208.47,Wire Transfer,Completed,262
TX-006152,CUST-0657,2025-05-09,351.1,Wire Transfer,Completed,415
TX-006153,CUST-0657,2025-09-18,450.52,Wire Transfer,Completed,120
TX-006154,CUST-0657,2025-08-16,327.38,Wire Transfer,Completed,217
TX-006155,CUST-0657,2026-02-04,301.79,Credit Card,Refunded,241
TX-006156,CUST-0658,2025-05-17,460.26,PayPal,Completed,346
TX-006157,CUST-0658,2025-01-11,447.86,PayPal,Completed,233
TX-006158,CUST-0658,2025-07-27,140.27,PayPal,Completed,371
TX-006159,CUST-0658,2025-10-14,378.48,ACH Direct Debit,Completed,328
TX-006160,CUST-0658,2026-01-20,144.64,ACH Direct Debit,Completed,401
TX-006161,CUST-0658,2025-08-03,407.32,ACH Direct Debit,Failed,315
TX-006162,CUST-0658,2025-09-29,51.28,Credit Card,Completed,150
TX-006163,CUST-0658,2025-10-03,243.65,PayPal,Completed,350
TX-006164,CUST-0658,2025-08-15,234.55,ACH Direct Debit,Completed,292
TX-006165,CUST-0658,2026-01-21,56.96,Wire Transfer,Completed,376
TX-006166,CUST-0658,2025-07-06,106.93,Wire Transfer,Completed,139
TX-006167,CUST-0658,2025-02-27,240.71,Credit Card,Completed,329
TX-006168,CUST-0658,2025-09-29,402.97,Credit Card,Completed,304
TX-006169,CUST-0658,2025-01-14,325.32,Wire Transfer,Completed,298
TX-006170,CUST-0659,2026-01-11,307.87,PayPal,Completed,287
TX-006171,CUST-0659,2025-05-23,399.0,Credit Card,Completed,321
TX-006172,CUST-0659,2025-05-20,46.0,Credit Card,Failed,314
TX-006173,CUST-0659,2025-03-11,485.55,PayPal,Completed,84
TX-006174,CUST-0659,2025-07-08,482.47,PayPal,Completed,219
TX-006175,CUST-0659,2025-08-23,411.75,Wire Transfer,Refunded,274
TX-006176,CUST-0659,2025-09-09,151.42,PayPal,Completed,356
TX-006177,CUST-0659,2026-01-11,188.31,ACH Direct Debit,Completed,317
TX-006178,CUST-0659,2025-04-18,143.75,Credit Card,Refunded,214
TX-006179,CUST-0659,2025-12-29,455.2,Wire Transfer,Completed,364
TX-006180,CUST-0659,2026-02-04,34.64,ACH Direct Debit,Failed,315
TX-006181,CUST-0659,2025-03-08,278.15,PayPal,Completed,148
TX-006182,CUST-0659,2025-12-11,268.53,PayPal,Failed,105
TX-006183,CUST-0659,2025-03-22,375.63,Credit Card,Completed,293
TX-006184,CUST-0659,2025-05-01,222.58,Wire Transfer,Completed,387
TX-006185,CUST-0660,2025-08-26,234.53,PayPal,Completed,210
TX-006186,CUST-0660,2025-04-11,355.22,ACH Direct Debit,Completed,321
TX-006187,CUST-0660,2026-02-15,78.23,ACH Direct Debit,Completed,319
TX-006188,CUST-0660,2025-12-15,276.99,PayPal,Completed,326
TX-006189,CUST-0660,2025-10-16,497.64,ACH Direct Debit,Completed,274
TX-006190,CUST-0660,2025-10-25,186.83,PayPal,Completed,316
TX-006191,CUST-0660,2025-11-07,112.69,PayPal,Completed,273
TX-006192,CUST-0660,2025-08-07,318.13,Wire Transfer,Completed,320
TX-006193,CUST-0660,2025-04-17,55.13,Wire Transfer,Completed,85
TX-006194,CUST-0660,2025-04-21,384.48,Wire Transfer,Completed,371
TX-006195,CUST-0660,2026-01-30,255.75,Wire Transfer,Completed,296
TX-006196,CUST-0660,2026-01-24,396.62,Credit Card,Completed,125
TX-006197,CUST-0660,2025-12-23,208.29,Credit Card,Completed,255
TX-006198,CUST-0660,2025-03-02,333.08,PayPal,Completed,228
TX-006199,CUST-0660,2025-01-21,146.22,ACH Direct Debit,Completed,352
TX-006200,CUST-0661,2025-02-18,153.69,Credit Card,Completed,377
TX-006201,CUST-0661,2025-12-01,98.19,Credit Card,Completed,193
TX-006202,CUST-0661,2025-07-08,313.29,PayPal,Completed,296
TX-006203,CUST-0661,2025-03-20,131.92,Wire Transfer,Completed,223
TX-006204,CUST-0661,2026-01-05,256.39,PayPal,Completed,221
TX-006205,CUST-0661,2025-07-17,143.9,PayPal,Completed,198
TX-006206,CUST-0661,2025-01-28,5214.52,ACH Direct Debit,Refunded,2234
TX-006207,CUST-0661,2026-02-09,94.22,Credit Card,Completed,307
TX-006208,CUST-0661,2025-07-25,104.44,Wire Transfer,Completed,243
TX-006209,CUST-0661,2025-08-06,238.45,PayPal,Completed,217
TX-006210,CUST-0661,2025-12-12,393.79,ACH Direct Debit,Completed,313
TX-006211,CUST-0661,2026-01-26,362.48,PayPal,Completed,198
TX-006212,CUST-0662,2025-11-01,67.25,ACH Direct Debit,Failed,344
TX-006213,CUST-0662,2025-03-26,268.02,ACH Direct Debit,Completed,329
TX-006214,CUST-0662,2025-11-12,69.23,Wire Transfer,Completed,301
TX-006215,CUST-0662,2025-11-02,207.26,PayPal,Completed,270
TX-006216,CUST-0662,2025-02-21,379.52,Credit Card,Completed,113
TX-006217,CUST-0662,2025-03-14,38.58,Credit Card,Completed,114
TX-006218,CUST-0662,2025-08-24,408.67,PayPal,Completed,143
TX-006219,CUST-0662,2025-05-08,399.76,Wire Transfer,Refunded,103
TX-006220,CUST-0662,2025-08-05,201.27,ACH Direct Debit,Completed,126
TX-006221,CUST-0662,2025-04-24,406.17,PayPal,Completed,115
TX-006222,CUST-0662,2025-04-18,454.24,PayPal,Completed,90
TX-006223,CUST-0662,2025-09-19,172.01,Credit Card,Failed,190
TX-006224,CUST-0662,2026-02-21,132.88,Credit Card,Completed,98
TX-006225,CUST-0662,2025-12-07,355.74,ACH Direct Debit,Completed,172
TX-006226,CUST-0662,2025-07-04,224.98,Credit Card,Refunded,330
TX-006227,CUST-0662,2025-04-05,473.55,Wire Transfer,Completed,302
TX-006228,CUST-0663,2025-11-01,256.1,Credit Card,Completed,97
TX-006229,CUST-0663,2025-02-20,340.45,Wire Transfer,Completed,364
TX-006230,CUST-0663,2025-02-09,418.73,Wire Transfer,Completed,390
TX-006231,CUST-0663,2026-01-07,348.32,Wire Transfer,Completed,75
TX-006232,CUST-0663,2025-09-26,209.2,ACH Direct Debit,Completed,378
TX-006233,CUST-0663,2025-01-28,110.4,PayPal,Refunded,118
TX-006234,CUST-0664,2025-06-24,284.97,Credit Card,Completed,216
TX-006235,CUST-0664,2025-02-02,420.12,Credit Card,Refunded,90
TX-006236,CUST-0664,2025-06-05,189.31,Credit Card,Completed,236
TX-006237,CUST-0664,2025-12-29,82.88,ACH Direct Debit,Failed,387
TX-006238,CUST-0664,2025-01-30,420.35,Wire Transfer,Completed,282
TX-006239,CUST-0664,2026-02-14,447.68,ACH Direct Debit,Refunded,328
TX-006240,CUST-0665,2025-01-26,428.25,PayPal,Completed,332
TX-006241,CUST-0665,2025-07-12,100.34,Wire Transfer,Completed,79
TX-006242,CUST-0665,2025-04-02,175.52,PayPal,Completed,104
TX-006243,CUST-0665,2025-12-06,380.7,ACH Direct Debit,Completed,131
TX-006244,CUST-0665,2025-06-22,430.78,ACH Direct Debit,Completed,340
TX-006245,CUST-0665,2025-02-25,402.87,Credit Card,Completed,360
TX-006246,CUST-0665,2025-07-15,56.09,ACH Direct Debit,Failed,85
TX-006247,CUST-0665,2025-12-10,399.27,Wire Transfer,Completed,325
TX-006248,CUST-0665,2025-07-25,261.2,PayPal,Completed,241
TX-006249,CUST-0666,2026-01-11,166.16,PayPal,Completed,217
TX-006250,CUST-0666,2026-01-28,98.13,Credit Card,Completed,397
TX-006251,CUST-0666,2025-12-25,192.88,Wire Transfer,Completed,243
TX-006252,CUST-0666,2025-08-13,344.47,PayPal,Completed,165
TX-006253,CUST-0666,2025-11-13,475.26,Credit Card,Completed,225
TX-006254,CUST-0666,2025-07-30,371.04,Credit Card,Completed,134
TX-006255,CUST-0666,2025-08-16,488.65,Credit Card,Completed,115
TX-006256,CUST-0667,2025-08-08,281.39,ACH Direct Debit,Completed,187
TX-006257,CUST-0667,2025-03-20,345.7,ACH Direct Debit,Completed,408
TX-006258,CUST-0667,2025-07-30,376.48,ACH Direct Debit,Completed,235
TX-006259,CUST-0668,2025-02-12,181.55,Credit Card,Completed,328
TX-006260,CUST-0668,2025-12-19,420.91,Credit Card,Completed,131
TX-006261,CUST-0668,2025-01-03,452.59,PayPal,Completed,358
TX-006262,CUST-0668,2025-07-08,200.42,ACH Direct Debit,Completed,346
TX-006263,CUST-0668,2025-09-04,405.6,Credit Card,Completed,324
TX-006264,CUST-0668,2025-11-06,371.28,Wire Transfer,Completed,165
TX-006265,CUST-0668,2025-06-03,305.51,Wire Transfer,Completed,180
TX-006266,CUST-0668,2025-02-26,200.32,ACH Direct Debit,Completed,165
TX-006267,CUST-0668,2025-10-01,134.36,PayPal,Completed,312
TX-006268,CUST-0668,2026-02-06,353.41,Credit Card,Completed,370
TX-006269,CUST-0668,2025-06-26,308.71,ACH Direct Debit,Completed,221
TX-006270,CUST-0668,2025-10-30,375.22,Wire Transfer,Completed,351
TX-006271,CUST-0668,2025-12-10,393.88,Credit Card,Completed,282
TX-006272,CUST-0668,2025-09-30,131.6,Credit Card,Completed,82
TX-006273,CUST-0668,2025-03-18,198.11,ACH Direct Debit,Completed,94
TX-006274,CUST-0669,2025-11-29,109.15,Wire Transfer,Completed,409
TX-006275,CUST-0669,2025-08-23,59.27,Credit Card,Completed,247
TX-006276,CUST-0669,2025-06-12,87.93,ACH Direct Debit,Completed,268
TX-006277,CUST-0669,2025-12-28,224.27,PayPal,Completed,282
TX-006278,CUST-0669,2025-10-05,434.04,Credit Card,Completed,173
TX-006279,CUST-0669,2025-03-09,396.86,Wire Transfer,Completed,267
TX-006280,CUST-0669,2025-03-15,410.41,PayPal,Completed,166
TX-006281,CUST-0669,2025-07-04,51.62,PayPal,Completed,85
TX-006282,CUST-0669,2025-01-10,317.89,ACH Direct Debit,Completed,312
TX-006283,CUST-0669,2025-02-19,414.1,PayPal,Completed,177
TX-006284,CUST-0669,2025-03-02,384.69,ACH Direct Debit,Completed,402
TX-006285,CUST-0669,2025-06-15,283.76,Wire Transfer,Completed,198
TX-006286,CUST-0669,2025-01-14,385.54,PayPal,Completed,106
TX-006287,CUST-0669,2025-11-29,4098.25,Credit Card,Refunded,4075
TX-006288,CUST-0669,2025-07-16,159.68,Credit Card,Completed,200
TX-006289,CUST-0669,2025-05-26,162.85,PayPal,Completed,101
TX-006290,CUST-0670,2025-10-11,416.07,ACH Direct Debit,Completed,315
TX-006291,CUST-0670,2025-12-02,278.99,PayPal,Completed,308
TX-006292,CUST-0670,2025-02-28,6817.94,Credit Card,Refunded,1695
TX-006293,CUST-0670,2025-03-02,450.66,PayPal,Completed,242
TX-006294,CUST-0670,2025-06-02,256.63,PayPal,Completed,335
TX-006295,CUST-0670,2025-04-03,257.82,PayPal,Completed,156
TX-006296,CUST-0670,2026-02-06,31.25,Credit Card,Completed,236
TX-006297,CUST-0670,2025-07-09,355.93,PayPal,Completed,259
TX-006298,CUST-0670,2025-01-29,85.02,Credit Card,Completed,204
TX-006299,CUST-0670,2026-02-15,235.73,PayPal,Completed,419
TX-006300,CUST-0670,2025-01-07,368.19,Credit Card,Completed,393
TX-006301,CUST-0670,2025-09-29,328.5,Credit Card,Completed,87
TX-006302,CUST-0670,2026-02-25,166.06,Credit Card,Completed,76
TX-006303,CUST-0670,2025-05-21,375.44,Wire Transfer,Completed,244
TX-006304,CUST-0671,2026-02-15,392.69,ACH Direct Debit,Completed,394
TX-006305,CUST-0671,2025-10-15,298.72,ACH Direct Debit,Completed,210
TX-006306,CUST-0671,2025-11-10,125.44,Wire Transfer,Completed,152
TX-006307,CUST-0671,2025-04-15,313.28,Wire Transfer,Completed,101
TX-006308,CUST-0671,2025-07-30,411.26,Credit Card,Completed,151
TX-006309,CUST-0671,2025-04-15,254.28,Wire Transfer,Completed,227
TX-006310,CUST-0672,2025-06-10,281.55,ACH Direct Debit,Completed,365
TX-006311,CUST-0672,2025-07-19,301.94,ACH Direct Debit,Completed,295
TX-006312,CUST-0672,2025-06-29,348.65,PayPal,Completed,411
TX-006313,CUST-0672,2025-12-21,485.45,ACH Direct Debit,Completed,218
TX-006314,CUST-0672,2025-10-10,387.5,Credit Card,Completed,353
TX-006315,CUST-0672,2025-05-31,209.29,Credit Card,Failed,409
TX-006316,CUST-0672,2025-10-01,240.44,Wire Transfer,Completed,320
TX-006317,CUST-0672,2025-05-03,488.59,PayPal,Completed,140
TX-006318,CUST-0672,2025-03-21,410.91,Wire Transfer,Completed,188
TX-006319,CUST-0672,2025-02-23,340.86,Wire Transfer,Completed,149
TX-006320,CUST-0672,2025-09-11,476.27,ACH Direct Debit,Refunded,2504
TX-006321,CUST-0672,2025-08-08,272.1,ACH Direct Debit,Completed,330
TX-006322,CUST-0672,2025-01-22,376.96,ACH Direct Debit,Completed,319
TX-006323,CUST-0673,2025-04-14,224.26,ACH Direct Debit,Refunded,180
TX-006324,CUST-0673,2025-04-10,279.06,Wire Transfer,Refunded,344
TX-006325,CUST-0673,2025-04-14,119.26,Credit Card,Completed,363
TX-006326,CUST-0673,2025-11-08,404.66,ACH Direct Debit,Completed,161
TX-006327,CUST-0673,2025-01-26,326.53,ACH Direct Debit,Completed,125
TX-006328,CUST-0673,2025-03-12,79.03,ACH Direct Debit,Completed,413
TX-006329,CUST-0673,2025-04-07,219.77,Credit Card,Completed,164
TX-006330,CUST-0673,2025-08-05,285.89,ACH Direct Debit,Completed,80
TX-006331,CUST-0673,2026-02-10,266.97,Wire Transfer,Completed,107
TX-006332,CUST-0674,2025-10-29,52.07,PayPal,Completed,158
TX-006333,CUST-0674,2025-07-13,181.59,Credit Card,Completed,291
TX-006334,CUST-0674,2025-12-13,241.31,ACH Direct Debit,Completed,398
TX-006335,CUST-0674,2025-11-06,238.15,Wire Transfer,Completed,96
TX-006336,CUST-0674,2025-05-16,3299.7,PayPal,Refunded,2916
TX-006337,CUST-0674,2025-09-29,493.46,PayPal,Failed,97
TX-006338,CUST-0674,2025-10-01,145.94,ACH Direct Debit,Completed,237
TX-006339,CUST-0674,2026-01-12,328.17,Credit Card,Completed,168
TX-006340,CUST-0674,2025-12-10,498.04,ACH Direct Debit,Completed,291
TX-006341,CUST-0674,2025-06-02,56.37,ACH Direct Debit,Completed,385
TX-006342,CUST-0675,2025-12-17,172.74,Credit Card,Completed,346
TX-006343,CUST-0675,2025-12-26,129.47,Wire Transfer,Completed,403
TX-006344,CUST-0675,2025-08-13,80.25,Credit Card,Completed,344
TX-006345,CUST-0675,2025-05-28,496.69,Credit Card,Completed,238
TX-006346,CUST-0675,2025-05-01,326.92,Wire Transfer,Completed,114
TX-006347,CUST-0675,2025-03-03,425.14,PayPal,Refunded,273
TX-006348,CUST-0675,2025-09-04,309.27,Credit Card,Completed,204
TX-006349,CUST-0675,2025-09-12,488.74,Credit Card,Completed,190
TX-006350,CUST-0675,2025-06-30,335.16,Credit Card,Completed,284
TX-006351,CUST-0675,2025-09-28,2358.46,ACH Direct Debit,Refunded,3633
TX-006352,CUST-0675,2025-05-10,451.53,PayPal,Completed,245
TX-006353,CUST-0675,2025-07-28,486.15,ACH Direct Debit,Completed,382
TX-006354,CUST-0675,2025-09-19,341.24,PayPal,Completed,250
TX-006355,CUST-0676,2025-12-06,431.4,ACH Direct Debit,Completed,246
TX-006356,CUST-0676,2025-07-25,243.58,ACH Direct Debit,Completed,368
TX-006357,CUST-0676,2025-03-24,93.58,Credit Card,Completed,316
TX-006358,CUST-0676,2025-08-10,343.12,Wire Transfer,Completed,208
TX-006359,CUST-0676,2025-08-13,367.12,Wire Transfer,Completed,360
TX-006360,CUST-0676,2025-05-02,319.59,ACH Direct Debit,Completed,349
TX-006361,CUST-0676,2025-03-12,102.91,ACH Direct Debit,Completed,204
TX-006362,CUST-0676,2025-04-06,294.61,PayPal,Completed,119
TX-006363,CUST-0677,2025-07-10,263.7,PayPal,Completed,101
TX-006364,CUST-0677,2025-04-13,260.59,Wire Transfer,Completed,231
TX-006365,CUST-0677,2025-07-30,98.46,ACH Direct Debit,Completed,262
TX-006366,CUST-0677,2025-01-17,54.57,PayPal,Completed,294
TX-006367,CUST-0677,2025-07-19,329.25,Credit Card,Completed,297
TX-006368,CUST-0677,2025-10-18,456.33,ACH Direct Debit,Completed,99
TX-006369,CUST-0677,2025-07-20,197.14,PayPal,Completed,240
TX-006370,CUST-0677,2026-01-04,146.85,PayPal,Completed,317
TX-006371,CUST-0677,2025-07-24,91.24,Wire Transfer,Completed,326
TX-006372,CUST-0678,2026-02-25,32.0,Wire Transfer,Completed,167
TX-006373,CUST-0678,2025-06-24,342.65,ACH Direct Debit,Failed,334
TX-006374,CUST-0678,2025-12-18,467.41,Wire Transfer,Completed,330
TX-006375,CUST-0678,2025-03-22,81.23,ACH Direct Debit,Completed,266
TX-006376,CUST-0678,2025-10-19,446.72,ACH Direct Debit,Completed,304
TX-006377,CUST-0678,2026-01-20,456.61,PayPal,Completed,328
TX-006378,CUST-0678,2025-01-01,330.49,Wire Transfer,Completed,86
TX-006379,CUST-0678,2025-03-17,490.01,PayPal,Completed,206
TX-006380,CUST-0678,2026-01-26,345.59,PayPal,Completed,295
TX-006381,CUST-0678,2025-02-01,428.26,ACH Direct Debit,Completed,220
TX-006382,CUST-0678,2025-12-11,429.39,PayPal,Completed,285
TX-006383,CUST-0678,2025-12-25,299.32,ACH Direct Debit,Completed,356
TX-006384,CUST-0678,2025-06-25,198.8,PayPal,Completed,362
TX-006385,CUST-0678,2025-10-16,468.04,PayPal,Completed,208
TX-006386,CUST-0678,2025-06-15,106.92,Wire Transfer,Completed,346
TX-006387,CUST-0679,2025-04-27,53.37,PayPal,Failed,279
TX-006388,CUST-0679,2026-01-09,138.57,Wire Transfer,Completed,201
TX-006389,CUST-0679,2025-11-05,480.99,PayPal,Completed,217
TX-006390,CUST-0679,2025-04-27,137.11,PayPal,Completed,149
TX-006391,CUST-0679,2025-06-26,349.18,PayPal,Completed,330
TX-006392,CUST-0679,2025-12-29,55.28,Wire Transfer,Failed,316
TX-006393,CUST-0679,2025-05-15,329.06,ACH Direct Debit,Completed,215
TX-006394,CUST-0679,2025-03-18,399.94,PayPal,Completed,336
TX-006395,CUST-0679,2025-02-22,3153.13,Credit Card,Failed,4199
TX-006396,CUST-0679,2025-01-17,310.33,Wire Transfer,Completed,224
TX-006397,CUST-0679,2025-11-11,268.7,PayPal,Completed,201
TX-006398,CUST-0679,2025-03-09,86.92,PayPal,Completed,291
TX-006399,CUST-0679,2025-11-06,250.82,Credit Card,Completed,167
TX-006400,CUST-0679,2025-01-01,190.92,Credit Card,Completed,363
TX-006401,CUST-0679,2025-07-05,390.5,PayPal,Completed,208
TX-006402,CUST-0680,2025-06-29,481.79,PayPal,Completed,189
TX-006403,CUST-0680,2025-05-21,56.26,Credit Card,Completed,88
TX-006404,CUST-0680,2025-08-01,431.06,PayPal,Completed,197
TX-006405,CUST-0680,2025-05-03,181.66,PayPal,Completed,410
TX-006406,CUST-0680,2025-11-14,39.66,Wire Transfer,Completed,138
TX-006407,CUST-0680,2025-02-07,329.47,Wire Transfer,Completed,168
TX-006408,CUST-0680,2025-02-18,486.9,ACH Direct Debit,Completed,238
TX-006409,CUST-0680,2025-10-11,267.45,ACH Direct Debit,Completed,312
TX-006410,CUST-0680,2025-01-27,259.17,PayPal,Completed,89
TX-006411,CUST-0681,2026-01-05,39.38,Wire Transfer,Completed,141
TX-006412,CUST-0681,2025-04-05,238.58,Wire Transfer,Completed,205
TX-006413,CUST-0681,2025-03-08,230.88,ACH Direct Debit,Failed,76
TX-006414,CUST-0681,2025-11-07,276.88,Wire Transfer,Completed,326
TX-006415,CUST-0681,2025-08-14,314.0,Wire Transfer,Completed,328
TX-006416,CUST-0681,2025-12-25,486.15,Wire Transfer,Completed,376
TX-006417,CUST-0681,2025-07-19,295.88,PayPal,Completed,340
TX-006418,CUST-0681,2025-05-18,80.59,Wire Transfer,Completed,375
TX-006419,CUST-0681,2025-09-17,459.81,Wire Transfer,Completed,366
TX-006420,CUST-0681,2025-07-24,410.03,PayPal,Completed,84
TX-006421,CUST-0681,2025-02-23,178.37,PayPal,Completed,235
TX-006422,CUST-0681,2025-08-17,430.56,PayPal,Failed,327
TX-006423,CUST-0681,2025-11-26,185.8,ACH Direct Debit,Completed,179
TX-006424,CUST-0682,2026-02-01,137.03,ACH Direct Debit,Completed,184
TX-006425,CUST-0682,2025-06-18,451.47,Credit Card,Completed,390
TX-006426,CUST-0682,2025-08-26,208.35,Credit Card,Completed,147
TX-006427,CUST-0682,2026-02-15,39.59,PayPal,Completed,330
TX-006428,CUST-0682,2025-12-06,317.08,ACH Direct Debit,Completed,342
TX-006429,CUST-0682,2025-01-29,391.17,PayPal,Completed,400
TX-006430,CUST-0682,2025-04-27,270.99,Wire Transfer,Completed,407
TX-006431,CUST-0682,2025-02-18,4270.04,Wire Transfer,Refunded,3531
TX-006432,CUST-0682,2025-03-29,373.19,Wire Transfer,Completed,369
TX-006433,CUST-0682,2025-12-29,439.37,ACH Direct Debit,Completed,221
TX-006434,CUST-0682,2026-02-01,118.03,ACH Direct Debit,Completed,338
TX-006435,CUST-0682,2025-06-12,121.38,PayPal,Completed,253
TX-006436,CUST-0683,2026-02-11,127.01,PayPal,Completed,411
TX-006437,CUST-0683,2025-08-17,313.22,PayPal,Completed,233
TX-006438,CUST-0683,2025-05-09,337.45,ACH Direct Debit,Completed,133
TX-006439,CUST-0683,2025-12-04,156.98,ACH Direct Debit,Refunded,369
TX-006440,CUST-0683,2025-04-01,327.51,Wire Transfer,Completed,358
TX-006441,CUST-0683,2026-01-28,261.79,ACH Direct Debit,Completed,113
TX-006442,CUST-0683,2025-04-28,342.91,ACH Direct Debit,Completed,244
TX-006443,CUST-0683,2025-01-31,180.63,Credit Card,Completed,352
TX-006444,CUST-0683,2025-11-27,456.7,ACH Direct Debit,Completed,173
TX-006445,CUST-0683,2025-08-20,-91.37,Credit Card,Failed,270
TX-006446,CUST-0683,2025-05-21,160.58,Credit Card,Completed,287
TX-006447,CUST-0683,2025-11-14,221.85,Credit Card,Completed,310
TX-006448,CUST-0683,2025-02-17,368.36,Credit Card,Completed,213
TX-006449,CUST-0683,2026-01-29,68.15,PayPal,Completed,275
TX-006450,CUST-0683,2025-08-21,207.89,ACH Direct Debit,Completed,264
TX-006451,CUST-0684,2026-01-17,245.25,ACH Direct Debit,Completed,146
TX-006452,CUST-0684,2025-09-03,487.85,ACH Direct Debit,Completed,105
TX-006453,CUST-0684,2025-09-24,182.48,Credit Card,Completed,152
TX-006454,CUST-0684,2025-11-10,398.21,Wire Transfer,Completed,293
TX-006455,CUST-0684,2025-03-02,175.99,Credit Card,Completed,86
TX-006456,CUST-0684,2025-07-12,476.86,Credit Card,Completed,311
TX-006457,CUST-0684,2025-06-14,125.8,Credit Card,Completed,226
TX-006458,CUST-0684,2025-09-09,363.39,Wire Transfer,Completed,288
TX-006459,CUST-0685,2025-10-22,407.45,ACH Direct Debit,Completed,255
TX-006460,CUST-0685,2025-02-27,433.55,Credit Card,Completed,278
TX-006461,CUST-0685,2025-04-23,233.73,Credit Card,Completed,104
TX-006462,CUST-0686,2025-03-02,86.22,ACH Direct Debit,Completed,368
TX-006463,CUST-0686,2025-08-15,316.13,PayPal,Completed,128
TX-006464,CUST-0686,2025-07-31,238.29,Credit Card,Completed,393
TX-006465,CUST-0686,2025-10-09,246.76,Wire Transfer,Completed,110
TX-006466,CUST-0686,2025-11-06,435.53,ACH Direct Debit,Completed,84
TX-006467,CUST-0686,2025-10-05,273.03,Wire Transfer,Completed,306
TX-006468,CUST-0686,2025-05-12,395.51,ACH Direct Debit,Completed,393
TX-006469,CUST-0687,2025-12-18,232.48,Wire Transfer,Failed,204
TX-006470,CUST-0687,2025-12-23,140.14,ACH Direct Debit,Completed,93
TX-006471,CUST-0687,2025-02-03,452.71,PayPal,Completed,245
TX-006472,CUST-0687,2025-01-09,84.36,Wire Transfer,Completed,185
TX-006473,CUST-0687,2026-01-08,339.2,Credit Card,Completed,242
TX-006474,CUST-0687,2025-05-22,38.35,PayPal,Completed,348
TX-006475,CUST-0687,2026-01-21,421.16,Credit Card,Completed,386
TX-006476,CUST-0687,2025-11-25,142.79,PayPal,Completed,241
TX-006477,CUST-0687,2025-12-10,330.74,PayPal,Completed,185
TX-006478,CUST-0687,2025-10-19,221.91,Wire Transfer,Completed,350
TX-006479,CUST-0687,2025-03-02,444.53,Credit Card,Completed,107
TX-006480,CUST-0688,2025-05-04,209.17,ACH Direct Debit,Completed,86
TX-006481,CUST-0688,2025-11-01,52.63,PayPal,Completed,231
TX-006482,CUST-0688,2025-01-31,391.89,Credit Card,Completed,354
TX-006483,CUST-0688,2025-11-06,387.47,Credit Card,Completed,154
TX-006484,CUST-0688,2025-12-27,324.21,Credit Card,Completed,157
TX-006485,CUST-0688,2025-01-11,323.11,Credit Card,Failed,293
TX-006486,CUST-0688,2025-11-24,228.69,PayPal,Completed,112
TX-006487,CUST-0688,2025-06-07,434.26,ACH Direct Debit,Completed,402
TX-006488,CUST-0688,2025-02-19,78.33,PayPal,Completed,152
TX-006489,CUST-0688,2025-03-25,486.06,Credit Card,Completed,315
TX-006490,CUST-0688,2025-06-25,377.98,PayPal,Completed,251
TX-006491,CUST-0688,2025-12-14,35.48,PayPal,Completed,320
TX-006492,CUST-0688,2025-12-26,257.56,Credit Card,Completed,78
TX-006493,CUST-0688,2025-04-12,69.25,Credit Card,Completed,341
TX-006494,CUST-0689,2025-06-27,307.05,PayPal,Completed,166
TX-006495,CUST-0689,2025-11-09,172.76,Credit Card,Completed,289
TX-006496,CUST-0689,2025-11-09,157.13,Wire Transfer,Completed,252
TX-006497,CUST-0689,2025-04-03,497.84,Credit Card,Completed,368
TX-006498,CUST-0689,2025-03-11,434.61,Wire Transfer,Completed,193
TX-006499,CUST-0689,2025-03-16,238.24,PayPal,Completed,317
TX-006500,CUST-0689,2025-10-23,173.79,Wire Transfer,Completed,291
TX-006501,CUST-0689,2025-11-12,339.6,PayPal,Completed,264
TX-006502,CUST-0689,2025-05-12,282.96,Credit Card,Completed,198
TX-006503,CUST-0689,2025-03-02,86.74,PayPal,Completed,248
TX-006504,CUST-0690,2025-02-21,345.93,PayPal,Completed,127
TX-006505,CUST-0690,2025-07-08,408.81,Credit Card,Completed,179
TX-006506,CUST-0690,2025-09-16,386.3,PayPal,Completed,199
TX-006507,CUST-0690,2025-03-27,413.43,Wire Transfer,Completed,187
TX-006508,CUST-0690,2025-05-09,358.37,ACH Direct Debit,Completed,179
TX-006509,CUST-0690,2026-02-10,300.77,Credit Card,Completed,298
TX-006510,CUST-0690,2025-09-09,122.72,PayPal,Completed,84
TX-006511,CUST-0690,2025-12-20,183.08,PayPal,Completed,342
TX-006512,CUST-0690,2026-02-05,273.71,Wire Transfer,Completed,224
TX-006513,CUST-0690,2025-09-23,208.15,Wire Transfer,Completed,252
TX-006514,CUST-0690,2025-10-23,118.96,ACH Direct Debit,Completed,306
TX-006515,CUST-0690,2026-01-21,103.9,Wire Transfer,Failed,334
TX-006516,CUST-0690,2025-07-14,39.15,Wire Transfer,Completed,255
TX-006517,CUST-0690,2025-08-03,97.49,ACH Direct Debit,Completed,415
TX-006518,CUST-0690,2025-08-24,205.44,Wire Transfer,Completed,118
TX-006519,CUST-0691,2025-08-19,381.21,Credit Card,Completed,185
TX-006520,CUST-0691,2025-05-27,470.49,ACH Direct Debit,Completed,247
TX-006521,CUST-0691,2025-04-19,375.97,ACH Direct Debit,Refunded,300
TX-006522,CUST-0691,2025-01-05,276.76,Wire Transfer,Completed,245
TX-006523,CUST-0691,2025-10-04,469.46,Wire Transfer,Completed,113
TX-006524,CUST-0691,2025-12-02,397.93,ACH Direct Debit,Completed,412
TX-006525,CUST-0691,2026-02-15,418.99,ACH Direct Debit,Completed,261
TX-006526,CUST-0691,2026-02-10,387.04,Wire Transfer,Completed,222
TX-006527,CUST-0691,2025-11-17,184.02,Wire Transfer,Completed,161
TX-006528,CUST-0691,2026-02-06,161.89,Wire Transfer,Completed,206
TX-006529,CUST-0691,2025-10-29,295.92,Credit Card,Completed,137
TX-006530,CUST-0691,2025-08-18,65.33,ACH Direct Debit,Completed,267
TX-006531,CUST-0691,2025-10-19,308.53,PayPal,Completed,384
TX-006532,CUST-0692,2025-01-19,477.05,Wire Transfer,Completed,345
TX-006533,CUST-0692,2025-11-12,96.22,ACH Direct Debit,Completed,373
TX-006534,CUST-0692,2025-01-08,173.88,ACH Direct Debit,Completed,334
TX-006535,CUST-0692,2026-02-12,405.42,Wire Transfer,Completed,200
TX-006536,CUST-0693,2025-01-07,199.34,ACH Direct Debit,Failed,408
TX-006537,CUST-0693,2025-04-01,178.51,PayPal,Completed,372
TX-006538,CUST-0693,2025-02-07,95.88,Credit Card,Completed,355
TX-006539,CUST-0693,2025-12-13,484.12,ACH Direct Debit,Completed,338
TX-006540,CUST-0693,2026-01-26,44.59,PayPal,Completed,76
TX-006541,CUST-0693,2025-11-02,379.94,Credit Card,Completed,179
TX-006542,CUST-0693,2025-05-06,396.58,PayPal,Completed,90
TX-006543,CUST-0693,2025-10-13,341.3,ACH Direct Debit,Completed,214
TX-006544,CUST-0693,2025-03-10,396.4,ACH Direct Debit,Completed,163
TX-006545,CUST-0693,2025-09-11,431.23,Wire Transfer,Completed,361
TX-006546,CUST-0693,2026-02-02,473.09,Credit Card,Completed,113
TX-006547,CUST-0693,2026-02-15,173.08,Credit Card,Completed,227
TX-006548,CUST-0693,2026-01-30,307.9,ACH Direct Debit,Completed,324
TX-006549,CUST-0694,2026-01-02,399.94,Credit Card,Completed,359
TX-006550,CUST-0694,2025-02-03,411.05,Wire Transfer,Completed,316
TX-006551,CUST-0694,2025-11-03,73.0,Wire Transfer,Completed,191
TX-006552,CUST-0694,2025-07-17,197.7,Wire Transfer,Completed,233
TX-006553,CUST-0694,2025-01-30,91.64,Credit Card,Completed,143
TX-006554,CUST-0694,2025-08-18,-399.68,Wire Transfer,Failed,225
TX-006555,CUST-0694,2025-03-13,262.15,Credit Card,Completed,353
TX-006556,CUST-0694,2025-09-30,179.21,Credit Card,Completed,87
TX-006557,CUST-0694,2025-05-14,84.68,ACH Direct Debit,Completed,307
TX-006558,CUST-0694,2025-02-15,290.02,Wire Transfer,Completed,79
TX-006559,CUST-0694,2025-02-19,-469.07,Credit Card,Failed,391
TX-006560,CUST-0695,2025-11-05,339.64,ACH Direct Debit,Completed,240
TX-006561,CUST-0695,2025-11-23,109.85,Wire Transfer,Completed,408
TX-006562,CUST-0695,2025-12-06,240.93,Credit Card,Completed,90
TX-006563,CUST-0695,2025-11-02,176.52,ACH Direct Debit,Completed,216
TX-006564,CUST-0695,2025-02-12,436.69,ACH Direct Debit,Completed,281
TX-006565,CUST-0695,2025-09-11,97.13,PayPal,Completed,93
TX-006566,CUST-0695,2025-07-06,52.83,Wire Transfer,Completed,357
TX-006567,CUST-0695,2025-12-20,352.04,Wire Transfer,Completed,192
TX-006568,CUST-0695,2025-07-05,42.79,PayPal,Completed,170
TX-006569,CUST-0695,2025-02-04,46.76,Credit Card,Completed,370
TX-006570,CUST-0696,2025-05-06,46.68,PayPal,Completed,415
TX-006571,CUST-0696,2025-02-21,127.26,ACH Direct Debit,Completed,90
TX-006572,CUST-0696,2025-04-14,55.9,Wire Transfer,Completed,375
TX-006573,CUST-0696,2025-05-31,488.47,Wire Transfer,Completed,122
TX-006574,CUST-0696,2025-06-23,296.52,Wire Transfer,Completed,287
TX-006575,CUST-0696,2025-10-16,53.45,PayPal,Completed,190
TX-006576,CUST-0696,2025-09-04,160.64,Credit Card,Completed,126
TX-006577,CUST-0696,2025-12-26,35.48,Wire Transfer,Completed,227
TX-006578,CUST-0696,2025-12-16,207.28,ACH Direct Debit,Completed,122
TX-006579,CUST-0696,2025-09-23,143.35,Credit Card,Completed,275
TX-006580,CUST-0697,2025-10-23,150.17,PayPal,Completed,264
TX-006581,CUST-0697,2025-09-19,366.81,PayPal,Completed,223
TX-006582,CUST-0697,2025-11-26,105.83,Credit Card,Completed,129
TX-006583,CUST-0697,2025-03-13,1336.8,Credit Card,Failed,2925
TX-006584,CUST-0697,2025-07-27,379.74,PayPal,Completed,132
TX-006585,CUST-0697,2025-01-17,244.53,ACH Direct Debit,Failed,371
TX-006586,CUST-0698,2025-08-25,252.39,Credit Card,Completed,85
TX-006587,CUST-0698,2025-07-20,334.33,PayPal,Completed,419
TX-006588,CUST-0698,2025-04-11,374.68,ACH Direct Debit,Completed,252
TX-006589,CUST-0698,2026-02-06,6394.23,Credit Card,Refunded,2553
TX-006590,CUST-0698,2025-01-16,419.35,PayPal,Completed,419
TX-006591,CUST-0698,2025-09-07,207.0,Wire Transfer,Completed,204
TX-006592,CUST-0698,2026-01-05,483.0,ACH Direct Debit,Completed,315
TX-006593,CUST-0698,2025-06-01,188.44,PayPal,Completed,226
TX-006594,CUST-0698,2025-07-01,37.2,Credit Card,Completed,101
TX-006595,CUST-0698,2025-08-07,367.88,PayPal,Completed,315
TX-006596,CUST-0698,2025-08-06,458.3,PayPal,Completed,304
TX-006597,CUST-0698,2025-04-15,224.03,Wire Transfer,Completed,387
TX-006598,CUST-0698,2025-05-14,182.0,ACH Direct Debit,Completed,134
TX-006599,CUST-0698,2025-12-07,169.65,ACH Direct Debit,Completed,176
TX-006600,CUST-0698,2025-06-01,82.8,Wire Transfer,Completed,294
TX-006601,CUST-0698,2025-07-05,109.81,Credit Card,Completed,178
TX-006602,CUST-0699,2025-05-11,379.21,Credit Card,Refunded,170
TX-006603,CUST-0699,2025-10-22,192.82,Credit Card,Completed,326
TX-006604,CUST-0699,2025-02-19,212.53,PayPal,Completed,304
TX-006605,CUST-0699,2026-01-30,288.2,Wire Transfer,Completed,358
TX-006606,CUST-0699,2025-11-11,125.96,Credit Card,Completed,387
TX-006607,CUST-0699,2025-01-14,387.59,ACH Direct Debit,Completed,353
TX-006608,CUST-0700,2025-12-05,488.53,Credit Card,Completed,130
TX-006609,CUST-0700,2026-02-05,425.15,ACH Direct Debit,Completed,272
TX-006610,CUST-0700,2025-09-03,206.73,PayPal,Completed,257
TX-006611,CUST-0700,2025-01-25,290.89,Credit Card,Completed,104
TX-006612,CUST-0700,2025-11-29,437.46,Wire Transfer,Completed,231
TX-006613,CUST-0700,2025-07-02,-250.2,Wire Transfer,Failed,328
TX-006614,CUST-0700,2025-09-21,2592.39,Credit Card,Refunded,4074
TX-006615,CUST-0700,2025-05-09,142.06,PayPal,Completed,153
TX-006616,CUST-0700,2025-03-14,35.27,ACH Direct Debit,Completed,419
TX-006617,CUST-0700,2025-06-22,421.45,Credit Card,Completed,137
TX-006618,CUST-0700,2026-02-03,193.98,Credit Card,Completed,180
TX-006619,CUST-0700,2025-06-23,121.54,Credit Card,Completed,325
TX-006620,CUST-0700,2026-01-11,345.25,PayPal,Completed,102
TX-006621,CUST-0701,2025-02-23,376.68,Wire Transfer,Completed,312
TX-006622,CUST-0701,2025-12-23,353.66,Credit Card,Completed,406
TX-006623,CUST-0701,2025-06-18,35.97,Credit Card,Completed,126
TX-006624,CUST-0702,2025-07-01,489.79,PayPal,Completed,231
TX-006625,CUST-0702,2025-01-13,429.34,Wire Transfer,Completed,134
TX-006626,CUST-0702,2025-09-19,243.66,PayPal,Completed,181
TX-006627,CUST-0702,2025-05-06,84.73,PayPal,Completed,399
TX-006628,CUST-0702,2025-07-31,262.81,Wire Transfer,Completed,381
TX-006629,CUST-0702,2025-10-16,207.25,ACH Direct Debit,Completed,191
TX-006630,CUST-0702,2025-04-22,108.68,Credit Card,Completed,191
TX-006631,CUST-0702,2025-04-08,347.9,Credit Card,Completed,115
TX-006632,CUST-0702,2025-06-17,222.26,PayPal,Failed,130
TX-006633,CUST-0702,2025-02-02,352.06,ACH Direct Debit,Completed,85
TX-006634,CUST-0702,2025-09-23,336.38,ACH Direct Debit,Completed,370
TX-006635,CUST-0702,2025-07-16,411.01,ACH Direct Debit,Completed,403
TX-006636,CUST-0703,2025-07-01,410.86,Credit Card,Completed,373
TX-006637,CUST-0703,2025-03-23,349.93,Wire Transfer,Completed,196
TX-006638,CUST-0703,2025-08-15,147.67,Credit Card,Completed,311
TX-006639,CUST-0704,2025-04-22,485.89,Credit Card,Completed,209
TX-006640,CUST-0704,2025-04-07,191.9,Wire Transfer,Completed,136
TX-006641,CUST-0704,2025-07-31,88.44,Wire Transfer,Completed,221
TX-006642,CUST-0704,2025-01-13,239.26,Wire Transfer,Completed,350
TX-006643,CUST-0705,2025-06-26,176.66,ACH Direct Debit,Failed,240
TX-006644,CUST-0705,2025-06-06,242.47,Credit Card,Completed,174
TX-006645,CUST-0705,2026-02-03,216.32,ACH Direct Debit,Completed,378
TX-006646,CUST-0705,2025-04-29,252.51,PayPal,Completed,82
TX-006647,CUST-0705,2025-04-25,287.94,PayPal,Completed,227
TX-006648,CUST-0705,2025-08-31,268.34,ACH Direct Debit,Completed,128
TX-006649,CUST-0705,2025-01-06,273.97,Credit Card,Completed,210
TX-006650,CUST-0705,2026-01-20,476.44,Wire Transfer,Failed,220
TX-006651,CUST-0705,2025-10-12,277.62,PayPal,Completed,108
TX-006652,CUST-0705,2025-12-21,207.44,ACH Direct Debit,Completed,354
TX-006653,CUST-0705,2025-04-14,66.75,Wire Transfer,Completed,122
TX-006654,CUST-0705,2025-08-20,458.12,Credit Card,Completed,376
TX-006655,CUST-0705,2025-06-06,189.5,Wire Transfer,Completed,76
TX-006656,CUST-0705,2025-05-22,296.81,ACH Direct Debit,Completed,280
TX-006657,CUST-0706,2025-10-25,116.91,ACH Direct Debit,Completed,362
TX-006658,CUST-0706,2025-10-12,410.65,ACH Direct Debit,Failed,194
TX-006659,CUST-0706,2025-11-29,91.8,Credit Card,Completed,400
TX-006660,CUST-0706,2025-10-13,65.34,Wire Transfer,Completed,181
TX-006661,CUST-0706,2025-07-06,353.54,Credit Card,Failed,92
TX-006662,CUST-0706,2025-04-13,216.84,Wire Transfer,Completed,101
TX-006663,CUST-0706,2025-09-15,176.13,ACH Direct Debit,Completed,317
TX-006664,CUST-0707,2025-01-07,102.63,ACH Direct Debit,Refunded,381
TX-006665,CUST-0707,2025-03-23,224.41,Credit Card,Completed,203
TX-006666,CUST-0707,2025-01-02,189.1,ACH Direct Debit,Completed,375
TX-006667,CUST-0707,2025-10-02,65.03,Wire Transfer,Completed,417
TX-006668,CUST-0707,2025-11-05,334.62,Credit Card,Completed,399
TX-006669,CUST-0707,2026-02-02,291.39,Credit Card,Completed,169
TX-006670,CUST-0707,2025-05-21,230.08,ACH Direct Debit,Completed,378
TX-006671,CUST-0707,2025-10-30,272.79,Wire Transfer,Completed,164
TX-006672,CUST-0707,2025-11-20,171.24,Credit Card,Completed,125
TX-006673,CUST-0708,2025-08-10,405.89,Credit Card,Completed,156
TX-006674,CUST-0708,2026-02-23,356.66,PayPal,Completed,90
TX-006675,CUST-0708,2025-07-17,260.87,Credit Card,Completed,216
TX-006676,CUST-0708,2025-03-19,293.84,Credit Card,Completed,205
TX-006677,CUST-0708,2025-03-23,47.46,ACH Direct Debit,Completed,289
TX-006678,CUST-0708,2025-06-07,266.78,ACH Direct Debit,Completed,184
TX-006679,CUST-0708,2025-12-26,63.01,ACH Direct Debit,Completed,141
TX-006680,CUST-0708,2025-07-28,41.91,PayPal,Completed,171
TX-006681,CUST-0709,2025-02-03,361.77,Credit Card,Completed,366
TX-006682,CUST-0709,2025-08-07,199.07,PayPal,Completed,113
TX-006683,CUST-0709,2025-11-26,133.07,Wire Transfer,Failed,282
TX-006684,CUST-0709,2025-12-12,145.9,Credit Card,Completed,265
TX-006685,CUST-0709,2025-09-17,158.01,ACH Direct Debit,Completed,321
TX-006686,CUST-0709,2025-09-26,200.23,PayPal,Completed,387
TX-006687,CUST-0709,2025-09-16,139.85,Wire Transfer,Completed,337
TX-006688,CUST-0709,2025-08-14,167.07,Wire Transfer,Completed,364
TX-006689,CUST-0709,2026-01-24,321.15,PayPal,Completed,94
TX-006690,CUST-0709,2025-05-17,182.47,Credit Card,Completed,274
TX-006691,CUST-0709,2025-03-21,86.65,PayPal,Completed,339
TX-006692,CUST-0709,2026-02-09,481.01,Credit Card,Completed,111
TX-006693,CUST-0709,2026-01-06,31.58,Wire Transfer,Completed,285
TX-006694,CUST-0710,2025-05-30,31.2,Credit Card,Refunded,335
TX-006695,CUST-0710,2025-06-05,130.52,Credit Card,Completed,395
TX-006696,CUST-0710,2025-09-20,373.64,ACH Direct Debit,Completed,136
TX-006697,CUST-0710,2026-02-02,431.01,Credit Card,Completed,378
TX-006698,CUST-0710,2025-09-11,428.54,Wire Transfer,Completed,180
TX-006699,CUST-0710,2025-12-14,67.64,ACH Direct Debit,Completed,230
TX-006700,CUST-0710,2026-02-11,202.56,Credit Card,Completed,258
TX-006701,CUST-0710,2025-07-26,205.54,ACH Direct Debit,Completed,238
TX-006702,CUST-0710,2025-04-19,328.26,ACH Direct Debit,Completed,80
TX-006703,CUST-0710,2025-12-09,3833.9,PayPal,Refunded,1742
TX-006704,CUST-0710,2025-09-03,128.78,ACH Direct Debit,Completed,220
TX-006705,CUST-0710,2025-01-04,396.04,ACH Direct Debit,Completed,269
TX-006706,CUST-0711,2025-12-12,434.9,ACH Direct Debit,Refunded,174
TX-006707,CUST-0711,2025-07-13,220.76,PayPal,Completed,159
TX-006708,CUST-0711,2025-07-12,312.39,PayPal,Completed,121
TX-006709,CUST-0711,2025-04-20,138.17,ACH Direct Debit,Completed,273
TX-006710,CUST-0711,2025-06-18,245.34,Credit Card,Completed,260
TX-006711,CUST-0711,2025-07-16,291.6,PayPal,Completed,167
TX-006712,CUST-0711,2025-04-10,140.67,PayPal,Completed,155
TX-006713,CUST-0711,2025-11-08,361.08,Credit Card,Completed,376
TX-006714,CUST-0711,2025-10-07,360.98,PayPal,Completed,134
TX-006715,CUST-0711,2025-09-22,291.31,Wire Transfer,Completed,223
TX-006716,CUST-0711,2025-08-03,491.13,PayPal,Completed,344
TX-006717,CUST-0711,2025-02-23,94.91,Wire Transfer,Completed,136
TX-006718,CUST-0711,2025-08-19,317.86,Wire Transfer,Completed,155
TX-006719,CUST-0711,2025-01-12,312.31,Credit Card,Completed,225
TX-006720,CUST-0711,2025-12-18,106.76,PayPal,Refunded,215
TX-006721,CUST-0712,2025-08-14,315.13,PayPal,Completed,95
TX-006722,CUST-0712,2025-07-25,212.06,Wire Transfer,Completed,360
TX-006723,CUST-0712,2025-01-30,209.35,Wire Transfer,Completed,289
TX-006724,CUST-0712,2025-08-15,357.96,Credit Card,Completed,264
TX-006725,CUST-0712,2025-05-26,76.55,ACH Direct Debit,Completed,308
TX-006726,CUST-0712,2025-09-07,314.92,Wire Transfer,Completed,411
TX-006727,CUST-0712,2026-01-16,90.45,ACH Direct Debit,Completed,213
TX-006728,CUST-0712,2025-09-03,132.52,PayPal,Completed,290
TX-006729,CUST-0713,2025-08-20,303.83,PayPal,Completed,142
TX-006730,CUST-0713,2025-06-21,154.07,PayPal,Completed,158
TX-006731,CUST-0713,2025-06-02,125.59,ACH Direct Debit,Completed,345
TX-006732,CUST-0713,2025-07-26,298.57,ACH Direct Debit,Completed,195
TX-006733,CUST-0713,2025-09-07,156.68,ACH Direct Debit,Completed,293
TX-006734,CUST-0713,2025-11-05,439.66,Wire Transfer,Completed,320
TX-006735,CUST-0713,2025-10-17,459.07,Wire Transfer,Completed,227
TX-006736,CUST-0713,2025-06-15,304.52,Credit Card,Completed,394
TX-006737,CUST-0713,2025-12-18,162.28,ACH Direct Debit,Completed,313
TX-006738,CUST-0713,2025-01-28,242.78,Wire Transfer,Completed,214
TX-006739,CUST-0713,2025-09-03,293.54,ACH Direct Debit,Completed,383
TX-006740,CUST-0713,2025-11-29,106.66,Credit Card,Completed,103
TX-006741,CUST-0713,2025-11-11,145.47,Credit Card,Completed,204
TX-006742,CUST-0713,2025-05-03,240.95,Credit Card,Failed,361
TX-006743,CUST-0713,2025-04-27,177.65,Credit Card,Completed,381
TX-006744,CUST-0714,2025-01-10,293.12,ACH Direct Debit,Completed,348
TX-006745,CUST-0714,2025-01-01,448.6,Wire Transfer,Completed,90
TX-006746,CUST-0714,2026-02-15,312.3,ACH Direct Debit,Completed,240
TX-006747,CUST-0714,2025-11-10,467.25,PayPal,Completed,319
TX-006748,CUST-0714,2026-01-31,347.96,ACH Direct Debit,Completed,200
TX-006749,CUST-0714,2026-02-03,256.72,ACH Direct Debit,Completed,167
TX-006750,CUST-0714,2026-01-12,389.66,Wire Transfer,Completed,110
TX-006751,CUST-0714,2026-02-12,136.44,Credit Card,Completed,181
TX-006752,CUST-0714,2025-05-04,34.86,ACH Direct Debit,Completed,284
TX-006753,CUST-0714,2025-06-05,42.8,PayPal,Completed,278
TX-006754,CUST-0714,2025-10-18,258.66,PayPal,Completed,235
TX-006755,CUST-0714,2025-05-18,482.98,PayPal,Failed,206
TX-006756,CUST-0714,2025-05-28,78.5,Credit Card,Completed,313
TX-006757,CUST-0715,2025-11-30,44.76,Wire Transfer,Completed,165
TX-006758,CUST-0715,2025-05-11,461.41,Wire Transfer,Completed,79
TX-006759,CUST-0715,2025-01-10,197.01,PayPal,Completed,239
TX-006760,CUST-0715,2025-07-24,276.58,Credit Card,Completed,381
TX-006761,CUST-0715,2025-11-04,109.62,PayPal,Completed,120
TX-006762,CUST-0715,2025-03-10,3939.36,ACH Direct Debit,Refunded,2003
TX-006763,CUST-0715,2025-06-17,271.59,ACH Direct Debit,Completed,149
TX-006764,CUST-0715,2025-02-17,336.28,Wire Transfer,Completed,304
TX-006765,CUST-0715,2026-02-16,143.51,PayPal,Completed,243
TX-006766,CUST-0715,2025-03-21,39.36,ACH Direct Debit,Completed,206
TX-006767,CUST-0715,2025-07-21,482.68,PayPal,Failed,417
TX-006768,CUST-0716,2026-01-10,224.78,PayPal,Completed,184
TX-006769,CUST-0716,2025-02-02,329.07,Wire Transfer,Completed,324
TX-006770,CUST-0716,2025-11-23,221.73,ACH Direct Debit,Completed,183
TX-006771,CUST-0717,2025-12-25,449.81,Wire Transfer,Completed,294
TX-006772,CUST-0717,2026-02-23,339.77,ACH Direct Debit,Completed,352
TX-006773,CUST-0717,2025-08-21,347.45,Credit Card,Completed,229
TX-006774,CUST-0717,2025-11-05,473.42,Credit Card,Completed,391
TX-006775,CUST-0717,2025-06-03,349.43,PayPal,Completed,183
TX-006776,CUST-0717,2025-04-03,191.14,ACH Direct Debit,Completed,295
TX-006777,CUST-0717,2026-02-17,4639.98,Wire Transfer,Failed,3593
TX-006778,CUST-0717,2026-02-05,479.96,Credit Card,Completed,307
TX-006779,CUST-0718,2026-01-14,389.41,Credit Card,Completed,312
TX-006780,CUST-0718,2025-09-15,438.64,Wire Transfer,Completed,266
TX-006781,CUST-0718,2025-12-09,152.41,PayPal,Failed,418
TX-006782,CUST-0718,2025-08-02,364.84,Credit Card,Completed,105
TX-006783,CUST-0718,2025-12-05,324.85,PayPal,Completed,124
TX-006784,CUST-0718,2026-01-30,308.18,Wire Transfer,Completed,300
TX-006785,CUST-0719,2025-01-01,139.06,Wire Transfer,Completed,214
TX-006786,CUST-0719,2026-01-27,310.09,PayPal,Completed,140
TX-006787,CUST-0719,2025-05-11,346.2,Wire Transfer,Completed,159
TX-006788,CUST-0719,2025-02-25,300.25,ACH Direct Debit,Failed,99
TX-006789,CUST-0719,2025-05-05,37.09,Credit Card,Completed,171
TX-006790,CUST-0719,2025-05-03,386.73,Wire Transfer,Completed,398
TX-006791,CUST-0719,2026-01-17,322.69,PayPal,Completed,147
TX-006792,CUST-0719,2025-12-15,201.22,ACH Direct Debit,Failed,252
TX-006793,CUST-0719,2026-02-24,99.4,ACH Direct Debit,Completed,385
TX-006794,CUST-0719,2026-02-12,192.2,Wire Transfer,Completed,354
TX-006795,CUST-0719,2025-11-01,144.19,Credit Card,Completed,223
TX-006796,CUST-0719,2025-10-24,350.56,PayPal,Completed,351
TX-006797,CUST-0719,2026-01-26,239.11,Credit Card,Completed,170
TX-006798,CUST-0719,2025-12-14,427.85,Wire Transfer,Completed,167
TX-006799,CUST-0719,2025-11-06,239.48,ACH Direct Debit,Completed,111
TX-006800,CUST-0720,2025-07-05,326.65,Credit Card,Completed,342
TX-006801,CUST-0720,2025-08-19,384.23,PayPal,Completed,289
TX-006802,CUST-0720,2025-12-14,380.83,Wire Transfer,Completed,76
TX-006803,CUST-0720,2025-08-18,76.72,PayPal,Completed,402
TX-006804,CUST-0720,2025-09-24,242.44,Credit Card,Completed,371
TX-006805,CUST-0720,2025-12-07,92.11,Credit Card,Completed,414
TX-006806,CUST-0720,2025-05-10,218.18,PayPal,Completed,99
TX-006807,CUST-0720,2025-04-17,303.08,PayPal,Completed,207
TX-006808,CUST-0720,2025-09-03,497.94,PayPal,Completed,160
TX-006809,CUST-0720,2025-11-19,403.38,ACH Direct Debit,Completed,212
TX-006810,CUST-0720,2025-05-01,328.66,Credit Card,Completed,116
TX-006811,CUST-0720,2025-03-03,61.76,ACH Direct Debit,Completed,175
TX-006812,CUST-0720,2025-04-03,316.9,PayPal,Completed,111
TX-006813,CUST-0720,2025-03-06,449.81,ACH Direct Debit,Completed,401
TX-006814,CUST-0720,2025-08-01,341.28,ACH Direct Debit,Refunded,108
TX-006815,CUST-0720,2025-12-22,299.38,PayPal,Completed,301
TX-006816,CUST-0721,2025-12-25,362.41,Wire Transfer,Failed,129
TX-006817,CUST-0721,2025-01-06,336.17,Wire Transfer,Completed,272
TX-006818,CUST-0721,2025-04-02,72.57,Credit Card,Failed,366
TX-006819,CUST-0721,2025-09-10,168.75,PayPal,Completed,271
TX-006820,CUST-0721,2025-04-18,476.22,Wire Transfer,Completed,87
TX-006821,CUST-0722,2025-12-06,140.52,PayPal,Completed,146
TX-006822,CUST-0722,2025-07-15,423.28,Credit Card,Completed,218
TX-006823,CUST-0722,2025-07-14,52.67,Wire Transfer,Completed,295
TX-006824,CUST-0722,2025-09-09,456.71,PayPal,Completed,391
TX-006825,CUST-0722,2025-03-04,285.39,Credit Card,Completed,310
TX-006826,CUST-0722,2025-09-15,340.53,Credit Card,Completed,347
TX-006827,CUST-0722,2025-12-02,74.66,PayPal,Completed,251
TX-006828,CUST-0722,2025-08-27,329.73,PayPal,Completed,244
TX-006829,CUST-0722,2025-08-21,385.48,Wire Transfer,Completed,85
TX-006830,CUST-0722,2025-07-24,325.36,PayPal,Completed,238
TX-006831,CUST-0722,2026-01-29,259.93,Credit Card,Completed,117
TX-006832,CUST-0723,2025-10-26,387.65,Wire Transfer,Completed,373
TX-006833,CUST-0723,2026-01-16,417.57,ACH Direct Debit,Completed,219
TX-006834,CUST-0723,2025-06-11,106.25,PayPal,Completed,350
TX-006835,CUST-0723,2025-04-20,120.99,Wire Transfer,Completed,87
TX-006836,CUST-0723,2025-01-14,400.14,ACH Direct Debit,Completed,76
TX-006837,CUST-0723,2026-01-29,250.25,ACH Direct Debit,Completed,303
TX-006838,CUST-0723,2026-02-17,166.59,Wire Transfer,Completed,292
TX-006839,CUST-0723,2025-06-24,67.91,Wire Transfer,Completed,147
TX-006840,CUST-0723,2025-01-27,120.46,ACH Direct Debit,Completed,334
TX-006841,CUST-0723,2026-02-15,480.18,Credit Card,Completed,190
TX-006842,CUST-0723,2025-10-06,390.34,Credit Card,Completed,207
TX-006843,CUST-0723,2025-10-02,447.84,Credit Card,Completed,294
TX-006844,CUST-0723,2025-02-24,108.15,Wire Transfer,Completed,85
TX-006845,CUST-0723,2025-01-31,216.97,Wire Transfer,Failed,312
TX-006846,CUST-0723,2025-02-17,76.96,Credit Card,Completed,282
TX-006847,CUST-0723,2025-10-17,279.48,ACH Direct Debit,Completed,412
TX-006848,CUST-0724,2025-04-30,459.04,ACH Direct Debit,Completed,245
TX-006849,CUST-0724,2025-09-05,124.93,ACH Direct Debit,Completed,133
TX-006850,CUST-0724,2026-01-27,33.09,ACH Direct Debit,Completed,285
TX-006851,CUST-0724,2025-05-21,227.02,ACH Direct Debit,Completed,232
TX-006852,CUST-0724,2025-05-01,194.46,PayPal,Completed,234
TX-006853,CUST-0724,2025-04-09,328.82,PayPal,Completed,170
TX-006854,CUST-0724,2025-08-24,238.8,ACH Direct Debit,Completed,373
TX-006855,CUST-0724,2026-01-03,256.72,ACH Direct Debit,Completed,368
TX-006856,CUST-0724,2025-11-17,453.24,Wire Transfer,Refunded,157
TX-006857,CUST-0725,2025-09-03,377.61,Credit Card,Completed,210
TX-006858,CUST-0725,2025-11-11,195.88,Credit Card,Completed,106
TX-006859,CUST-0725,2025-06-29,332.74,ACH Direct Debit,Completed,392
TX-006860,CUST-0725,2026-01-08,343.69,PayPal,Completed,147
TX-006861,CUST-0725,2025-09-07,458.12,Credit Card,Completed,377
TX-006862,CUST-0725,2025-07-05,330.16,Wire Transfer,Completed,251
TX-006863,CUST-0725,2025-04-28,408.05,Wire Transfer,Completed,224
TX-006864,CUST-0725,2026-01-23,494.39,Credit Card,Completed,83
TX-006865,CUST-0725,2025-06-14,368.23,Wire Transfer,Completed,278
TX-006866,CUST-0725,2025-01-14,486.08,Credit Card,Completed,104
TX-006867,CUST-0725,2025-11-24,275.33,Wire Transfer,Completed,177
TX-006868,CUST-0725,2025-07-28,147.35,ACH Direct Debit,Completed,106
TX-006869,CUST-0725,2025-08-15,319.3,Wire Transfer,Completed,202
TX-006870,CUST-0726,2025-12-26,152.48,Credit Card,Completed,312
TX-006871,CUST-0726,2026-02-14,282.29,ACH Direct Debit,Completed,198
TX-006872,CUST-0726,2025-05-27,264.89,ACH Direct Debit,Completed,402
TX-006873,CUST-0726,2025-09-28,141.04,Wire Transfer,Completed,322
TX-006874,CUST-0726,2025-10-26,428.81,Credit Card,Completed,419
TX-006875,CUST-0726,2025-10-12,176.72,ACH Direct Debit,Completed,154
TX-006876,CUST-0726,2025-09-02,455.72,Credit Card,Completed,170
TX-006877,CUST-0727,2025-12-10,391.22,ACH Direct Debit,Completed,313
TX-006878,CUST-0727,2025-04-25,155.0,PayPal,Completed,128
TX-006879,CUST-0727,2025-05-14,462.41,Wire Transfer,Completed,249
TX-006880,CUST-0727,2025-06-05,218.44,Credit Card,Completed,339
TX-006881,CUST-0727,2025-07-31,308.58,Credit Card,Completed,264
TX-006882,CUST-0728,2025-07-10,353.21,PayPal,Completed,358
TX-006883,CUST-0728,2025-11-25,243.51,Credit Card,Completed,242
TX-006884,CUST-0728,2025-07-01,408.62,Credit Card,Completed,245
TX-006885,CUST-0728,2025-09-06,225.51,Credit Card,Completed,310
TX-006886,CUST-0728,2025-04-26,286.44,Credit Card,Completed,166
TX-006887,CUST-0728,2025-09-11,281.81,Wire Transfer,Completed,254
TX-006888,CUST-0729,2026-02-05,89.95,Credit Card,Completed,139
TX-006889,CUST-0729,2025-07-18,440.15,PayPal,Completed,261
TX-006890,CUST-0729,2025-02-25,258.99,Credit Card,Completed,255
TX-006891,CUST-0729,2026-02-18,153.16,Credit Card,Completed,371
TX-006892,CUST-0729,2025-12-01,76.91,Credit Card,Completed,311
TX-006893,CUST-0729,2025-11-19,109.63,PayPal,Completed,408
TX-006894,CUST-0729,2025-09-24,147.69,Wire Transfer,Completed,79
TX-006895,CUST-0729,2025-08-23,253.17,Credit Card,Refunded,301
TX-006896,CUST-0729,2025-06-14,211.03,Credit Card,Completed,248
TX-006897,CUST-0729,2025-10-30,75.17,PayPal,Completed,213
TX-006898,CUST-0729,2025-01-08,4198.92,Wire Transfer,Failed,3703
TX-006899,CUST-0729,2025-10-17,328.55,ACH Direct Debit,Completed,208
TX-006900,CUST-0729,2025-06-16,291.25,Wire Transfer,Completed,154
TX-006901,CUST-0730,2025-08-04,148.36,ACH Direct Debit,Completed,287
TX-006902,CUST-0730,2025-03-08,276.6,ACH Direct Debit,Completed,196
TX-006903,CUST-0730,2025-06-13,227.3,Credit Card,Refunded,97
TX-006904,CUST-0730,2025-07-06,302.42,Credit Card,Completed,136
TX-006905,CUST-0730,2025-01-04,3582.84,Wire Transfer,Refunded,2299
TX-006906,CUST-0730,2025-10-07,486.88,Wire Transfer,Completed,320
TX-006907,CUST-0730,2025-01-27,456.92,Credit Card,Completed,80
TX-006908,CUST-0730,2025-10-05,59.38,Wire Transfer,Completed,367
TX-006909,CUST-0730,2025-04-15,440.36,ACH Direct Debit,Failed,268
TX-006910,CUST-0730,2025-03-27,83.04,Credit Card,Completed,253
TX-006911,CUST-0731,2025-10-15,734.56,Wire Transfer,Refunded,2019
TX-006912,CUST-0731,2025-11-14,341.68,Wire Transfer,Completed,379
TX-006913,CUST-0731,2025-12-06,292.54,Wire Transfer,Completed,350
TX-006914,CUST-0731,2025-06-06,304.36,ACH Direct Debit,Completed,274
TX-006915,CUST-0731,2025-11-27,337.85,Credit Card,Completed,254
TX-006916,CUST-0731,2025-11-09,96.17,PayPal,Failed,192
TX-006917,CUST-0731,2025-07-05,429.11,Wire Transfer,Completed,308
TX-006918,CUST-0731,2025-09-21,335.25,Credit Card,Completed,410
TX-006919,CUST-0731,2025-08-11,68.37,ACH Direct Debit,Completed,254
TX-006920,CUST-0731,2025-07-07,127.74,Credit Card,Completed,151
TX-006921,CUST-0731,2025-05-20,368.2,PayPal,Refunded,104
TX-006922,CUST-0731,2025-02-03,231.44,Credit Card,Completed,396
TX-006923,CUST-0732,2025-08-26,310.03,Credit Card,Completed,389
TX-006924,CUST-0732,2025-05-21,184.3,Credit Card,Completed,352
TX-006925,CUST-0732,2025-10-15,477.62,PayPal,Completed,317
TX-006926,CUST-0732,2025-06-22,398.1,PayPal,Completed,322
TX-006927,CUST-0732,2025-01-22,425.58,ACH Direct Debit,Completed,164
TX-006928,CUST-0733,2026-01-12,283.83,Credit Card,Completed,327
TX-006929,CUST-0733,2025-01-29,292.0,Credit Card,Completed,257
TX-006930,CUST-0733,2025-02-11,297.83,PayPal,Failed,182
TX-006931,CUST-0733,2025-08-17,181.11,PayPal,Completed,390
TX-006932,CUST-0733,2026-02-24,455.18,Credit Card,Completed,400
TX-006933,CUST-0733,2025-12-26,353.16,Credit Card,Completed,382
TX-006934,CUST-0733,2025-02-23,189.55,Wire Transfer,Completed,131
TX-006935,CUST-0733,2025-07-14,432.88,PayPal,Completed,170
TX-006936,CUST-0734,2025-09-05,4827.45,Credit Card,Failed,2912
TX-006937,CUST-0734,2025-07-21,451.25,PayPal,Completed,146
TX-006938,CUST-0734,2026-02-04,229.74,ACH Direct Debit,Completed,259
TX-006939,CUST-0734,2025-12-19,257.76,ACH Direct Debit,Completed,222
TX-006940,CUST-0734,2025-05-28,245.3,Wire Transfer,Failed,102
TX-006941,CUST-0734,2025-06-20,236.55,Credit Card,Completed,383
TX-006942,CUST-0734,2026-02-06,346.93,ACH Direct Debit,Completed,288
TX-006943,CUST-0734,2025-06-07,324.95,PayPal,Completed,333
TX-006944,CUST-0734,2026-02-01,93.27,PayPal,Completed,155
TX-006945,CUST-0734,2026-02-04,437.93,Wire Transfer,Completed,251
TX-006946,CUST-0734,2026-02-02,418.28,ACH Direct Debit,Completed,409
TX-006947,CUST-0734,2025-07-13,191.78,PayPal,Completed,257
TX-006948,CUST-0734,2025-09-18,224.4,PayPal,Completed,271
TX-006949,CUST-0734,2025-01-13,370.62,ACH Direct Debit,Completed,271
TX-006950,CUST-0734,2025-09-26,108.87,Wire Transfer,Completed,336
TX-006951,CUST-0735,2025-01-27,55.26,PayPal,Completed,208
TX-006952,CUST-0735,2025-06-24,428.8,PayPal,Completed,302
TX-006953,CUST-0735,2025-03-11,304.93,ACH Direct Debit,Completed,335
TX-006954,CUST-0736,2025-05-27,414.58,PayPal,Completed,234
TX-006955,CUST-0736,2025-12-08,380.24,ACH Direct Debit,Completed,175
TX-006956,CUST-0736,2025-11-05,457.47,ACH Direct Debit,Completed,108
TX-006957,CUST-0737,2025-03-03,122.98,PayPal,Completed,261
TX-006958,CUST-0737,2025-06-16,295.01,Credit Card,Completed,369
TX-006959,CUST-0737,2025-12-07,119.75,Credit Card,Completed,406
TX-006960,CUST-0737,2025-11-12,343.83,Credit Card,Completed,311
TX-006961,CUST-0737,2025-09-24,32.73,ACH Direct Debit,Completed,268
TX-006962,CUST-0737,2025-05-31,472.19,Credit Card,Completed,101
TX-006963,CUST-0737,2025-10-31,274.29,PayPal,Completed,299
TX-006964,CUST-0737,2025-04-25,351.69,Wire Transfer,Completed,213
TX-006965,CUST-0737,2025-11-22,173.71,Wire Transfer,Completed,339
TX-006966,CUST-0737,2026-01-02,267.65,ACH Direct Debit,Completed,398
TX-006967,CUST-0737,2026-02-17,245.92,Credit Card,Completed,236
TX-006968,CUST-0737,2025-10-04,167.67,PayPal,Completed,391
TX-006969,CUST-0737,2025-03-25,371.05,Credit Card,Completed,303
TX-006970,CUST-0738,2026-02-08,43.02,ACH Direct Debit,Completed,414
TX-006971,CUST-0738,2025-01-11,204.14,Wire Transfer,Completed,325
TX-006972,CUST-0738,2025-11-18,497.64,PayPal,Failed,229
TX-006973,CUST-0738,2025-10-03,388.38,PayPal,Completed,291
TX-006974,CUST-0738,2025-10-17,439.36,Credit Card,Completed,162
TX-006975,CUST-0738,2025-04-27,46.33,Credit Card,Completed,305
TX-006976,CUST-0738,2026-02-05,274.5,PayPal,Completed,253
TX-006977,CUST-0738,2025-02-25,110.39,Wire Transfer,Completed,208
TX-006978,CUST-0738,2025-04-14,112.93,Wire Transfer,Completed,339
TX-006979,CUST-0738,2025-05-28,193.34,ACH Direct Debit,Completed,114
TX-006980,CUST-0738,2025-04-02,411.15,PayPal,Completed,181
TX-006981,CUST-0738,2025-11-02,89.01,Credit Card,Completed,177
TX-006982,CUST-0738,2025-03-20,126.6,Credit Card,Completed,399
TX-006983,CUST-0739,2025-09-26,379.5,ACH Direct Debit,Completed,269
TX-006984,CUST-0739,2025-07-18,139.24,ACH Direct Debit,Completed,181
TX-006985,CUST-0739,2025-01-02,115.29,Wire Transfer,Refunded,267
TX-006986,CUST-0739,2025-05-06,370.54,Wire Transfer,Completed,112
TX-006987,CUST-0739,2025-10-31,408.21,Wire Transfer,Completed,328
TX-006988,CUST-0740,2025-03-19,74.48,Wire Transfer,Completed,120
TX-006989,CUST-0740,2025-06-29,431.6,ACH Direct Debit,Completed,141
TX-006990,CUST-0740,2025-09-17,201.95,PayPal,Completed,412
TX-006991,CUST-0740,2025-03-28,212.58,Wire Transfer,Completed,147
TX-006992,CUST-0740,2025-06-20,165.03,PayPal,Completed,161
TX-006993,CUST-0740,2026-01-06,468.42,ACH Direct Debit,Completed,196
TX-006994,CUST-0740,2025-02-09,481.76,PayPal,Completed,388
TX-006995,CUST-0740,2025-07-07,338.33,Wire Transfer,Completed,144
TX-006996,CUST-0741,2025-05-18,54.21,Wire Transfer,Completed,266
TX-006997,CUST-0741,2025-04-23,187.2,PayPal,Completed,280
TX-006998,CUST-0741,2025-10-30,290.76,Wire Transfer,Completed,153
TX-006999,CUST-0741,2025-11-10,295.0,Credit Card,Completed,346
TX-007000,CUST-0741,2025-01-23,440.89,Wire Transfer,Completed,325
TX-007001,CUST-0741,2025-04-14,5360.41,ACH Direct Debit,Refunded,2015
TX-007002,CUST-0742,2025-10-23,3297.39,Credit Card,Failed,3016
TX-007003,CUST-0742,2025-08-21,-409.43,ACH Direct Debit,Failed,285
TX-007004,CUST-0742,2025-06-27,397.43,Credit Card,Completed,388
TX-007005,CUST-0743,2025-07-23,181.85,Wire Transfer,Completed,377
TX-007006,CUST-0743,2025-03-25,124.92,Credit Card,Completed,96
TX-007007,CUST-0743,2025-02-01,217.67,Credit Card,Completed,368
TX-007008,CUST-0743,2025-08-08,430.71,Wire Transfer,Completed,126
TX-007009,CUST-0743,2025-07-15,386.64,Credit Card,Completed,115
TX-007010,CUST-0743,2025-06-04,491.56,Wire Transfer,Refunded,100
TX-007011,CUST-0743,2025-10-08,217.01,ACH Direct Debit,Completed,148
TX-007012,CUST-0743,2025-12-14,432.44,Wire Transfer,Completed,136
TX-007013,CUST-0743,2025-11-22,165.16,Wire Transfer,Completed,144
TX-007014,CUST-0743,2025-03-29,165.0,Credit Card,Completed,193
TX-007015,CUST-0743,2025-01-08,42.8,Wire Transfer,Completed,304
TX-007016,CUST-0743,2025-10-06,339.87,Credit Card,Completed,414
TX-007017,CUST-0743,2025-11-25,305.44,Wire Transfer,Completed,124
TX-007018,CUST-0744,2025-04-28,386.7,ACH Direct Debit,Completed,269
TX-007019,CUST-0744,2025-07-30,116.38,ACH Direct Debit,Completed,340
TX-007020,CUST-0744,2026-02-14,206.65,ACH Direct Debit,Completed,350
TX-007021,CUST-0744,2025-08-23,302.61,PayPal,Completed,267
TX-007022,CUST-0744,2025-01-02,3122.07,ACH Direct Debit,Failed,3947
TX-007023,CUST-0744,2025-05-06,451.18,Wire Transfer,Completed,103
TX-007024,CUST-0744,2025-03-04,369.02,Wire Transfer,Completed,315
TX-007025,CUST-0744,2025-08-04,62.36,Wire Transfer,Completed,176
TX-007026,CUST-0745,2025-06-14,411.48,ACH Direct Debit,Completed,367
TX-007027,CUST-0745,2025-08-21,121.88,Wire Transfer,Completed,168
TX-007028,CUST-0745,2025-09-15,103.41,Wire Transfer,Completed,160
TX-007029,CUST-0745,2025-04-06,496.06,Credit Card,Completed,189
TX-007030,CUST-0745,2025-04-11,265.05,Wire Transfer,Completed,165
TX-007031,CUST-0745,2025-06-22,312.65,Credit Card,Completed,149
TX-007032,CUST-0745,2026-01-30,303.02,Credit Card,Completed,96
TX-007033,CUST-0746,2025-06-03,64.97,Wire Transfer,Completed,157
TX-007034,CUST-0746,2025-05-09,411.16,Wire Transfer,Completed,420
TX-007035,CUST-0746,2025-10-22,361.93,PayPal,Completed,404
TX-007036,CUST-0746,2025-08-01,457.17,Wire Transfer,Completed,389
TX-007037,CUST-0746,2025-11-26,478.59,PayPal,Failed,255
TX-007038,CUST-0746,2025-10-11,414.93,ACH Direct Debit,Completed,194
TX-007039,CUST-0746,2025-09-18,332.65,Credit Card,Completed,394
TX-007040,CUST-0747,2025-05-05,388.35,ACH Direct Debit,Completed,212
TX-007041,CUST-0747,2025-07-05,298.08,ACH Direct Debit,Completed,169
TX-007042,CUST-0747,2025-03-08,135.75,ACH Direct Debit,Completed,172
TX-007043,CUST-0747,2025-01-03,292.99,PayPal,Completed,110
TX-007044,CUST-0747,2025-09-15,418.13,PayPal,Completed,308
TX-007045,CUST-0747,2025-03-28,379.28,PayPal,Completed,355
TX-007046,CUST-0747,2025-11-27,208.99,ACH Direct Debit,Completed,359
TX-007047,CUST-0747,2025-10-20,94.1,Credit Card,Completed,309
TX-007048,CUST-0748,2025-03-30,186.48,PayPal,Completed,263
TX-007049,CUST-0748,2025-11-17,78.55,PayPal,Completed,416
TX-007050,CUST-0748,2025-07-01,377.27,Wire Transfer,Refunded,230
TX-007051,CUST-0748,2025-08-05,340.07,PayPal,Completed,405
TX-007052,CUST-0748,2025-01-26,377.32,Wire Transfer,Completed,229
TX-007053,CUST-0748,2025-04-13,229.42,PayPal,Completed,222
TX-007054,CUST-0748,2026-01-24,123.34,PayPal,Completed,87
TX-007055,CUST-0748,2026-01-07,374.28,PayPal,Completed,283
TX-007056,CUST-0748,2025-04-23,170.23,Wire Transfer,Completed,415
TX-007057,CUST-0748,2025-09-02,63.46,Credit Card,Completed,211
TX-007058,CUST-0748,2025-01-23,316.09,Credit Card,Completed,285
TX-007059,CUST-0748,2025-11-13,459.43,Credit Card,Completed,198
TX-007060,CUST-0748,2026-01-18,494.15,ACH Direct Debit,Completed,261
TX-007061,CUST-0748,2025-05-22,305.64,ACH Direct Debit,Completed,356
TX-007062,CUST-0749,2025-11-30,324.25,ACH Direct Debit,Completed,219
TX-007063,CUST-0749,2025-11-18,470.14,Credit Card,Refunded,313
TX-007064,CUST-0749,2025-08-24,276.37,Credit Card,Completed,110
TX-007065,CUST-0749,2025-03-11,168.33,Credit Card,Completed,223
TX-007066,CUST-0749,2025-07-10,214.11,ACH Direct Debit,Completed,140
TX-007067,CUST-0749,2025-06-07,366.74,Credit Card,Completed,88
TX-007068,CUST-0749,2025-01-28,339.21,Wire Transfer,Completed,106
TX-007069,CUST-0749,2025-12-19,63.55,Wire Transfer,Completed,225
TX-007070,CUST-0749,2025-01-16,163.12,ACH Direct Debit,Completed,83
TX-007071,CUST-0749,2025-05-29,56.6,ACH Direct Debit,Completed,141
TX-007072,CUST-0750,2025-12-10,428.28,PayPal,Completed,180
TX-007073,CUST-0750,2025-07-09,399.35,ACH Direct Debit,Completed,261
TX-007074,CUST-0750,2025-10-09,178.75,ACH Direct Debit,Completed,82
TX-007075,CUST-0751,2025-07-03,334.32,PayPal,Completed,210
TX-007076,CUST-0751,2025-02-06,186.1,Wire Transfer,Completed,254
TX-007077,CUST-0751,2025-08-23,252.84,Wire Transfer,Completed,108
TX-007078,CUST-0751,2025-10-04,212.49,Credit Card,Completed,246
TX-007079,CUST-0751,2025-12-30,234.18,PayPal,Completed,316
TX-007080,CUST-0751,2025-04-17,383.16,ACH Direct Debit,Completed,209
TX-007081,CUST-0751,2025-02-23,334.16,PayPal,Completed,241
TX-007082,CUST-0751,2025-12-24,440.43,Credit Card,Completed,237
TX-007083,CUST-0751,2025-12-24,46.94,Credit Card,Completed,113
TX-007084,CUST-0751,2025-08-13,98.16,PayPal,Completed,354
TX-007085,CUST-0751,2025-06-14,412.43,ACH Direct Debit,Failed,228
TX-007086,CUST-0751,2026-01-04,401.85,Wire Transfer,Completed,294
TX-007087,CUST-0751,2025-06-12,389.9,Credit Card,Completed,195
TX-007088,CUST-0751,2025-12-11,37.02,Wire Transfer,Completed,410
TX-007089,CUST-0751,2026-02-05,64.95,PayPal,Failed,125
TX-007090,CUST-0752,2025-01-31,42.1,ACH Direct Debit,Completed,333
TX-007091,CUST-0752,2025-12-29,81.98,Wire Transfer,Completed,144
TX-007092,CUST-0752,2025-09-22,274.77,PayPal,Completed,231
TX-007093,CUST-0752,2025-12-30,307.84,PayPal,Completed,393
TX-007094,CUST-0752,2025-05-16,328.88,Wire Transfer,Completed,244
TX-007095,CUST-0752,2025-07-27,230.4,ACH Direct Debit,Completed,320
TX-007096,CUST-0752,2025-11-17,309.75,Credit Card,Completed,298
TX-007097,CUST-0752,2025-02-12,47.64,Wire Transfer,Completed,162
TX-007098,CUST-0752,2025-12-24,442.64,ACH Direct Debit,Completed,213
TX-007099,CUST-0752,2025-09-10,251.25,ACH Direct Debit,Completed,194
TX-007100,CUST-0752,2025-08-23,2153.48,Credit Card,Refunded,2051
TX-007101,CUST-0752,2025-09-15,316.55,Wire Transfer,Completed,258
TX-007102,CUST-0752,2025-04-08,378.93,Wire Transfer,Completed,256
TX-007103,CUST-0752,2025-01-29,294.11,ACH Direct Debit,Completed,296
TX-007104,CUST-0752,2025-11-26,107.07,PayPal,Completed,152
TX-007105,CUST-0753,2025-03-01,349.23,ACH Direct Debit,Completed,280
TX-007106,CUST-0753,2025-10-28,228.94,Credit Card,Completed,119
TX-007107,CUST-0753,2025-10-11,157.31,Wire Transfer,Completed,394
TX-007108,CUST-0753,2025-12-04,337.94,ACH Direct Debit,Completed,319
TX-007109,CUST-0753,2025-04-21,385.98,Wire Transfer,Completed,345
TX-007110,CUST-0753,2025-04-22,413.63,ACH Direct Debit,Completed,252
TX-007111,CUST-0753,2025-12-26,220.07,PayPal,Completed,294
TX-007112,CUST-0753,2025-07-01,39.31,Credit Card,Completed,407
TX-007113,CUST-0753,2025-12-14,315.96,Wire Transfer,Completed,97
TX-007114,CUST-0753,2025-07-04,52.54,PayPal,Completed,333
TX-007115,CUST-0753,2025-07-09,448.84,PayPal,Completed,234
TX-007116,CUST-0753,2026-02-01,61.74,ACH Direct Debit,Completed,183
TX-007117,CUST-0753,2025-01-25,204.75,Credit Card,Completed,380
TX-007118,CUST-0753,2025-08-14,217.5,PayPal,Completed,397
TX-007119,CUST-0754,2025-10-02,128.93,Wire Transfer,Completed,209
TX-007120,CUST-0754,2025-03-10,423.67,Credit Card,Completed,301
TX-007121,CUST-0754,2025-03-02,390.41,Credit Card,Completed,245
TX-007122,CUST-0754,2025-05-23,118.49,Credit Card,Completed,403
TX-007123,CUST-0754,2025-06-20,414.71,Wire Transfer,Completed,415
TX-007124,CUST-0754,2025-11-14,181.45,ACH Direct Debit,Completed,201
TX-007125,CUST-0754,2025-01-19,456.38,ACH Direct Debit,Completed,105
TX-007126,CUST-0754,2025-05-30,290.95,ACH Direct Debit,Completed,259
TX-007127,CUST-0754,2025-07-08,431.11,PayPal,Failed,241
TX-007128,CUST-0754,2025-05-08,151.59,Wire Transfer,Completed,327
TX-007129,CUST-0754,2025-09-12,30.49,Credit Card,Completed,104
TX-007130,CUST-0754,2026-01-26,418.44,Credit Card,Completed,327
TX-007131,CUST-0755,2025-01-02,147.07,Wire Transfer,Completed,77
TX-007132,CUST-0755,2025-05-12,456.11,Credit Card,Completed,282
TX-007133,CUST-0755,2025-10-23,248.1,PayPal,Completed,341
TX-007134,CUST-0755,2025-02-28,446.71,ACH Direct Debit,Completed,363
TX-007135,CUST-0756,2025-06-09,154.95,PayPal,Completed,218
TX-007136,CUST-0756,2026-01-17,345.56,ACH Direct Debit,Completed,279
TX-007137,CUST-0756,2025-11-28,96.42,ACH Direct Debit,Completed,313
TX-007138,CUST-0756,2025-03-09,-232.82,Credit Card,Failed,248
TX-007139,CUST-0756,2025-03-28,-370.36,Wire Transfer,Failed,397
TX-007140,CUST-0756,2025-09-25,335.35,PayPal,Completed,286
TX-007141,CUST-0756,2025-10-27,96.79,ACH Direct Debit,Completed,346
TX-007142,CUST-0757,2025-09-17,409.9,Wire Transfer,Completed,394
TX-007143,CUST-0757,2025-04-09,344.28,Credit Card,Completed,215
TX-007144,CUST-0757,2025-09-30,50.05,ACH Direct Debit,Completed,225
TX-007145,CUST-0757,2025-02-13,398.9,Wire Transfer,Completed,205
TX-007146,CUST-0757,2025-12-09,347.65,Credit Card,Completed,193
TX-007147,CUST-0757,2025-11-14,485.5,Wire Transfer,Completed,243
TX-007148,CUST-0757,2026-02-03,376.93,Wire Transfer,Completed,301
TX-007149,CUST-0757,2025-02-23,278.45,Credit Card,Completed,205
TX-007150,CUST-0757,2025-01-07,104.47,PayPal,Completed,159
TX-007151,CUST-0757,2025-03-22,428.07,Credit Card,Completed,412
TX-007152,CUST-0757,2026-02-09,488.96,ACH Direct Debit,Completed,132
TX-007153,CUST-0758,2025-07-26,375.52,Credit Card,Completed,386
TX-007154,CUST-0758,2025-01-11,207.7,ACH Direct Debit,Completed,237
TX-007155,CUST-0758,2025-09-15,348.51,ACH Direct Debit,Completed,141
TX-007156,CUST-0758,2025-07-04,289.61,PayPal,Completed,186
TX-007157,CUST-0758,2025-05-09,360.15,PayPal,Completed,396
TX-007158,CUST-0758,2025-11-17,188.27,Wire Transfer,Completed,369
TX-007159,CUST-0758,2025-09-27,445.28,ACH Direct Debit,Completed,204
TX-007160,CUST-0758,2025-11-05,385.08,ACH Direct Debit,Completed,206
TX-007161,CUST-0758,2025-01-23,94.6,Wire Transfer,Refunded,244
TX-007162,CUST-0758,2025-12-18,291.27,Wire Transfer,Completed,114
TX-007163,CUST-0759,2025-09-03,37.83,PayPal,Completed,128
TX-007164,CUST-0759,2025-12-28,277.62,Credit Card,Failed,292
TX-007165,CUST-0759,2025-07-03,59.19,Wire Transfer,Completed,401
TX-007166,CUST-0760,2026-02-19,179.8,PayPal,Completed,345
TX-007167,CUST-0760,2025-06-27,158.49,ACH Direct Debit,Completed,181
TX-007168,CUST-0760,2025-10-14,274.81,PayPal,Completed,326
TX-007169,CUST-0760,2025-03-16,445.27,Wire Transfer,Completed,232
TX-007170,CUST-0760,2025-01-24,415.77,Credit Card,Completed,419
TX-007171,CUST-0760,2025-08-15,268.93,Credit Card,Completed,245
TX-007172,CUST-0760,2026-02-02,180.8,ACH Direct Debit,Completed,238
TX-007173,CUST-0761,2025-01-31,336.59,ACH Direct Debit,Completed,306
TX-007174,CUST-0761,2025-02-04,156.49,PayPal,Completed,316
TX-007175,CUST-0761,2026-01-27,419.27,PayPal,Completed,189
TX-007176,CUST-0761,2025-08-12,225.4,Wire Transfer,Completed,215
TX-007177,CUST-0761,2025-12-25,154.28,Credit Card,Completed,229
TX-007178,CUST-0761,2025-08-16,277.92,ACH Direct Debit,Completed,260
TX-007179,CUST-0761,2025-04-14,58.28,ACH Direct Debit,Completed,208
TX-007180,CUST-0761,2025-01-16,67.61,PayPal,Completed,119
TX-007181,CUST-0761,2025-01-14,452.13,ACH Direct Debit,Completed,376
TX-007182,CUST-0761,2025-12-13,270.05,ACH Direct Debit,Failed,243
TX-007183,CUST-0761,2025-03-06,239.67,ACH Direct Debit,Completed,360
TX-007184,CUST-0761,2025-07-15,1723.37,PayPal,Failed,3429
TX-007185,CUST-0761,2025-06-26,83.81,Credit Card,Completed,214
TX-007186,CUST-0761,2026-02-04,90.03,PayPal,Completed,158
TX-007187,CUST-0762,2026-02-21,333.09,Wire Transfer,Completed,250
TX-007188,CUST-0762,2025-12-08,206.92,PayPal,Completed,166
TX-007189,CUST-0762,2025-06-24,346.88,Wire Transfer,Completed,194
TX-007190,CUST-0762,2025-11-06,241.0,PayPal,Completed,243
TX-007191,CUST-0762,2025-11-18,471.38,PayPal,Completed,100
TX-007192,CUST-0762,2025-08-13,45.8,ACH Direct Debit,Completed,208
TX-007193,CUST-0762,2025-07-03,267.03,Credit Card,Completed,177
TX-007194,CUST-0762,2025-02-04,474.09,Wire Transfer,Completed,314
TX-007195,CUST-0762,2025-08-17,59.35,Wire Transfer,Completed,336
TX-007196,CUST-0762,2025-09-23,241.85,Wire Transfer,Completed,255
TX-007197,CUST-0762,2025-05-19,336.18,Wire Transfer,Completed,211
TX-007198,CUST-0762,2025-10-26,321.34,PayPal,Completed,197
TX-007199,CUST-0762,2025-05-19,440.24,PayPal,Completed,218
TX-007200,CUST-0762,2026-02-24,447.19,ACH Direct Debit,Completed,229
TX-007201,CUST-0762,2025-12-26,370.29,Credit Card,Completed,360
TX-007202,CUST-0763,2025-12-31,242.15,Wire Transfer,Failed,205
TX-007203,CUST-0763,2025-09-07,107.81,PayPal,Completed,313
TX-007204,CUST-0763,2025-08-17,288.44,ACH Direct Debit,Completed,349
TX-007205,CUST-0763,2025-03-04,424.28,Wire Transfer,Completed,108
TX-007206,CUST-0763,2025-07-13,468.23,ACH Direct Debit,Completed,195
TX-007207,CUST-0763,2025-04-12,59.64,Credit Card,Refunded,402
TX-007208,CUST-0763,2025-10-19,354.69,Credit Card,Completed,292
TX-007209,CUST-0763,2025-08-06,109.72,ACH Direct Debit,Completed,413
TX-007210,CUST-0763,2025-09-03,443.55,Wire Transfer,Completed,113
TX-007211,CUST-0763,2025-06-09,248.29,PayPal,Completed,397
TX-007212,CUST-0763,2025-09-10,220.26,Credit Card,Completed,357
TX-007213,CUST-0764,2025-08-22,78.18,PayPal,Completed,122
TX-007214,CUST-0764,2025-08-24,316.55,Wire Transfer,Completed,349
TX-007215,CUST-0764,2025-04-09,479.6,Credit Card,Completed,380
TX-007216,CUST-0764,2026-02-06,321.51,ACH Direct Debit,Completed,110
TX-007217,CUST-0764,2025-05-03,148.03,Credit Card,Completed,221
TX-007218,CUST-0764,2025-02-03,192.55,Credit Card,Completed,170
TX-007219,CUST-0764,2025-10-13,83.24,Credit Card,Completed,118
TX-007220,CUST-0764,2025-08-19,416.73,Wire Transfer,Completed,316
TX-007221,CUST-0764,2025-03-01,128.48,PayPal,Completed,275
TX-007222,CUST-0764,2025-06-10,144.58,Wire Transfer,Completed,279
TX-007223,CUST-0764,2025-06-28,1694.98,Wire Transfer,Failed,2977
TX-007224,CUST-0764,2025-12-22,461.58,Credit Card,Completed,164
TX-007225,CUST-0764,2025-01-17,77.11,ACH Direct Debit,Completed,228
TX-007226,CUST-0765,2026-01-29,432.24,PayPal,Completed,371
TX-007227,CUST-0765,2025-10-20,388.59,Credit Card,Completed,316
TX-007228,CUST-0765,2025-12-26,4315.4,PayPal,Failed,4194
TX-007229,CUST-0765,2025-10-10,122.2,Wire Transfer,Completed,211
TX-007230,CUST-0765,2025-06-18,174.11,ACH Direct Debit,Completed,173
TX-007231,CUST-0765,2025-11-12,269.84,ACH Direct Debit,Completed,192
TX-007232,CUST-0765,2025-05-01,227.1,PayPal,Refunded,228
TX-007233,CUST-0765,2026-01-04,175.43,ACH Direct Debit,Completed,134
TX-007234,CUST-0766,2026-01-20,92.18,Wire Transfer,Completed,304
TX-007235,CUST-0766,2025-11-21,42.75,PayPal,Completed,86
TX-007236,CUST-0766,2025-03-17,319.52,Wire Transfer,Completed,114
TX-007237,CUST-0766,2025-05-17,240.04,PayPal,Completed,403
TX-007238,CUST-0766,2025-01-26,232.51,Credit Card,Completed,352
TX-007239,CUST-0766,2025-10-22,302.14,Credit Card,Completed,320
TX-007240,CUST-0767,2025-03-12,467.59,Wire Transfer,Completed,152
TX-007241,CUST-0767,2025-10-28,385.65,Credit Card,Completed,95
TX-007242,CUST-0767,2026-02-04,343.24,PayPal,Completed,263
TX-007243,CUST-0767,2025-09-08,492.6,Credit Card,Refunded,361
TX-007244,CUST-0768,2025-11-18,489.22,Credit Card,Completed,196
TX-007245,CUST-0768,2025-01-04,436.28,Credit Card,Completed,213
TX-007246,CUST-0768,2025-02-10,407.81,PayPal,Completed,135
TX-007247,CUST-0768,2025-04-19,461.3,Wire Transfer,Completed,258
TX-007248,CUST-0768,2025-04-06,78.11,PayPal,Completed,136
TX-007249,CUST-0768,2025-05-17,299.93,Wire Transfer,Completed,410
TX-007250,CUST-0768,2025-10-23,68.54,Credit Card,Completed,379
TX-007251,CUST-0768,2025-11-02,208.1,Credit Card,Completed,393
TX-007252,CUST-0768,2025-11-05,436.21,ACH Direct Debit,Completed,224
TX-007253,CUST-0768,2025-06-12,478.5,PayPal,Completed,84
TX-007254,CUST-0768,2025-10-21,172.24,Credit Card,Completed,278
TX-007255,CUST-0768,2025-02-08,227.66,PayPal,Completed,129
TX-007256,CUST-0768,2025-12-05,131.84,PayPal,Completed,84
TX-007257,CUST-0768,2025-04-18,315.98,ACH Direct Debit,Completed,175
TX-007258,CUST-0769,2025-03-06,57.65,Credit Card,Completed,286
TX-007259,CUST-0769,2025-07-10,122.33,Credit Card,Refunded,397
TX-007260,CUST-0769,2025-07-03,133.61,Wire Transfer,Failed,251
TX-007261,CUST-0769,2025-06-07,348.26,Credit Card,Completed,354
TX-007262,CUST-0769,2026-02-14,171.2,PayPal,Completed,97
TX-007263,CUST-0769,2025-10-10,445.23,Credit Card,Refunded,257
TX-007264,CUST-0770,2025-07-27,297.98,PayPal,Completed,219
TX-007265,CUST-0770,2026-01-27,330.15,PayPal,Failed,419
TX-007266,CUST-0770,2025-02-21,67.86,Credit Card,Completed,179
TX-007267,CUST-0770,2025-11-17,30.69,ACH Direct Debit,Completed,371
TX-007268,CUST-0770,2026-02-21,391.51,PayPal,Completed,88
TX-007269,CUST-0770,2025-03-21,64.08,ACH Direct Debit,Completed,245
TX-007270,CUST-0770,2025-09-29,441.4,Wire Transfer,Completed,171
TX-007271,CUST-0770,2025-10-30,36.58,Wire Transfer,Completed,338
TX-007272,CUST-0770,2025-06-17,393.62,Wire Transfer,Completed,399
TX-007273,CUST-0770,2025-11-08,366.08,Credit Card,Completed,98
TX-007274,CUST-0770,2025-04-20,242.53,PayPal,Completed,117
TX-007275,CUST-0770,2025-10-10,401.35,PayPal,Completed,403
TX-007276,CUST-0770,2025-04-16,355.2,Credit Card,Completed,341
TX-007277,CUST-0771,2025-04-07,150.48,Credit Card,Completed,378
TX-007278,CUST-0771,2025-05-21,36.7,Wire Transfer,Completed,111
TX-007279,CUST-0771,2025-12-30,426.91,Credit Card,Completed,328
TX-007280,CUST-0771,2025-01-20,485.12,Credit Card,Completed,258
TX-007281,CUST-0771,2026-01-06,429.66,PayPal,Completed,144
TX-007282,CUST-0771,2025-09-17,5741.44,Wire Transfer,Refunded,2664
TX-007283,CUST-0771,2025-06-12,183.61,PayPal,Completed,367
TX-007284,CUST-0771,2025-07-04,232.74,ACH Direct Debit,Failed,126
TX-007285,CUST-0771,2025-02-01,59.45,Wire Transfer,Completed,388
TX-007286,CUST-0771,2025-03-04,186.66,ACH Direct Debit,Completed,130
TX-007287,CUST-0771,2025-02-26,82.02,Wire Transfer,Completed,232
TX-007288,CUST-0771,2025-03-22,147.73,PayPal,Completed,381
TX-007289,CUST-0771,2026-01-23,93.7,ACH Direct Debit,Completed,114
TX-007290,CUST-0771,2026-02-23,400.31,Credit Card,Completed,363
TX-007291,CUST-0771,2025-12-26,427.3,Wire Transfer,Completed,114
TX-007292,CUST-0772,2025-12-23,40.78,PayPal,Completed,371
TX-007293,CUST-0772,2025-07-08,324.05,Wire Transfer,Completed,312
TX-007294,CUST-0772,2025-04-24,287.73,PayPal,Completed,173
TX-007295,CUST-0772,2025-02-20,167.91,Wire Transfer,Completed,276
TX-007296,CUST-0772,2026-02-15,267.49,Credit Card,Completed,210
TX-007297,CUST-0772,2025-06-10,491.26,Credit Card,Completed,367
TX-007298,CUST-0773,2026-01-09,4006.09,Credit Card,Failed,2607
TX-007299,CUST-0773,2025-08-12,285.4,ACH Direct Debit,Failed,244
TX-007300,CUST-0773,2025-04-02,70.32,PayPal,Completed,326
TX-007301,CUST-0773,2025-03-04,478.11,PayPal,Completed,265
TX-007302,CUST-0773,2026-01-15,246.47,Credit Card,Completed,335
TX-007303,CUST-0773,2025-07-11,189.6,PayPal,Completed,234
TX-007304,CUST-0773,2025-03-27,322.67,Wire Transfer,Completed,395
TX-007305,CUST-0773,2025-02-19,257.44,ACH Direct Debit,Completed,231
TX-007306,CUST-0774,2025-12-10,110.64,Wire Transfer,Completed,414
TX-007307,CUST-0774,2025-11-13,65.75,Credit Card,Completed,163
TX-007308,CUST-0774,2025-12-01,334.49,PayPal,Completed,149
TX-007309,CUST-0774,2025-09-09,272.38,PayPal,Completed,200
TX-007310,CUST-0774,2026-01-26,435.78,Wire Transfer,Completed,265
TX-007311,CUST-0774,2025-01-31,445.34,Credit Card,Completed,108
TX-007312,CUST-0774,2025-03-01,83.17,PayPal,Completed,292
TX-007313,CUST-0774,2025-04-05,69.32,Credit Card,Completed,403
TX-007314,CUST-0774,2025-07-10,187.83,ACH Direct Debit,Completed,145
TX-007315,CUST-0774,2025-08-31,41.06,PayPal,Completed,293
TX-007316,CUST-0774,2025-10-16,249.2,ACH Direct Debit,Completed,408
TX-007317,CUST-0774,2025-12-23,116.4,PayPal,Completed,377
TX-007318,CUST-0774,2025-02-09,59.91,PayPal,Completed,304
TX-007319,CUST-0775,2025-11-15,208.75,Wire Transfer,Completed,303
TX-007320,CUST-0775,2025-04-22,295.43,Credit Card,Completed,95
TX-007321,CUST-0775,2025-11-12,435.88,PayPal,Completed,99
TX-007322,CUST-0775,2025-11-22,116.49,ACH Direct Debit,Completed,108
TX-007323,CUST-0775,2026-02-22,3983.81,Wire Transfer,Refunded,2026
TX-007324,CUST-0775,2025-05-01,335.0,Credit Card,Completed,182
TX-007325,CUST-0775,2026-02-18,173.13,Credit Card,Completed,283
TX-007326,CUST-0775,2025-08-09,492.87,ACH Direct Debit,Completed,393
TX-007327,CUST-0775,2025-06-07,348.76,Credit Card,Completed,286
TX-007328,CUST-0775,2025-09-07,83.8,PayPal,Completed,344
TX-007329,CUST-0775,2025-02-04,402.15,ACH Direct Debit,Completed,327
TX-007330,CUST-0775,2025-03-07,142.74,PayPal,Completed,175
TX-007331,CUST-0776,2025-07-08,469.82,PayPal,Completed,80
TX-007332,CUST-0776,2025-03-08,128.81,PayPal,Completed,229
TX-007333,CUST-0776,2025-12-31,206.87,PayPal,Completed,180
TX-007334,CUST-0776,2025-08-25,334.07,Credit Card,Completed,88
TX-007335,CUST-0776,2025-07-02,333.68,ACH Direct Debit,Completed,108
TX-007336,CUST-0776,2025-09-28,151.34,ACH Direct Debit,Completed,100
TX-007337,CUST-0776,2025-05-14,393.72,Wire Transfer,Completed,162
TX-007338,CUST-0776,2025-08-15,315.49,Credit Card,Completed,274
TX-007339,CUST-0776,2025-05-27,175.49,Credit Card,Completed,309
TX-007340,CUST-0776,2025-07-28,61.89,Wire Transfer,Completed,325
TX-007341,CUST-0776,2025-06-01,417.11,PayPal,Completed,376
TX-007342,CUST-0776,2025-07-11,359.12,Wire Transfer,Completed,195
TX-007343,CUST-0776,2025-11-25,327.98,Credit Card,Completed,339
TX-007344,CUST-0777,2025-08-01,262.89,PayPal,Completed,136
TX-007345,CUST-0777,2025-05-22,325.1,ACH Direct Debit,Completed,255
TX-007346,CUST-0777,2025-11-02,244.68,Credit Card,Completed,310
TX-007347,CUST-0777,2025-09-01,449.92,PayPal,Completed,233
TX-007348,CUST-0777,2025-06-22,485.29,Wire Transfer,Completed,85
TX-007349,CUST-0777,2025-02-23,394.82,PayPal,Completed,152
TX-007350,CUST-0777,2025-10-28,112.44,PayPal,Completed,369
TX-007351,CUST-0777,2025-07-15,240.46,PayPal,Completed,101
TX-007352,CUST-0778,2025-11-27,460.1,PayPal,Completed,128
TX-007353,CUST-0778,2025-11-21,279.94,ACH Direct Debit,Failed,154
TX-007354,CUST-0778,2025-06-07,458.89,PayPal,Completed,213
TX-007355,CUST-0778,2025-03-21,267.48,Wire Transfer,Completed,153
TX-007356,CUST-0778,2025-01-27,1554.47,Credit Card,Refunded,3838
TX-007357,CUST-0778,2025-08-23,106.11,Credit Card,Failed,106
TX-007358,CUST-0778,2026-01-06,160.94,ACH Direct Debit,Completed,99
TX-007359,CUST-0778,2025-04-29,236.39,Wire Transfer,Completed,103
TX-007360,CUST-0778,2025-03-02,375.34,Wire Transfer,Completed,393
TX-007361,CUST-0778,2025-01-31,2548.25,ACH Direct Debit,Refunded,1670
TX-007362,CUST-0778,2025-11-18,83.35,PayPal,Completed,246
TX-007363,CUST-0778,2025-05-20,344.64,PayPal,Completed,278
TX-007364,CUST-0778,2025-02-06,78.64,Wire Transfer,Completed,92
TX-007365,CUST-0778,2025-01-17,282.75,PayPal,Completed,281
TX-007366,CUST-0778,2025-01-30,475.39,Credit Card,Failed,200
TX-007367,CUST-0779,2025-07-05,86.32,ACH Direct Debit,Completed,313
TX-007368,CUST-0779,2025-08-31,307.41,PayPal,Completed,370
TX-007369,CUST-0779,2025-09-25,232.29,Wire Transfer,Completed,213
TX-007370,CUST-0779,2025-05-19,452.45,PayPal,Completed,328
TX-007371,CUST-0779,2025-04-22,66.97,Wire Transfer,Completed,308
TX-007372,CUST-0779,2025-03-15,293.84,Wire Transfer,Completed,380
TX-007373,CUST-0779,2026-01-11,218.1,ACH Direct Debit,Completed,159
TX-007374,CUST-0779,2025-01-17,68.56,ACH Direct Debit,Completed,403
TX-007375,CUST-0779,2025-04-20,455.61,Credit Card,Completed,339
TX-007376,CUST-0779,2025-02-02,409.08,Wire Transfer,Completed,254
TX-007377,CUST-0779,2025-04-17,278.93,ACH Direct Debit,Completed,159
TX-007378,CUST-0779,2025-09-10,187.65,ACH Direct Debit,Completed,343
TX-007379,CUST-0779,2025-12-01,143.81,ACH Direct Debit,Completed,217
TX-007380,CUST-0779,2025-10-09,147.66,Wire Transfer,Failed,131
TX-007381,CUST-0779,2025-08-03,79.27,PayPal,Completed,262
TX-007382,CUST-0779,2025-03-08,249.53,ACH Direct Debit,Completed,412
TX-007383,CUST-0780,2025-03-09,86.76,ACH Direct Debit,Completed,418
TX-007384,CUST-0780,2025-11-10,419.75,ACH Direct Debit,Completed,234
TX-007385,CUST-0780,2025-02-07,53.71,PayPal,Completed,293
TX-007386,CUST-0781,2025-05-31,68.8,ACH Direct Debit,Completed,210
TX-007387,CUST-0781,2025-01-17,108.47,Credit Card,Failed,309
TX-007388,CUST-0781,2025-06-19,34.99,ACH Direct Debit,Completed,161
TX-007389,CUST-0781,2026-02-23,117.82,PayPal,Completed,278
TX-007390,CUST-0781,2026-02-18,216.69,Credit Card,Completed,257
TX-007391,CUST-0781,2025-10-27,308.79,Wire Transfer,Completed,238
TX-007392,CUST-0781,2025-04-01,434.89,Credit Card,Completed,323
TX-007393,CUST-0782,2026-02-21,260.95,Wire Transfer,Completed,167
TX-007394,CUST-0782,2025-12-15,243.43,PayPal,Completed,372
TX-007395,CUST-0782,2025-03-13,388.5,PayPal,Completed,385
TX-007396,CUST-0782,2025-05-07,286.75,ACH Direct Debit,Completed,301
TX-007397,CUST-0783,2025-02-14,260.28,PayPal,Completed,323
TX-007398,CUST-0783,2025-07-06,425.11,Wire Transfer,Refunded,341
TX-007399,CUST-0783,2025-08-12,233.46,PayPal,Completed,361
TX-007400,CUST-0783,2025-01-25,271.47,Wire Transfer,Completed,174
TX-007401,CUST-0783,2025-07-20,429.63,ACH Direct Debit,Completed,399
TX-007402,CUST-0783,2025-08-01,275.55,Credit Card,Completed,340
TX-007403,CUST-0783,2025-09-04,306.76,Credit Card,Completed,197
TX-007404,CUST-0783,2025-04-06,411.44,Wire Transfer,Completed,261
TX-007405,CUST-0783,2025-12-21,222.31,Credit Card,Completed,218
TX-007406,CUST-0784,2025-03-21,293.35,Credit Card,Completed,188
TX-007407,CUST-0784,2025-05-16,96.75,Wire Transfer,Completed,316
TX-007408,CUST-0784,2025-09-13,419.08,ACH Direct Debit,Completed,164
TX-007409,CUST-0784,2026-01-06,360.59,Wire Transfer,Completed,367
TX-007410,CUST-0784,2025-09-13,416.92,Wire Transfer,Completed,139
TX-007411,CUST-0784,2025-07-22,373.55,PayPal,Completed,336
TX-007412,CUST-0784,2025-01-16,349.15,PayPal,Completed,338
TX-007413,CUST-0784,2025-11-10,266.1,Credit Card,Completed,416
TX-007414,CUST-0784,2025-12-07,265.55,Credit Card,Completed,334
TX-007415,CUST-0784,2025-11-04,281.1,Wire Transfer,Completed,209
TX-007416,CUST-0784,2025-04-29,215.2,PayPal,Refunded,150
TX-007417,CUST-0784,2025-06-18,419.66,Wire Transfer,Completed,259
TX-007418,CUST-0785,2025-09-08,139.31,Wire Transfer,Completed,322
TX-007419,CUST-0785,2025-02-22,406.22,Credit Card,Completed,196
TX-007420,CUST-0785,2026-02-02,75.28,Wire Transfer,Completed,371
TX-007421,CUST-0785,2025-10-18,468.2,ACH Direct Debit,Completed,260
TX-007422,CUST-0785,2025-06-23,412.96,ACH Direct Debit,Completed,110
TX-007423,CUST-0785,2025-03-30,394.21,Credit Card,Completed,378
TX-007424,CUST-0785,2025-04-26,123.67,PayPal,Failed,77
TX-007425,CUST-0785,2025-08-26,182.14,PayPal,Completed,369
TX-007426,CUST-0785,2025-09-03,60.88,Wire Transfer,Completed,337
TX-007427,CUST-0786,2025-01-02,243.13,Credit Card,Completed,368
TX-007428,CUST-0786,2025-10-03,153.65,ACH Direct Debit,Completed,261
TX-007429,CUST-0786,2025-04-22,233.34,Credit Card,Completed,335
TX-007430,CUST-0786,2025-07-13,245.32,PayPal,Completed,290
TX-007431,CUST-0786,2025-07-01,321.42,ACH Direct Debit,Completed,372
TX-007432,CUST-0786,2025-07-31,305.09,ACH Direct Debit,Completed,169
TX-007433,CUST-0786,2025-05-21,492.22,PayPal,Completed,368
TX-007434,CUST-0786,2025-12-18,78.95,PayPal,Completed,305
TX-007435,CUST-0786,2025-04-11,447.06,Credit Card,Completed,154
TX-007436,CUST-0786,2025-08-03,103.01,PayPal,Completed,329
TX-007437,CUST-0786,2025-12-29,453.32,Wire Transfer,Completed,149
TX-007438,CUST-0786,2025-12-15,171.71,ACH Direct Debit,Completed,130
TX-007439,CUST-0786,2025-04-09,487.44,Wire Transfer,Completed,370
TX-007440,CUST-0787,2025-08-16,125.88,Wire Transfer,Completed,126
TX-007441,CUST-0787,2025-10-30,466.21,Wire Transfer,Completed,361
TX-007442,CUST-0787,2025-05-01,109.1,PayPal,Completed,227
TX-007443,CUST-0787,2025-02-14,483.68,PayPal,Completed,293
TX-007444,CUST-0787,2025-04-26,60.76,Credit Card,Completed,114
TX-007445,CUST-0787,2025-07-14,138.21,Credit Card,Completed,253
TX-007446,CUST-0787,2025-12-26,198.5,Wire Transfer,Completed,183
TX-007447,CUST-0788,2025-06-04,80.64,Wire Transfer,Completed,353
TX-007448,CUST-0788,2025-12-19,346.8,PayPal,Completed,351
TX-007449,CUST-0788,2025-06-24,393.07,PayPal,Failed,163
TX-007450,CUST-0788,2025-06-27,246.6,Credit Card,Completed,288
TX-007451,CUST-0788,2026-01-23,295.17,Wire Transfer,Completed,118
TX-007452,CUST-0788,2025-07-09,472.47,PayPal,Completed,175
TX-007453,CUST-0788,2025-06-14,146.94,ACH Direct Debit,Completed,126
TX-007454,CUST-0788,2025-02-26,399.75,Credit Card,Completed,223
TX-007455,CUST-0789,2025-02-21,2233.61,Credit Card,Refunded,2427
TX-007456,CUST-0789,2025-09-05,383.6,Credit Card,Completed,196
TX-007457,CUST-0789,2025-03-07,264.13,PayPal,Completed,77
TX-007458,CUST-0789,2025-05-03,408.16,PayPal,Completed,307
TX-007459,CUST-0789,2025-01-01,341.63,ACH Direct Debit,Completed,305
TX-007460,CUST-0789,2025-08-17,493.4,ACH Direct Debit,Completed,214
TX-007461,CUST-0789,2025-03-28,318.04,ACH Direct Debit,Completed,129
TX-007462,CUST-0789,2025-10-10,465.04,ACH Direct Debit,Completed,235
TX-007463,CUST-0789,2025-12-20,151.19,Credit Card,Completed,82
TX-007464,CUST-0790,2026-02-25,97.6,ACH Direct Debit,Completed,201
TX-007465,CUST-0790,2025-06-21,1896.69,Credit Card,Refunded,1921
TX-007466,CUST-0790,2025-06-01,361.82,ACH Direct Debit,Completed,214
TX-007467,CUST-0790,2025-03-06,427.34,ACH Direct Debit,Completed,219
TX-007468,CUST-0790,2026-02-24,306.81,Wire Transfer,Completed,225
TX-007469,CUST-0790,2025-07-02,468.86,Wire Transfer,Completed,390
TX-007470,CUST-0790,2025-07-29,348.3,PayPal,Completed,335
TX-007471,CUST-0790,2025-03-24,268.33,Wire Transfer,Completed,172
TX-007472,CUST-0790,2025-03-18,320.34,PayPal,Completed,323
TX-007473,CUST-0790,2025-04-14,468.73,Credit Card,Completed,418
TX-007474,CUST-0790,2025-11-07,247.72,PayPal,Completed,284
TX-007475,CUST-0790,2025-09-20,467.65,Wire Transfer,Completed,411
TX-007476,CUST-0791,2025-12-31,334.16,ACH Direct Debit,Completed,191
TX-007477,CUST-0791,2025-04-11,227.84,ACH Direct Debit,Completed,329
TX-007478,CUST-0791,2026-02-20,84.46,PayPal,Completed,264
TX-007479,CUST-0791,2025-11-02,385.97,PayPal,Completed,174
TX-007480,CUST-0791,2026-02-18,52.4,Wire Transfer,Completed,341
TX-007481,CUST-0791,2025-11-07,153.92,ACH Direct Debit,Completed,106
TX-007482,CUST-0791,2025-12-27,100.72,ACH Direct Debit,Completed,396
TX-007483,CUST-0791,2025-10-25,126.06,Wire Transfer,Completed,390
TX-007484,CUST-0792,2025-06-09,451.63,Credit Card,Completed,209
TX-007485,CUST-0792,2025-07-02,148.64,ACH Direct Debit,Completed,91
TX-007486,CUST-0792,2025-07-19,99.11,PayPal,Failed,356
TX-007487,CUST-0792,2025-09-11,153.0,ACH Direct Debit,Completed,264
TX-007488,CUST-0793,2025-12-20,248.66,PayPal,Completed,85
TX-007489,CUST-0793,2025-08-25,232.57,ACH Direct Debit,Completed,193
TX-007490,CUST-0793,2026-02-09,483.36,ACH Direct Debit,Completed,367
TX-007491,CUST-0793,2025-06-14,66.15,PayPal,Completed,373
TX-007492,CUST-0793,2026-01-28,413.99,Credit Card,Completed,393
TX-007493,CUST-0793,2025-09-07,109.7,ACH Direct Debit,Completed,191
TX-007494,CUST-0793,2025-02-22,200.4,Credit Card,Completed,135
TX-007495,CUST-0793,2025-09-13,53.44,Wire Transfer,Completed,152
TX-007496,CUST-0793,2025-06-12,71.38,Wire Transfer,Completed,391
TX-007497,CUST-0793,2025-10-27,353.48,PayPal,Completed,122
TX-007498,CUST-0793,2025-12-12,419.62,PayPal,Completed,390
TX-007499,CUST-0793,2025-07-09,181.34,Credit Card,Completed,333
TX-007500,CUST-0793,2025-05-10,318.2,PayPal,Completed,251
TX-007501,CUST-0794,2025-07-12,466.28,Wire Transfer,Completed,144
TX-007502,CUST-0794,2025-04-11,129.05,PayPal,Completed,399
TX-007503,CUST-0794,2026-01-09,437.26,Wire Transfer,Completed,367
TX-007504,CUST-0794,2026-01-01,166.75,PayPal,Completed,102
TX-007505,CUST-0794,2025-02-15,127.97,PayPal,Completed,100
TX-007506,CUST-0794,2025-12-05,433.12,PayPal,Completed,372
TX-007507,CUST-0794,2025-11-24,379.81,Credit Card,Failed,223
TX-007508,CUST-0794,2025-09-06,350.94,Wire Transfer,Refunded,395
TX-007509,CUST-0795,2026-01-03,353.02,ACH Direct Debit,Completed,397
TX-007510,CUST-0795,2025-02-26,287.11,Wire Transfer,Completed,126
TX-007511,CUST-0795,2025-02-17,406.4,Wire Transfer,Completed,297
TX-007512,CUST-0795,2025-04-23,61.5,Credit Card,Refunded,311
TX-007513,CUST-0795,2025-12-12,69.93,Credit Card,Completed,88
TX-007514,CUST-0795,2025-03-20,464.96,ACH Direct Debit,Completed,352
TX-007515,CUST-0795,2025-10-23,349.56,PayPal,Completed,420
TX-007516,CUST-0796,2025-11-08,444.89,PayPal,Completed,258
TX-007517,CUST-0796,2025-12-04,60.0,PayPal,Completed,410
TX-007518,CUST-0796,2025-05-30,457.66,Wire Transfer,Completed,169
TX-007519,CUST-0796,2025-10-31,490.48,Credit Card,Completed,158
TX-007520,CUST-0796,2025-12-06,103.7,Wire Transfer,Failed,209
TX-007521,CUST-0796,2025-01-30,135.97,PayPal,Completed,251
TX-007522,CUST-0796,2025-06-14,34.71,Wire Transfer,Completed,404
TX-007523,CUST-0796,2025-11-15,347.2,ACH Direct Debit,Completed,145
TX-007524,CUST-0796,2025-11-12,143.52,Credit Card,Failed,370
TX-007525,CUST-0796,2025-01-13,209.98,Wire Transfer,Completed,190
TX-007526,CUST-0797,2025-07-16,485.99,PayPal,Failed,185
TX-007527,CUST-0797,2025-10-04,344.83,ACH Direct Debit,Completed,228
TX-007528,CUST-0797,2025-09-24,319.4,PayPal,Failed,195
TX-007529,CUST-0797,2025-10-08,192.19,Credit Card,Completed,168
TX-007530,CUST-0797,2025-12-15,463.73,PayPal,Completed,261
TX-007531,CUST-0797,2026-02-01,174.84,Credit Card,Completed,326
TX-007532,CUST-0797,2025-08-17,157.38,ACH Direct Debit,Completed,356
TX-007533,CUST-0797,2025-01-08,487.55,ACH Direct Debit,Completed,162
TX-007534,CUST-0797,2025-08-22,184.26,PayPal,Completed,143
TX-007535,CUST-0797,2026-01-19,451.54,Credit Card,Completed,346
TX-007536,CUST-0798,2025-04-17,112.69,Wire Transfer,Completed,129
TX-007537,CUST-0798,2025-11-24,258.79,Wire Transfer,Completed,109
TX-007538,CUST-0798,2026-01-21,444.23,ACH Direct Debit,Completed,379
TX-007539,CUST-0799,2025-07-02,445.77,Credit Card,Completed,295
TX-007540,CUST-0799,2025-11-26,56.22,Wire Transfer,Completed,293
TX-007541,CUST-0799,2025-04-17,359.92,ACH Direct Debit,Completed,156
TX-007542,CUST-0799,2025-07-18,231.83,Credit Card,Completed,393
TX-007543,CUST-0799,2025-03-26,259.88,Wire Transfer,Completed,125
TX-007544,CUST-0799,2025-06-05,201.28,PayPal,Completed,252
TX-007545,CUST-0799,2025-07-23,470.27,Wire Transfer,Completed,107
TX-007546,CUST-0799,2025-11-03,469.45,PayPal,Completed,381
TX-007547,CUST-0800,2025-06-02,65.29,ACH Direct Debit,Completed,261
TX-007548,CUST-0800,2025-08-07,427.61,Wire Transfer,Completed,359
TX-007549,CUST-0800,2025-06-28,481.82,ACH Direct Debit,Completed,335
TX-007550,CUST-0800,2025-06-09,497.72,PayPal,Completed,373
TX-007551,CUST-0800,2025-12-13,263.43,ACH Direct Debit,Completed,239
TX-007552,CUST-0800,2025-07-07,472.3,ACH Direct Debit,Completed,312
TX-007553,CUST-0800,2025-05-24,436.22,Credit Card,Completed,266
TX-007554,CUST-0800,2025-06-10,319.64,ACH Direct Debit,Completed,244
TX-007555,CUST-0800,2025-01-02,175.89,ACH Direct Debit,Completed,209
TX-007556,CUST-0800,2025-11-13,197.84,PayPal,Completed,354
TX-007557,CUST-0800,2025-12-19,216.79,Wire Transfer,Completed,396
TX-007558,CUST-0800,2025-09-16,204.5,ACH Direct Debit,Completed,127
TX-007559,CUST-0800,2025-06-19,30.03,Wire Transfer,Completed,402
TX-007560,CUST-0800,2025-04-03,187.28,Wire Transfer,Completed,189
TX-007561,CUST-0800,2025-10-25,414.0,ACH Direct Debit,Completed,210
TX-007562,CUST-0800,2025-03-10,452.07,Credit Card,Failed,240
TX-007563,CUST-0801,2025-05-31,270.4,PayPal,Completed,316
TX-007564,CUST-0801,2025-12-10,75.85,Wire Transfer,Completed,243
TX-007565,CUST-0801,2026-01-09,492.87,Wire Transfer,Refunded,398
TX-007566,CUST-0801,2025-06-19,265.1,Credit Card,Completed,367
TX-007567,CUST-0801,2025-08-10,307.48,PayPal,Failed,253
TX-007568,CUST-0801,2025-03-15,92.73,Credit Card,Completed,408
TX-007569,CUST-0801,2025-03-08,495.97,Credit Card,Completed,97
TX-007570,CUST-0801,2025-09-12,343.66,Credit Card,Completed,309
TX-007571,CUST-0801,2025-03-04,67.39,ACH Direct Debit,Completed,291
TX-007572,CUST-0801,2025-01-14,295.33,Credit Card,Failed,124
TX-007573,CUST-0801,2025-06-11,344.64,ACH Direct Debit,Completed,239
TX-007574,CUST-0801,2025-11-22,429.31,PayPal,Completed,306
TX-007575,CUST-0801,2025-02-01,43.16,Wire Transfer,Completed,390
TX-007576,CUST-0801,2025-05-15,458.21,PayPal,Completed,258
TX-007577,CUST-0801,2025-03-28,71.84,PayPal,Completed,158
TX-007578,CUST-0801,2026-02-21,72.21,ACH Direct Debit,Completed,354
TX-007579,CUST-0802,2025-05-19,298.03,PayPal,Completed,355
TX-007580,CUST-0802,2025-06-18,46.37,Credit Card,Completed,136
TX-007581,CUST-0802,2025-11-07,52.63,ACH Direct Debit,Completed,264
TX-007582,CUST-0802,2025-01-02,491.68,Credit Card,Refunded,371
TX-007583,CUST-0802,2025-12-16,218.9,Credit Card,Completed,291
TX-007584,CUST-0802,2025-04-19,387.41,PayPal,Completed,162
TX-007585,CUST-0802,2026-02-08,435.26,PayPal,Completed,382
TX-007586,CUST-0802,2025-10-29,419.99,Credit Card,Completed,156
TX-007587,CUST-0803,2025-07-29,304.02,Credit Card,Completed,144
TX-007588,CUST-0803,2026-02-25,206.06,Credit Card,Completed,418
TX-007589,CUST-0803,2025-08-11,446.62,ACH Direct Debit,Completed,405
TX-007590,CUST-0803,2025-03-05,39.14,Credit Card,Completed,190
TX-007591,CUST-0803,2025-12-03,94.63,ACH Direct Debit,Completed,207
TX-007592,CUST-0803,2025-10-26,81.55,PayPal,Completed,315
TX-007593,CUST-0803,2025-11-04,152.84,ACH Direct Debit,Failed,252
TX-007594,CUST-0803,2025-04-13,126.12,PayPal,Completed,337
TX-007595,CUST-0803,2025-10-31,355.57,ACH Direct Debit,Completed,351
TX-007596,CUST-0803,2025-01-02,83.11,Credit Card,Completed,397
TX-007597,CUST-0803,2025-03-03,368.8,Wire Transfer,Completed,317
TX-007598,CUST-0803,2025-04-17,124.96,ACH Direct Debit,Completed,160
TX-007599,CUST-0803,2025-01-07,344.51,ACH Direct Debit,Completed,125
TX-007600,CUST-0803,2026-01-31,312.8,Credit Card,Completed,336
TX-007601,CUST-0804,2025-09-20,370.59,Credit Card,Completed,163
TX-007602,CUST-0804,2025-09-17,470.97,PayPal,Completed,102
TX-007603,CUST-0804,2025-12-04,412.64,ACH Direct Debit,Completed,237
TX-007604,CUST-0804,2025-09-21,394.86,PayPal,Completed,125
TX-007605,CUST-0804,2025-10-28,196.03,Wire Transfer,Completed,92
TX-007606,CUST-0804,2025-12-09,439.07,Wire Transfer,Completed,377
TX-007607,CUST-0804,2025-09-19,168.49,Credit Card,Completed,124
TX-007608,CUST-0804,2025-10-04,406.34,Credit Card,Completed,189
TX-007609,CUST-0804,2025-05-03,262.38,Wire Transfer,Completed,182
TX-007610,CUST-0804,2025-01-31,424.62,PayPal,Completed,317
TX-007611,CUST-0804,2025-12-29,409.22,PayPal,Completed,189
TX-007612,CUST-0804,2025-09-24,84.15,Credit Card,Completed,158
TX-007613,CUST-0804,2025-02-11,325.24,ACH Direct Debit,Completed,154
TX-007614,CUST-0804,2025-11-12,226.67,Credit Card,Completed,222
TX-007615,CUST-0804,2025-02-17,211.13,Wire Transfer,Completed,399
TX-007616,CUST-0804,2025-01-23,271.65,ACH Direct Debit,Completed,142
TX-007617,CUST-0805,2026-02-01,338.52,Wire Transfer,Completed,400
TX-007618,CUST-0805,2025-07-19,101.61,Wire Transfer,Completed,134
TX-007619,CUST-0805,2026-01-06,186.37,PayPal,Completed,126
TX-007620,CUST-0805,2025-05-12,464.29,Wire Transfer,Completed,371
TX-007621,CUST-0805,2026-02-24,294.81,PayPal,Completed,344
TX-007622,CUST-0805,2025-07-02,157.64,ACH Direct Debit,Completed,373
TX-007623,CUST-0805,2025-03-14,195.35,Credit Card,Completed,150
TX-007624,CUST-0805,2025-05-28,260.06,Credit Card,Refunded,231
TX-007625,CUST-0805,2025-08-18,423.22,Credit Card,Completed,366
TX-007626,CUST-0805,2025-05-15,412.26,PayPal,Completed,220
TX-007627,CUST-0805,2025-08-04,356.07,PayPal,Completed,233
TX-007628,CUST-0805,2026-01-14,179.55,ACH Direct Debit,Completed,336
TX-007629,CUST-0805,2025-06-02,208.09,Credit Card,Completed,361
TX-007630,CUST-0805,2025-05-09,141.97,Credit Card,Completed,360
TX-007631,CUST-0805,2025-05-02,471.39,ACH Direct Debit,Completed,298
TX-007632,CUST-0805,2025-06-24,152.5,ACH Direct Debit,Completed,184
TX-007633,CUST-0806,2026-01-19,395.28,PayPal,Refunded,137
TX-007634,CUST-0806,2025-03-19,106.72,Credit Card,Refunded,237
TX-007635,CUST-0806,2026-01-02,125.67,Credit Card,Completed,182
TX-007636,CUST-0806,2025-04-06,165.35,ACH Direct Debit,Refunded,192
TX-007637,CUST-0806,2025-03-16,50.48,PayPal,Completed,110
TX-007638,CUST-0807,2025-09-02,53.17,Wire Transfer,Completed,294
TX-007639,CUST-0807,2025-11-02,461.01,ACH Direct Debit,Completed,414
TX-007640,CUST-0807,2025-08-22,128.58,Credit Card,Completed,156
TX-007641,CUST-0807,2025-09-29,190.49,PayPal,Completed,402
TX-007642,CUST-0807,2025-12-16,466.56,Wire Transfer,Failed,166
TX-007643,CUST-0807,2025-03-23,475.32,PayPal,Completed,218
TX-007644,CUST-0808,2026-01-08,58.64,Credit Card,Completed,334
TX-007645,CUST-0808,2025-09-28,87.56,Wire Transfer,Completed,383
TX-007646,CUST-0808,2025-10-15,86.45,Wire Transfer,Completed,361
TX-007647,CUST-0808,2026-02-04,331.99,PayPal,Completed,172
TX-007648,CUST-0809,2025-04-07,411.06,ACH Direct Debit,Completed,220
TX-007649,CUST-0809,2025-12-31,76.43,PayPal,Completed,140
TX-007650,CUST-0809,2025-01-26,419.47,Wire Transfer,Failed,420
TX-007651,CUST-0809,2025-05-30,99.71,Credit Card,Refunded,395
TX-007652,CUST-0809,2025-01-13,318.07,ACH Direct Debit,Completed,310
TX-007653,CUST-0809,2025-04-09,134.13,ACH Direct Debit,Completed,191
TX-007654,CUST-0809,2026-01-27,481.54,Credit Card,Completed,320
TX-007655,CUST-0809,2025-09-06,85.85,ACH Direct Debit,Completed,160
TX-007656,CUST-0810,2025-02-09,53.43,Wire Transfer,Completed,132
TX-007657,CUST-0810,2025-08-30,389.66,PayPal,Completed,223
TX-007658,CUST-0810,2025-04-01,499.8,Credit Card,Completed,367
TX-007659,CUST-0810,2025-07-02,97.37,ACH Direct Debit,Completed,182
TX-007660,CUST-0810,2025-09-10,268.16,Credit Card,Completed,293
TX-007661,CUST-0810,2025-02-24,443.24,Credit Card,Completed,265
TX-007662,CUST-0810,2026-01-20,97.65,Wire Transfer,Completed,105
TX-007663,CUST-0810,2025-04-24,75.73,Credit Card,Completed,316
TX-007664,CUST-0810,2025-01-18,39.09,PayPal,Completed,285
TX-007665,CUST-0810,2025-08-30,434.64,Wire Transfer,Refunded,318
TX-007666,CUST-0810,2025-10-08,156.96,Credit Card,Completed,402
TX-007667,CUST-0810,2026-01-17,355.79,ACH Direct Debit,Completed,262
TX-007668,CUST-0811,2025-01-25,465.17,Wire Transfer,Completed,378
TX-007669,CUST-0811,2025-04-09,221.31,PayPal,Refunded,317
TX-007670,CUST-0811,2025-02-27,73.88,Wire Transfer,Failed,341
TX-007671,CUST-0811,2026-01-22,368.44,ACH Direct Debit,Completed,269
TX-007672,CUST-0811,2025-01-13,200.58,Wire Transfer,Completed,307
TX-007673,CUST-0811,2025-12-13,194.7,PayPal,Completed,153
TX-007674,CUST-0812,2026-02-15,214.86,ACH Direct Debit,Completed,419
TX-007675,CUST-0812,2025-04-24,411.52,PayPal,Completed,122
TX-007676,CUST-0812,2025-11-01,477.52,PayPal,Completed,272
TX-007677,CUST-0812,2026-01-18,464.95,Wire Transfer,Completed,156
TX-007678,CUST-0812,2025-08-14,104.83,ACH Direct Debit,Completed,298
TX-007679,CUST-0812,2026-01-17,427.16,ACH Direct Debit,Completed,321
TX-007680,CUST-0812,2025-06-05,332.69,PayPal,Completed,217
TX-007681,CUST-0813,2026-01-23,97.12,PayPal,Completed,162
TX-007682,CUST-0813,2025-11-02,397.41,ACH Direct Debit,Completed,150
TX-007683,CUST-0813,2025-09-30,54.72,ACH Direct Debit,Completed,321
TX-007684,CUST-0813,2025-01-21,356.46,Wire Transfer,Completed,336
TX-007685,CUST-0813,2025-02-05,81.01,PayPal,Completed,253
TX-007686,CUST-0814,2025-10-17,313.4,PayPal,Completed,122
TX-007687,CUST-0814,2025-05-24,411.53,PayPal,Completed,122
TX-007688,CUST-0814,2025-04-20,425.09,ACH Direct Debit,Completed,106
TX-007689,CUST-0814,2025-10-08,42.57,PayPal,Completed,198
TX-007690,CUST-0814,2025-06-30,493.44,PayPal,Completed,189
TX-007691,CUST-0814,2025-05-15,327.81,ACH Direct Debit,Completed,388
TX-007692,CUST-0815,2025-03-10,194.24,Credit Card,Completed,157
TX-007693,CUST-0815,2026-01-10,391.27,ACH Direct Debit,Completed,271
TX-007694,CUST-0815,2025-06-17,219.69,PayPal,Completed,328
TX-007695,CUST-0815,2025-02-01,409.2,ACH Direct Debit,Completed,306
TX-007696,CUST-0815,2026-02-15,256.17,Credit Card,Completed,237
TX-007697,CUST-0815,2025-06-20,279.07,PayPal,Failed,281
TX-007698,CUST-0815,2025-07-11,80.9,Wire Transfer,Completed,383
TX-007699,CUST-0816,2025-05-26,223.98,Wire Transfer,Completed,403
TX-007700,CUST-0816,2025-08-26,188.02,Credit Card,Completed,129
TX-007701,CUST-0816,2026-01-06,99.04,ACH Direct Debit,Completed,263
TX-007702,CUST-0816,2025-04-08,179.54,PayPal,Completed,361
TX-007703,CUST-0816,2025-08-20,56.13,Wire Transfer,Completed,167
TX-007704,CUST-0816,2025-07-12,65.86,PayPal,Completed,85
TX-007705,CUST-0816,2026-02-18,221.45,ACH Direct Debit,Completed,130
TX-007706,CUST-0816,2025-03-22,363.72,Credit Card,Completed,411
TX-007707,CUST-0816,2025-04-19,230.86,Wire Transfer,Completed,82
TX-007708,CUST-0816,2025-03-20,363.31,PayPal,Completed,343
TX-007709,CUST-0816,2025-01-21,63.3,Credit Card,Completed,114
TX-007710,CUST-0816,2026-01-20,146.76,Credit Card,Completed,89
TX-007711,CUST-0816,2025-09-28,154.31,ACH Direct Debit,Completed,377
TX-007712,CUST-0816,2025-09-01,405.85,Credit Card,Refunded,185
TX-007713,CUST-0816,2025-08-02,406.92,Wire Transfer,Completed,304
TX-007714,CUST-0817,2025-06-08,224.48,ACH Direct Debit,Completed,97
TX-007715,CUST-0817,2025-11-23,316.35,Credit Card,Completed,301
TX-007716,CUST-0817,2025-01-01,309.37,Wire Transfer,Completed,107
TX-007717,CUST-0817,2025-07-09,325.97,Credit Card,Completed,278
TX-007718,CUST-0817,2025-10-06,34.08,Wire Transfer,Completed,344
TX-007719,CUST-0817,2026-02-20,2037.19,Credit Card,Failed,1584
TX-007720,CUST-0817,2025-03-18,382.64,ACH Direct Debit,Completed,134
TX-007721,CUST-0817,2025-10-14,419.52,Credit Card,Completed,389
TX-007722,CUST-0817,2026-01-17,46.81,Credit Card,Completed,114
TX-007723,CUST-0817,2026-01-11,208.04,Credit Card,Completed,212
TX-007724,CUST-0818,2026-02-05,209.55,ACH Direct Debit,Completed,390
TX-007725,CUST-0818,2025-02-03,48.64,Credit Card,Completed,219
TX-007726,CUST-0818,2025-02-11,402.0,Wire Transfer,Completed,292
TX-007727,CUST-0819,2025-03-18,379.53,Wire Transfer,Completed,365
TX-007728,CUST-0819,2025-10-30,470.34,ACH Direct Debit,Completed,272
TX-007729,CUST-0819,2025-03-16,81.02,Wire Transfer,Completed,323
TX-007730,CUST-0819,2026-02-21,183.58,PayPal,Completed,379
TX-007731,CUST-0819,2025-01-19,486.87,Credit Card,Completed,155
TX-007732,CUST-0819,2025-09-23,341.79,PayPal,Completed,241
TX-007733,CUST-0819,2025-11-22,276.69,PayPal,Failed,313
TX-007734,CUST-0819,2025-01-02,491.95,Wire Transfer,Failed,147
TX-007735,CUST-0819,2025-08-03,131.18,ACH Direct Debit,Completed,166
TX-007736,CUST-0819,2025-11-19,180.56,Wire Transfer,Failed,329
TX-007737,CUST-0819,2025-03-20,-31.12,Wire Transfer,Failed,203
TX-007738,CUST-0820,2026-02-15,2846.68,ACH Direct Debit,Refunded,3646
TX-007739,CUST-0820,2025-08-06,420.9,Wire Transfer,Completed,311
TX-007740,CUST-0820,2025-04-02,269.83,Wire Transfer,Completed,80
TX-007741,CUST-0820,2025-11-11,59.04,Wire Transfer,Completed,228
TX-007742,CUST-0820,2025-01-17,358.05,ACH Direct Debit,Completed,288
TX-007743,CUST-0820,2026-01-23,423.26,Wire Transfer,Completed,268
TX-007744,CUST-0820,2026-02-10,363.26,Credit Card,Completed,408
TX-007745,CUST-0820,2025-11-23,49.53,ACH Direct Debit,Completed,327
TX-007746,CUST-0820,2025-06-02,416.22,PayPal,Refunded,206
TX-007747,CUST-0820,2025-11-23,266.0,PayPal,Completed,230
TX-007748,CUST-0820,2025-08-28,247.05,ACH Direct Debit,Completed,200
TX-007749,CUST-0820,2025-02-26,191.95,Wire Transfer,Completed,313
TX-007750,CUST-0821,2025-03-31,274.93,Wire Transfer,Completed,185
TX-007751,CUST-0821,2026-02-17,250.17,PayPal,Completed,239
TX-007752,CUST-0821,2025-03-07,264.82,PayPal,Completed,379
TX-007753,CUST-0821,2025-08-08,353.64,Wire Transfer,Completed,215
TX-007754,CUST-0821,2026-01-09,44.13,PayPal,Completed,404
TX-007755,CUST-0821,2025-04-30,210.83,Wire Transfer,Completed,363
TX-007756,CUST-0821,2025-10-11,495.33,Wire Transfer,Completed,185
TX-007757,CUST-0821,2025-06-06,401.05,ACH Direct Debit,Completed,200
TX-007758,CUST-0821,2025-08-02,271.91,ACH Direct Debit,Completed,142
TX-007759,CUST-0821,2026-02-22,201.48,Wire Transfer,Completed,263
TX-007760,CUST-0821,2025-12-07,32.49,Credit Card,Completed,188
TX-007761,CUST-0821,2025-02-27,124.86,Credit Card,Completed,313
TX-007762,CUST-0821,2026-02-10,317.4,Credit Card,Completed,419
TX-007763,CUST-0822,2025-06-09,442.02,Credit Card,Completed,115
TX-007764,CUST-0822,2025-11-22,208.81,PayPal,Completed,110
TX-007765,CUST-0822,2025-03-24,287.94,ACH Direct Debit,Completed,354
TX-007766,CUST-0822,2025-06-22,48.35,ACH Direct Debit,Completed,267
TX-007767,CUST-0823,2025-07-06,40.66,Wire Transfer,Completed,385
TX-007768,CUST-0823,2025-03-03,439.72,Credit Card,Completed,94
TX-007769,CUST-0823,2025-02-01,44.3,Credit Card,Completed,210
TX-007770,CUST-0823,2025-01-19,95.4,ACH Direct Debit,Completed,145
TX-007771,CUST-0823,2025-06-21,216.58,Wire Transfer,Completed,303
TX-007772,CUST-0823,2025-10-11,34.0,Wire Transfer,Completed,163
TX-007773,CUST-0823,2025-03-26,439.53,Credit Card,Completed,288
TX-007774,CUST-0823,2025-02-14,175.42,Wire Transfer,Completed,106
TX-007775,CUST-0823,2025-11-02,266.38,PayPal,Refunded,318
TX-007776,CUST-0823,2025-02-25,155.08,PayPal,Completed,170
TX-007777,CUST-0823,2025-03-10,308.2,PayPal,Completed,267
TX-007778,CUST-0823,2026-01-10,209.29,Wire Transfer,Completed,176
TX-007779,CUST-0823,2026-01-08,267.94,Wire Transfer,Completed,286
TX-007780,CUST-0824,2025-10-04,371.34,PayPal,Completed,234
TX-007781,CUST-0824,2025-09-30,163.66,PayPal,Completed,201
TX-007782,CUST-0824,2025-09-08,442.25,ACH Direct Debit,Failed,335
TX-007783,CUST-0824,2026-02-15,417.09,ACH Direct Debit,Completed,245
TX-007784,CUST-0824,2025-10-16,291.25,PayPal,Completed,166
TX-007785,CUST-0824,2025-06-24,192.07,Wire Transfer,Failed,408
TX-007786,CUST-0824,2025-03-04,40.02,ACH Direct Debit,Completed,400
TX-007787,CUST-0824,2025-03-02,81.47,PayPal,Completed,317
TX-007788,CUST-0824,2026-02-14,161.49,PayPal,Completed,407
TX-007789,CUST-0824,2025-08-14,360.63,ACH Direct Debit,Failed,271
TX-007790,CUST-0824,2025-11-01,113.06,Wire Transfer,Completed,196
TX-007791,CUST-0824,2026-01-10,422.47,Wire Transfer,Completed,418
TX-007792,CUST-0824,2025-12-02,192.81,Wire Transfer,Completed,175
TX-007793,CUST-0824,2025-11-24,203.54,ACH Direct Debit,Completed,307
TX-007794,CUST-0825,2026-01-18,132.55,PayPal,Completed,258
TX-007795,CUST-0825,2025-09-29,368.11,Credit Card,Completed,91
TX-007796,CUST-0825,2026-01-13,412.64,Wire Transfer,Completed,254
TX-007797,CUST-0825,2025-12-08,126.93,PayPal,Completed,285
TX-007798,CUST-0825,2025-10-16,327.03,PayPal,Completed,119
TX-007799,CUST-0825,2025-06-09,133.53,ACH Direct Debit,Completed,355
TX-007800,CUST-0825,2025-02-05,138.56,Credit Card,Completed,386
TX-007801,CUST-0825,2025-01-29,459.57,Wire Transfer,Completed,217
TX-007802,CUST-0825,2025-06-19,233.61,ACH Direct Debit,Completed,322
TX-007803,CUST-0825,2026-02-07,161.89,ACH Direct Debit,Completed,178
TX-007804,CUST-0825,2025-02-12,4529.76,ACH Direct Debit,Refunded,2078
TX-007805,CUST-0825,2025-10-13,167.83,Credit Card,Completed,316
TX-007806,CUST-0825,2025-06-11,134.45,ACH Direct Debit,Completed,145
TX-007807,CUST-0826,2026-01-19,474.08,Credit Card,Completed,271
TX-007808,CUST-0826,2025-12-17,468.62,ACH Direct Debit,Completed,354
TX-007809,CUST-0826,2025-09-23,184.93,PayPal,Completed,224
TX-007810,CUST-0826,2026-02-25,298.77,ACH Direct Debit,Completed,117
TX-007811,CUST-0826,2026-01-23,329.49,Wire Transfer,Failed,234
TX-007812,CUST-0826,2025-07-18,381.8,Credit Card,Completed,340
TX-007813,CUST-0826,2026-01-02,145.4,PayPal,Completed,202
TX-007814,CUST-0826,2026-01-14,87.53,Credit Card,Completed,162
TX-007815,CUST-0826,2025-08-07,415.0,Credit Card,Completed,177
TX-007816,CUST-0826,2025-08-14,375.3,ACH Direct Debit,Completed,392
TX-007817,CUST-0826,2025-02-10,334.55,PayPal,Completed,223
TX-007818,CUST-0826,2025-06-07,464.16,PayPal,Completed,77
TX-007819,CUST-0826,2026-02-05,188.35,ACH Direct Debit,Completed,305
TX-007820,CUST-0826,2025-05-29,86.92,PayPal,Completed,290
TX-007821,CUST-0826,2025-02-21,265.67,Wire Transfer,Completed,200
TX-007822,CUST-0826,2025-07-07,134.19,Wire Transfer,Completed,199
TX-007823,CUST-0827,2025-06-20,244.68,ACH Direct Debit,Completed,333
TX-007824,CUST-0827,2025-01-29,243.01,ACH Direct Debit,Completed,247
TX-007825,CUST-0827,2025-08-07,230.58,PayPal,Completed,369
TX-007826,CUST-0828,2025-09-21,470.15,Credit Card,Completed,293
TX-007827,CUST-0828,2025-08-04,271.06,Wire Transfer,Completed,252
TX-007828,CUST-0828,2025-03-11,211.18,Credit Card,Completed,329
TX-007829,CUST-0829,2025-12-30,152.05,PayPal,Completed,214
TX-007830,CUST-0829,2025-04-11,297.34,PayPal,Completed,338
TX-007831,CUST-0829,2025-10-26,400.16,Credit Card,Completed,78
TX-007832,CUST-0829,2025-10-10,340.24,ACH Direct Debit,Completed,337
TX-007833,CUST-0829,2025-11-20,131.86,Wire Transfer,Completed,137
TX-007834,CUST-0829,2025-09-02,68.18,Wire Transfer,Completed,378
TX-007835,CUST-0829,2025-10-14,425.27,Wire Transfer,Completed,387
TX-007836,CUST-0829,2025-02-19,2934.64,PayPal,Refunded,1803
TX-007837,CUST-0829,2025-08-22,2522.09,ACH Direct Debit,Refunded,3629
TX-007838,CUST-0829,2025-12-17,425.83,PayPal,Completed,139
TX-007839,CUST-0829,2025-11-02,397.86,Wire Transfer,Completed,340
TX-007840,CUST-0829,2025-09-19,80.46,PayPal,Completed,281
TX-007841,CUST-0829,2026-02-11,382.25,Wire Transfer,Completed,325
TX-007842,CUST-0830,2025-11-11,390.84,Credit Card,Completed,223
TX-007843,CUST-0830,2025-05-03,183.29,ACH Direct Debit,Completed,325
TX-007844,CUST-0830,2026-02-14,115.71,ACH Direct Debit,Completed,250
TX-007845,CUST-0830,2025-08-05,339.84,PayPal,Completed,340
TX-007846,CUST-0831,2026-01-21,442.4,Wire Transfer,Completed,247
TX-007847,CUST-0831,2025-11-02,81.56,PayPal,Completed,123
TX-007848,CUST-0831,2025-10-01,355.82,Wire Transfer,Completed,348
TX-007849,CUST-0831,2025-05-28,87.1,PayPal,Completed,87
TX-007850,CUST-0831,2025-07-25,35.82,ACH Direct Debit,Completed,378
TX-007851,CUST-0831,2025-06-16,239.55,PayPal,Completed,226
TX-007852,CUST-0831,2025-06-05,363.16,ACH Direct Debit,Completed,133
TX-007853,CUST-0831,2025-04-22,318.95,Wire Transfer,Completed,165
TX-007854,CUST-0831,2025-06-18,455.58,PayPal,Failed,325
TX-007855,CUST-0832,2025-01-21,452.94,PayPal,Completed,186
TX-007856,CUST-0832,2025-02-03,127.76,ACH Direct Debit,Completed,269
TX-007857,CUST-0832,2025-06-15,355.86,Wire Transfer,Completed,294
TX-007858,CUST-0832,2025-10-07,260.48,Credit Card,Completed,320
TX-007859,CUST-0832,2025-04-27,174.72,Wire Transfer,Completed,197
TX-007860,CUST-0832,2025-05-15,436.04,ACH Direct Debit,Completed,292
TX-007861,CUST-0832,2025-03-11,317.11,ACH Direct Debit,Failed,392
TX-007862,CUST-0832,2025-07-15,202.34,ACH Direct Debit,Completed,96
TX-007863,CUST-0832,2025-11-20,53.15,ACH Direct Debit,Completed,385
TX-007864,CUST-0832,2025-08-14,431.83,Credit Card,Completed,206
TX-007865,CUST-0832,2025-01-18,435.3,ACH Direct Debit,Completed,361
TX-007866,CUST-0832,2025-03-04,382.19,Credit Card,Completed,341
TX-007867,CUST-0832,2025-01-07,132.38,Wire Transfer,Completed,215
TX-007868,CUST-0832,2025-06-21,376.42,Credit Card,Completed,319
TX-007869,CUST-0832,2025-09-06,123.11,Credit Card,Completed,144
TX-007870,CUST-0832,2025-04-19,700.68,PayPal,Refunded,2652
TX-007871,CUST-0833,2025-09-14,468.08,ACH Direct Debit,Completed,335
TX-007872,CUST-0833,2025-09-27,288.08,ACH Direct Debit,Completed,254
TX-007873,CUST-0833,2025-11-14,374.26,Credit Card,Completed,372
TX-007874,CUST-0833,2025-05-30,440.69,ACH Direct Debit,Completed,383
TX-007875,CUST-0834,2025-11-28,437.74,Wire Transfer,Completed,267
TX-007876,CUST-0834,2026-02-14,135.89,Wire Transfer,Completed,256
TX-007877,CUST-0834,2025-03-10,388.1,ACH Direct Debit,Completed,278
TX-007878,CUST-0834,2025-10-05,486.45,Wire Transfer,Completed,367
TX-007879,CUST-0835,2025-01-11,137.62,Wire Transfer,Completed,244
TX-007880,CUST-0835,2025-01-26,442.77,PayPal,Completed,208
TX-007881,CUST-0835,2026-01-22,109.15,Credit Card,Completed,283
TX-007882,CUST-0836,2025-04-25,131.52,PayPal,Completed,363
TX-007883,CUST-0836,2025-09-01,235.5,ACH Direct Debit,Completed,397
TX-007884,CUST-0836,2025-12-19,63.21,Wire Transfer,Completed,213
TX-007885,CUST-0836,2026-01-22,367.69,Wire Transfer,Completed,229
TX-007886,CUST-0836,2025-09-25,479.75,ACH Direct Debit,Completed,278
TX-007887,CUST-0836,2025-07-30,260.73,Wire Transfer,Failed,400
TX-007888,CUST-0836,2025-06-21,171.01,Wire Transfer,Refunded,109
TX-007889,CUST-0836,2025-03-03,191.89,Wire Transfer,Completed,415
TX-007890,CUST-0836,2025-12-17,443.32,PayPal,Completed,403
TX-007891,CUST-0836,2025-05-06,490.53,PayPal,Completed,100
TX-007892,CUST-0836,2025-10-23,463.63,PayPal,Completed,90
TX-007893,CUST-0836,2025-02-23,489.22,PayPal,Completed,185
TX-007894,CUST-0836,2025-04-04,445.69,Wire Transfer,Completed,202
TX-007895,CUST-0836,2025-06-03,414.11,ACH Direct Debit,Completed,107
TX-007896,CUST-0836,2025-03-05,406.88,ACH Direct Debit,Completed,321
TX-007897,CUST-0837,2025-02-08,387.03,PayPal,Completed,315
TX-007898,CUST-0837,2026-01-08,96.32,Credit Card,Completed,387
TX-007899,CUST-0837,2026-02-22,78.7,Wire Transfer,Completed,211
TX-007900,CUST-0837,2025-02-11,363.01,Credit Card,Completed,320
TX-007901,CUST-0837,2026-01-10,468.59,Wire Transfer,Completed,290
TX-007902,CUST-0838,2025-05-21,353.09,Credit Card,Completed,215
TX-007903,CUST-0838,2025-11-15,453.16,ACH Direct Debit,Completed,399
TX-007904,CUST-0838,2025-07-20,110.7,ACH Direct Debit,Completed,254
TX-007905,CUST-0838,2025-06-12,465.23,ACH Direct Debit,Completed,296
TX-007906,CUST-0838,2025-03-25,422.87,PayPal,Completed,184
TX-007907,CUST-0839,2026-01-20,240.82,Credit Card,Completed,312
TX-007908,CUST-0839,2025-10-22,307.64,Credit Card,Completed,410
TX-007909,CUST-0839,2025-09-10,208.45,ACH Direct Debit,Completed,75
TX-007910,CUST-0839,2025-11-23,35.31,ACH Direct Debit,Completed,406
TX-007911,CUST-0839,2026-02-01,105.59,PayPal,Completed,247
TX-007912,CUST-0839,2025-04-11,30.04,ACH Direct Debit,Completed,187
TX-007913,CUST-0839,2025-09-14,329.45,PayPal,Completed,221
TX-007914,CUST-0839,2025-10-16,174.53,ACH Direct Debit,Completed,412
TX-007915,CUST-0839,2025-10-05,333.4,ACH Direct Debit,Completed,230
TX-007916,CUST-0839,2025-12-23,157.72,Wire Transfer,Completed,166
TX-007917,CUST-0839,2025-03-27,207.7,Credit Card,Completed,281
TX-007918,CUST-0839,2025-11-28,351.97,ACH Direct Debit,Refunded,265
TX-007919,CUST-0839,2025-09-30,202.98,ACH Direct Debit,Completed,242
TX-007920,CUST-0839,2025-06-16,130.75,ACH Direct Debit,Completed,208
TX-007921,CUST-0840,2025-04-16,38.49,Wire Transfer,Completed,188
TX-007922,CUST-0840,2025-06-27,489.88,Wire Transfer,Completed,207
TX-007923,CUST-0840,2025-08-04,214.82,Credit Card,Completed,266
TX-007924,CUST-0840,2025-10-20,162.19,ACH Direct Debit,Failed,264
TX-007925,CUST-0840,2025-04-29,76.08,ACH Direct Debit,Completed,152
TX-007926,CUST-0840,2025-08-05,113.34,ACH Direct Debit,Completed,204
TX-007927,CUST-0840,2025-01-02,124.67,Credit Card,Completed,332
TX-007928,CUST-0841,2025-01-26,97.91,ACH Direct Debit,Completed,345
TX-007929,CUST-0841,2025-05-20,83.21,ACH Direct Debit,Completed,375
TX-007930,CUST-0841,2025-11-10,254.82,Wire Transfer,Completed,402
TX-007931,CUST-0842,2025-09-16,121.98,Wire Transfer,Completed,303
TX-007932,CUST-0842,2025-10-10,368.27,Wire Transfer,Completed,372
TX-007933,CUST-0842,2025-06-26,270.98,ACH Direct Debit,Completed,182
TX-007934,CUST-0842,2025-10-03,78.17,Wire Transfer,Completed,253
TX-007935,CUST-0842,2025-05-08,186.33,Wire Transfer,Completed,400
TX-007936,CUST-0842,2025-09-03,285.41,Credit Card,Completed,398
TX-007937,CUST-0843,2025-11-06,275.7,ACH Direct Debit,Completed,339
TX-007938,CUST-0843,2025-01-16,343.44,PayPal,Completed,223
TX-007939,CUST-0843,2025-01-30,284.36,ACH Direct Debit,Completed,153
TX-007940,CUST-0843,2025-04-05,281.26,ACH Direct Debit,Completed,305
TX-007941,CUST-0843,2026-01-15,491.04,ACH Direct Debit,Completed,350
TX-007942,CUST-0843,2025-12-10,364.64,Credit Card,Completed,321
TX-007943,CUST-0843,2025-11-08,51.34,ACH Direct Debit,Completed,299
TX-007944,CUST-0843,2025-09-14,476.32,Credit Card,Completed,366
TX-007945,CUST-0843,2025-07-05,131.3,Wire Transfer,Completed,96
TX-007946,CUST-0843,2025-05-12,95.93,PayPal,Completed,195
TX-007947,CUST-0843,2025-10-12,355.67,PayPal,Completed,274
TX-007948,CUST-0843,2026-02-04,314.66,Credit Card,Completed,284
TX-007949,CUST-0844,2025-03-14,302.75,ACH Direct Debit,Failed,196
TX-007950,CUST-0844,2025-04-04,154.27,PayPal,Completed,179
TX-007951,CUST-0844,2025-09-01,389.78,PayPal,Completed,413
TX-007952,CUST-0844,2025-01-18,35.29,PayPal,Completed,228
TX-007953,CUST-0844,2025-09-26,394.15,ACH Direct Debit,Completed,88
TX-007954,CUST-0844,2025-08-11,452.71,PayPal,Completed,366
TX-007955,CUST-0845,2026-02-13,441.96,Credit Card,Failed,83
TX-007956,CUST-0845,2025-05-17,319.68,PayPal,Completed,314
TX-007957,CUST-0845,2026-01-05,315.46,PayPal,Completed,190
TX-007958,CUST-0845,2025-05-01,495.96,Credit Card,Completed,391
TX-007959,CUST-0845,2026-01-02,58.9,ACH Direct Debit,Completed,368
TX-007960,CUST-0845,2025-08-22,96.94,ACH Direct Debit,Completed,294
TX-007961,CUST-0845,2026-01-09,347.23,Wire Transfer,Failed,240
TX-007962,CUST-0845,2025-01-18,34.92,PayPal,Completed,144
TX-007963,CUST-0845,2026-01-15,58.15,ACH Direct Debit,Completed,289
TX-007964,CUST-0845,2026-01-27,449.64,Credit Card,Completed,363
TX-007965,CUST-0845,2025-06-13,80.89,Credit Card,Completed,358
TX-007966,CUST-0845,2025-03-01,467.4,Credit Card,Completed,111
TX-007967,CUST-0845,2025-09-12,1555.03,PayPal,Failed,4006
TX-007968,CUST-0846,2025-09-29,445.77,Wire Transfer,Completed,366
TX-007969,CUST-0846,2025-03-15,437.32,PayPal,Failed,257
TX-007970,CUST-0846,2025-04-04,129.7,PayPal,Completed,230
TX-007971,CUST-0846,2025-05-24,390.39,Credit Card,Completed,367
TX-007972,CUST-0846,2025-08-17,218.95,Wire Transfer,Failed,181
TX-007973,CUST-0846,2025-10-10,67.19,Credit Card,Completed,242
TX-007974,CUST-0846,2025-09-04,36.23,PayPal,Completed,419
TX-007975,CUST-0846,2025-12-29,60.63,Credit Card,Completed,181
TX-007976,CUST-0847,2026-02-07,59.94,Credit Card,Completed,323
TX-007977,CUST-0847,2025-02-02,243.09,Wire Transfer,Completed,87
TX-007978,CUST-0847,2025-09-29,98.27,ACH Direct Debit,Completed,142
TX-007979,CUST-0847,2025-03-11,267.5,Wire Transfer,Completed,195
TX-007980,CUST-0847,2025-10-10,164.84,Credit Card,Completed,113
TX-007981,CUST-0847,2025-06-14,210.16,Credit Card,Completed,172
TX-007982,CUST-0847,2025-03-18,336.73,ACH Direct Debit,Completed,354
TX-007983,CUST-0847,2025-06-16,153.82,PayPal,Completed,109
TX-007984,CUST-0847,2025-05-20,481.83,ACH Direct Debit,Completed,198
TX-007985,CUST-0847,2025-06-30,495.33,ACH Direct Debit,Completed,393
TX-007986,CUST-0847,2025-11-25,426.89,ACH Direct Debit,Completed,265
TX-007987,CUST-0847,2025-06-06,278.86,Wire Transfer,Completed,279
TX-007988,CUST-0847,2025-01-15,433.21,ACH Direct Debit,Completed,99
TX-007989,CUST-0848,2025-10-27,334.9,Credit Card,Completed,395
TX-007990,CUST-0848,2025-07-04,34.94,Wire Transfer,Completed,419
TX-007991,CUST-0848,2025-06-21,54.74,ACH Direct Debit,Completed,266
TX-007992,CUST-0849,2025-01-29,427.83,Credit Card,Refunded,89
TX-007993,CUST-0849,2025-09-19,430.71,ACH Direct Debit,Completed,309
TX-007994,CUST-0849,2025-10-03,448.92,Wire Transfer,Completed,318
TX-007995,CUST-0849,2025-10-26,75.22,ACH Direct Debit,Completed,324
TX-007996,CUST-0849,2025-03-19,441.88,PayPal,Completed,96
TX-007997,CUST-0849,2025-03-20,68.85,ACH Direct Debit,Completed,365
TX-007998,CUST-0849,2026-02-18,428.0,ACH Direct Debit,Completed,88
TX-007999,CUST-0849,2026-02-05,157.84,Wire Transfer,Completed,232
TX-008000,CUST-0849,2025-03-28,67.91,Wire Transfer,Completed,398
TX-008001,CUST-0849,2025-08-12,334.58,ACH Direct Debit,Completed,143
TX-008002,CUST-0849,2025-04-09,496.25,Wire Transfer,Completed,130
TX-008003,CUST-0849,2025-01-04,317.67,PayPal,Completed,199
TX-008004,CUST-0849,2025-07-09,489.77,Credit Card,Failed,348
TX-008005,CUST-0849,2025-04-17,175.08,Wire Transfer,Completed,175
TX-008006,CUST-0849,2025-09-21,238.2,ACH Direct Debit,Completed,261
TX-008007,CUST-0849,2025-10-10,214.56,PayPal,Completed,92
TX-008008,CUST-0850,2025-01-21,44.75,PayPal,Completed,359
TX-008009,CUST-0850,2025-12-25,384.22,PayPal,Completed,242
TX-008010,CUST-0850,2025-01-28,459.05,PayPal,Completed,213
TX-008011,CUST-0850,2025-08-21,284.01,ACH Direct Debit,Failed,100
TX-008012,CUST-0850,2025-11-14,484.32,Credit Card,Completed,215
TX-008013,CUST-0850,2026-02-14,162.56,Credit Card,Completed,341
TX-008014,CUST-0850,2025-06-27,344.76,PayPal,Failed,133
TX-008015,CUST-0850,2025-08-07,220.98,PayPal,Completed,411
TX-008016,CUST-0850,2025-02-26,243.45,ACH Direct Debit,Completed,283
TX-008017,CUST-0850,2025-03-14,458.03,PayPal,Completed,349
TX-008018,CUST-0850,2026-02-06,177.44,Wire Transfer,Completed,399
TX-008019,CUST-0851,2026-02-15,263.25,PayPal,Completed,384
TX-008020,CUST-0851,2025-11-13,311.78,Wire Transfer,Completed,192
TX-008021,CUST-0851,2025-04-30,450.21,ACH Direct Debit,Completed,294
TX-008022,CUST-0851,2025-08-08,487.07,Credit Card,Completed,233
TX-008023,CUST-0851,2025-09-27,334.62,Wire Transfer,Completed,272
TX-008024,CUST-0851,2025-07-26,132.42,Wire Transfer,Completed,105
TX-008025,CUST-0851,2025-04-13,70.75,Wire Transfer,Completed,397
TX-008026,CUST-0851,2025-06-26,232.56,Wire Transfer,Completed,302
TX-008027,CUST-0851,2025-09-06,268.18,Wire Transfer,Completed,227
TX-008028,CUST-0851,2025-08-17,110.28,Credit Card,Completed,392
TX-008029,CUST-0852,2026-01-26,208.72,Wire Transfer,Completed,283
TX-008030,CUST-0852,2025-06-27,275.45,PayPal,Refunded,342
TX-008031,CUST-0852,2025-12-05,122.6,ACH Direct Debit,Completed,235
TX-008032,CUST-0852,2025-06-05,37.1,ACH Direct Debit,Completed,303
TX-008033,CUST-0852,2025-04-10,316.74,ACH Direct Debit,Completed,396
TX-008034,CUST-0852,2025-06-27,221.44,Credit Card,Completed,376
TX-008035,CUST-0852,2025-07-17,88.61,PayPal,Completed,223
TX-008036,CUST-0852,2025-03-05,70.58,PayPal,Completed,236
TX-008037,CUST-0852,2025-02-09,304.96,PayPal,Completed,139
TX-008038,CUST-0852,2025-03-08,271.52,Credit Card,Completed,234
TX-008039,CUST-0853,2025-08-07,427.1,ACH Direct Debit,Completed,306
TX-008040,CUST-0853,2025-05-09,315.21,Wire Transfer,Completed,231
TX-008041,CUST-0853,2025-09-10,353.87,PayPal,Completed,166
TX-008042,CUST-0853,2025-07-15,318.12,PayPal,Completed,419
TX-008043,CUST-0854,2025-06-29,444.11,PayPal,Completed,318
TX-008044,CUST-0854,2025-01-04,370.2,ACH Direct Debit,Completed,211
TX-008045,CUST-0854,2025-09-17,62.34,PayPal,Completed,324
TX-008046,CUST-0854,2025-09-04,331.91,Credit Card,Completed,228
TX-008047,CUST-0855,2025-10-26,198.46,Wire Transfer,Completed,408
TX-008048,CUST-0855,2025-10-05,258.58,ACH Direct Debit,Completed,356
TX-008049,CUST-0855,2025-03-31,309.54,Credit Card,Completed,114
TX-008050,CUST-0855,2025-10-01,150.9,ACH Direct Debit,Completed,340
TX-008051,CUST-0855,2025-10-04,176.14,Wire Transfer,Completed,314
TX-008052,CUST-0855,2025-11-30,446.13,Credit Card,Completed,384
TX-008053,CUST-0855,2026-02-08,176.51,Credit Card,Completed,216
TX-008054,CUST-0856,2025-01-12,341.61,Credit Card,Completed,76
TX-008055,CUST-0856,2025-12-12,316.8,ACH Direct Debit,Completed,117
TX-008056,CUST-0856,2025-04-29,129.17,ACH Direct Debit,Completed,327
TX-008057,CUST-0856,2025-05-03,365.81,Wire Transfer,Completed,308
TX-008058,CUST-0856,2026-02-05,263.24,Credit Card,Completed,388
TX-008059,CUST-0856,2025-05-15,420.64,Credit Card,Completed,407
TX-008060,CUST-0857,2025-10-27,52.59,Wire Transfer,Completed,257
TX-008061,CUST-0857,2025-03-26,226.61,Wire Transfer,Completed,262
TX-008062,CUST-0857,2025-01-27,483.71,ACH Direct Debit,Completed,251
TX-008063,CUST-0857,2025-04-08,391.37,PayPal,Completed,124
TX-008064,CUST-0857,2026-02-19,318.85,ACH Direct Debit,Completed,149
TX-008065,CUST-0857,2025-02-01,366.06,Wire Transfer,Completed,393
TX-008066,CUST-0857,2025-08-28,1482.55,Credit Card,Failed,2558
TX-008067,CUST-0857,2025-07-18,166.75,Credit Card,Completed,386
TX-008068,CUST-0858,2025-04-13,234.08,Wire Transfer,Refunded,100
TX-008069,CUST-0858,2025-12-24,199.53,Credit Card,Completed,163
TX-008070,CUST-0858,2025-07-31,89.77,Wire Transfer,Completed,369
TX-008071,CUST-0858,2025-04-07,274.7,Wire Transfer,Completed,311
TX-008072,CUST-0858,2025-10-03,333.75,Wire Transfer,Completed,368
TX-008073,CUST-0858,2025-03-21,183.24,PayPal,Completed,217
TX-008074,CUST-0858,2025-04-01,310.35,PayPal,Completed,309
TX-008075,CUST-0858,2025-06-11,78.0,PayPal,Completed,337
TX-008076,CUST-0858,2025-08-12,124.87,PayPal,Completed,326
TX-008077,CUST-0858,2026-01-31,243.41,Wire Transfer,Completed,76
TX-008078,CUST-0858,2025-11-18,63.55,Wire Transfer,Completed,339
TX-008079,CUST-0858,2025-11-25,395.2,PayPal,Completed,166
TX-008080,CUST-0858,2026-01-13,270.32,PayPal,Completed,246
TX-008081,CUST-0858,2026-01-22,398.56,Wire Transfer,Completed,334
TX-008082,CUST-0859,2025-08-06,446.22,PayPal,Completed,362
TX-008083,CUST-0859,2025-03-19,204.67,Wire Transfer,Completed,93
TX-008084,CUST-0859,2025-06-24,353.95,Credit Card,Completed,248
TX-008085,CUST-0859,2025-06-30,59.69,ACH Direct Debit,Completed,221
TX-008086,CUST-0859,2025-01-11,471.95,Wire Transfer,Completed,347
TX-008087,CUST-0859,2026-01-19,150.21,PayPal,Completed,258
TX-008088,CUST-0859,2025-08-01,-448.99,Credit Card,Failed,191
TX-008089,CUST-0859,2025-01-20,406.39,Credit Card,Completed,158
TX-008090,CUST-0859,2026-01-02,95.74,Credit Card,Completed,261
TX-008091,CUST-0859,2026-02-21,226.23,PayPal,Completed,144
TX-008092,CUST-0859,2025-05-13,76.4,Wire Transfer,Completed,159
TX-008093,CUST-0859,2025-11-18,92.54,PayPal,Completed,140
TX-008094,CUST-0860,2025-04-14,456.99,PayPal,Completed,405
TX-008095,CUST-0860,2025-03-05,422.33,ACH Direct Debit,Completed,353
TX-008096,CUST-0860,2025-10-09,265.02,PayPal,Completed,115
TX-008097,CUST-0860,2026-01-25,314.59,Wire Transfer,Completed,291
TX-008098,CUST-0860,2025-04-11,455.99,PayPal,Completed,276
TX-008099,CUST-0860,2026-02-11,156.3,ACH Direct Debit,Completed,95
TX-008100,CUST-0860,2026-01-12,294.44,PayPal,Completed,92
TX-008101,CUST-0860,2025-08-16,68.95,Credit Card,Completed,165
TX-008102,CUST-0861,2025-05-31,190.15,ACH Direct Debit,Completed,361
TX-008103,CUST-0861,2025-11-24,395.75,Wire Transfer,Completed,78
TX-008104,CUST-0861,2025-06-18,231.87,ACH Direct Debit,Completed,373
TX-008105,CUST-0861,2025-09-18,315.31,ACH Direct Debit,Completed,266
TX-008106,CUST-0861,2025-09-11,470.86,Wire Transfer,Completed,366
TX-008107,CUST-0861,2025-12-08,276.57,Credit Card,Refunded,366
TX-008108,CUST-0861,2025-11-18,297.03,Credit Card,Completed,310
TX-008109,CUST-0861,2025-03-30,140.21,Credit Card,Completed,381
TX-008110,CUST-0862,2025-03-14,165.86,PayPal,Completed,132
TX-008111,CUST-0862,2025-09-24,387.45,Wire Transfer,Completed,306
TX-008112,CUST-0862,2025-04-14,107.94,ACH Direct Debit,Completed,141
TX-008113,CUST-0863,2025-08-11,265.76,PayPal,Completed,347
TX-008114,CUST-0863,2025-04-19,62.71,ACH Direct Debit,Completed,109
TX-008115,CUST-0863,2025-07-01,435.72,PayPal,Completed,231
TX-008116,CUST-0863,2025-08-25,127.17,PayPal,Completed,281
TX-008117,CUST-0863,2026-01-19,-124.45,ACH Direct Debit,Failed,270
TX-008118,CUST-0863,2025-09-11,61.21,Wire Transfer,Completed,179
TX-008119,CUST-0863,2025-08-25,185.35,PayPal,Failed,360
TX-008120,CUST-0863,2025-10-08,210.03,PayPal,Refunded,171
TX-008121,CUST-0863,2025-04-15,150.25,PayPal,Completed,126
TX-008122,CUST-0864,2025-06-20,108.52,ACH Direct Debit,Completed,251
TX-008123,CUST-0864,2025-01-24,229.4,Credit Card,Completed,77
TX-008124,CUST-0864,2025-10-10,50.92,Credit Card,Completed,409
TX-008125,CUST-0864,2025-06-12,88.34,PayPal,Completed,128
TX-008126,CUST-0864,2026-02-08,58.0,Wire Transfer,Completed,415
TX-008127,CUST-0864,2025-12-12,155.13,ACH Direct Debit,Refunded,157
TX-008128,CUST-0864,2025-04-23,398.29,ACH Direct Debit,Completed,168
TX-008129,CUST-0864,2025-06-05,242.55,Wire Transfer,Completed,211
TX-008130,CUST-0864,2025-05-27,190.07,PayPal,Completed,278
TX-008131,CUST-0864,2025-03-06,149.15,PayPal,Completed,117
TX-008132,CUST-0864,2025-03-12,202.68,ACH Direct Debit,Completed,367
TX-008133,CUST-0864,2025-09-28,336.13,ACH Direct Debit,Completed,170
TX-008134,CUST-0864,2025-09-15,-432.39,Credit Card,Failed,205
TX-008135,CUST-0864,2025-03-26,101.63,PayPal,Completed,271
TX-008136,CUST-0864,2025-03-23,396.29,Credit Card,Completed,384
TX-008137,CUST-0865,2025-01-05,315.75,ACH Direct Debit,Completed,375
TX-008138,CUST-0865,2025-12-12,146.01,PayPal,Completed,126
TX-008139,CUST-0865,2025-11-15,66.38,Credit Card,Completed,407
TX-008140,CUST-0865,2025-08-14,55.79,Wire Transfer,Completed,254
TX-008141,CUST-0865,2025-09-13,3217.72,ACH Direct Debit,Failed,2763
TX-008142,CUST-0866,2025-09-03,462.88,Wire Transfer,Completed,167
TX-008143,CUST-0866,2025-08-28,70.62,Wire Transfer,Completed,133
TX-008144,CUST-0866,2025-04-27,41.66,ACH Direct Debit,Completed,170
TX-008145,CUST-0866,2025-10-22,458.98,Credit Card,Completed,302
TX-008146,CUST-0866,2025-04-08,464.26,ACH Direct Debit,Completed,126
TX-008147,CUST-0866,2025-09-15,136.6,PayPal,Completed,351
TX-008148,CUST-0866,2025-03-22,96.28,PayPal,Completed,176
TX-008149,CUST-0866,2025-04-19,38.28,Wire Transfer,Completed,389
TX-008150,CUST-0866,2025-11-25,482.69,Credit Card,Completed,366
TX-008151,CUST-0866,2025-07-02,415.85,ACH Direct Debit,Completed,175
TX-008152,CUST-0866,2025-08-10,263.19,Wire Transfer,Completed,231
TX-008153,CUST-0866,2025-06-18,69.23,Wire Transfer,Completed,241
TX-008154,CUST-0866,2025-04-19,95.43,PayPal,Completed,185
TX-008155,CUST-0866,2026-01-07,117.87,Wire Transfer,Completed,303
TX-008156,CUST-0866,2025-12-31,150.16,ACH Direct Debit,Refunded,256
TX-008157,CUST-0867,2025-10-09,142.75,ACH Direct Debit,Completed,252
TX-008158,CUST-0867,2025-01-01,490.26,PayPal,Failed,78
TX-008159,CUST-0867,2025-02-15,97.52,PayPal,Completed,403
TX-008160,CUST-0867,2025-01-21,103.12,Credit Card,Completed,310
TX-008161,CUST-0867,2025-08-20,4661.87,Credit Card,Refunded,2080
TX-008162,CUST-0867,2025-04-08,335.85,Credit Card,Completed,204
TX-008163,CUST-0867,2025-12-12,192.74,Wire Transfer,Completed,384
TX-008164,CUST-0867,2026-02-25,466.43,Wire Transfer,Completed,160
TX-008165,CUST-0868,2025-02-07,118.12,PayPal,Completed,208
TX-008166,CUST-0868,2025-04-14,212.13,ACH Direct Debit,Failed,406
TX-008167,CUST-0868,2025-11-09,479.44,Wire Transfer,Completed,231
TX-008168,CUST-0868,2025-07-17,310.05,Credit Card,Completed,174
TX-008169,CUST-0868,2025-12-20,139.26,Wire Transfer,Completed,324
TX-008170,CUST-0868,2026-02-20,74.48,ACH Direct Debit,Completed,162
TX-008171,CUST-0868,2025-12-08,434.65,PayPal,Completed,365
TX-008172,CUST-0868,2025-11-05,163.06,PayPal,Completed,351
TX-008173,CUST-0868,2026-01-12,246.04,Credit Card,Refunded,138
TX-008174,CUST-0868,2026-02-12,128.17,Wire Transfer,Refunded,242
TX-008175,CUST-0868,2025-07-23,43.75,ACH Direct Debit,Completed,169
TX-008176,CUST-0868,2025-10-17,177.29,Credit Card,Completed,232
TX-008177,CUST-0868,2025-10-17,459.39,Wire Transfer,Failed,419
TX-008178,CUST-0868,2025-11-14,443.76,ACH Direct Debit,Failed,247
TX-008179,CUST-0869,2025-11-03,51.61,Credit Card,Completed,246
TX-008180,CUST-0869,2025-08-05,297.17,ACH Direct Debit,Completed,188
TX-008181,CUST-0869,2026-01-13,423.37,Credit Card,Completed,111
TX-008182,CUST-0869,2025-03-12,250.31,Wire Transfer,Completed,407
TX-008183,CUST-0869,2025-09-28,323.9,PayPal,Completed,401
TX-008184,CUST-0869,2025-12-26,439.92,Wire Transfer,Completed,146
TX-008185,CUST-0869,2025-01-19,248.41,Wire Transfer,Completed,98
TX-008186,CUST-0869,2025-07-10,375.91,PayPal,Completed,189
TX-008187,CUST-0869,2025-02-04,79.62,ACH Direct Debit,Completed,198
TX-008188,CUST-0869,2026-01-26,378.46,ACH Direct Debit,Completed,199
TX-008189,CUST-0869,2025-11-05,103.95,ACH Direct Debit,Completed,314
TX-008190,CUST-0870,2026-02-25,103.49,PayPal,Completed,400
TX-008191,CUST-0870,2025-04-04,91.21,PayPal,Completed,283
TX-008192,CUST-0870,2025-05-11,352.56,PayPal,Completed,267
TX-008193,CUST-0870,2025-04-12,41.11,Credit Card,Completed,86
TX-008194,CUST-0870,2025-06-08,347.69,Credit Card,Completed,360
TX-008195,CUST-0870,2025-10-28,267.7,Credit Card,Completed,100
TX-008196,CUST-0870,2025-02-02,127.99,Wire Transfer,Completed,340
TX-008197,CUST-0870,2025-10-27,86.23,Credit Card,Completed,118
TX-008198,CUST-0870,2026-01-22,495.26,ACH Direct Debit,Completed,399
TX-008199,CUST-0870,2025-05-08,449.63,ACH Direct Debit,Refunded,247
TX-008200,CUST-0870,2026-01-21,477.39,PayPal,Completed,248
TX-008201,CUST-0871,2025-05-03,428.05,Wire Transfer,Completed,124
TX-008202,CUST-0871,2025-10-20,292.47,PayPal,Completed,78
TX-008203,CUST-0871,2025-11-29,153.94,ACH Direct Debit,Completed,284
TX-008204,CUST-0871,2025-10-31,130.16,PayPal,Completed,284
TX-008205,CUST-0871,2025-01-30,274.22,Credit Card,Refunded,244
TX-008206,CUST-0871,2025-12-02,336.3,Wire Transfer,Completed,198
TX-008207,CUST-0871,2025-09-08,36.56,PayPal,Completed,238
TX-008208,CUST-0872,2025-01-20,144.16,PayPal,Completed,156
TX-008209,CUST-0872,2025-11-04,155.84,Wire Transfer,Completed,140
TX-008210,CUST-0872,2025-09-27,194.46,Credit Card,Completed,194
TX-008211,CUST-0872,2026-02-14,85.75,ACH Direct Debit,Completed,217
TX-008212,CUST-0873,2025-09-14,159.11,Credit Card,Completed,172
TX-008213,CUST-0873,2026-02-10,453.81,Credit Card,Completed,166
TX-008214,CUST-0873,2025-06-23,275.07,Credit Card,Completed,420
TX-008215,CUST-0873,2025-02-20,288.93,Credit Card,Completed,136
TX-008216,CUST-0873,2025-02-18,164.06,PayPal,Completed,172
TX-008217,CUST-0873,2025-05-08,448.3,Wire Transfer,Refunded,378
TX-008218,CUST-0873,2025-09-19,308.33,Credit Card,Failed,213
TX-008219,CUST-0873,2025-03-13,355.83,ACH Direct Debit,Completed,191
TX-008220,CUST-0873,2025-09-11,413.97,ACH Direct Debit,Completed,148
TX-008221,CUST-0873,2025-10-15,304.01,PayPal,Completed,399
TX-008222,CUST-0873,2025-08-28,270.91,Credit Card,Failed,310
TX-008223,CUST-0873,2025-11-12,123.42,ACH Direct Debit,Completed,192
TX-008224,CUST-0873,2026-01-18,51.48,PayPal,Completed,81
TX-008225,CUST-0873,2025-08-31,1638.75,Wire Transfer,Failed,1625
TX-008226,CUST-0873,2025-02-18,131.32,Wire Transfer,Completed,227
TX-008227,CUST-0873,2025-06-09,325.66,Credit Card,Completed,229
TX-008228,CUST-0874,2026-01-25,168.92,PayPal,Completed,312
TX-008229,CUST-0874,2025-03-17,404.31,Credit Card,Completed,188
TX-008230,CUST-0874,2026-01-25,40.01,Wire Transfer,Completed,306
TX-008231,CUST-0874,2025-05-07,1528.72,Credit Card,Refunded,4033
TX-008232,CUST-0874,2025-12-08,70.73,ACH Direct Debit,Completed,184
TX-008233,CUST-0874,2025-07-19,771.52,ACH Direct Debit,Refunded,1935
TX-008234,CUST-0874,2025-10-12,374.85,Wire Transfer,Completed,234
TX-008235,CUST-0875,2025-11-25,487.72,PayPal,Completed,342
TX-008236,CUST-0875,2026-01-29,275.93,ACH Direct Debit,Completed,111
TX-008237,CUST-0875,2025-10-21,214.8,PayPal,Completed,218
TX-008238,CUST-0875,2025-01-29,183.49,ACH Direct Debit,Completed,233
TX-008239,CUST-0875,2025-03-29,68.98,Wire Transfer,Completed,367
TX-008240,CUST-0875,2025-11-29,483.58,Credit Card,Completed,373
TX-008241,CUST-0875,2025-12-05,485.22,ACH Direct Debit,Failed,225
TX-008242,CUST-0875,2026-01-12,359.39,Credit Card,Completed,109
TX-008243,CUST-0875,2025-02-02,236.27,ACH Direct Debit,Completed,274
TX-008244,CUST-0875,2025-05-05,414.34,Wire Transfer,Completed,354
TX-008245,CUST-0875,2025-06-27,271.39,PayPal,Completed,410
TX-008246,CUST-0875,2025-09-04,48.52,Credit Card,Completed,262
TX-008247,CUST-0875,2026-02-16,104.7,ACH Direct Debit,Failed,273
TX-008248,CUST-0875,2025-12-21,160.78,ACH Direct Debit,Completed,236
TX-008249,CUST-0875,2025-08-23,74.71,Credit Card,Refunded,132
TX-008250,CUST-0876,2025-01-20,-470.48,Credit Card,Failed,313
TX-008251,CUST-0876,2025-12-21,188.67,PayPal,Completed,365
TX-008252,CUST-0876,2025-10-19,228.7,ACH Direct Debit,Completed,170
TX-008253,CUST-0876,2025-04-04,199.92,ACH Direct Debit,Completed,145
TX-008254,CUST-0876,2025-02-10,194.24,PayPal,Completed,196
TX-008255,CUST-0877,2025-01-25,425.02,Wire Transfer,Completed,333
TX-008256,CUST-0877,2026-01-20,34.72,Wire Transfer,Failed,218
TX-008257,CUST-0877,2025-10-31,313.37,Wire Transfer,Completed,328
TX-008258,CUST-0877,2025-03-08,418.31,Wire Transfer,Completed,76
TX-008259,CUST-0877,2025-04-23,453.48,Credit Card,Completed,186
TX-008260,CUST-0877,2025-05-24,33.46,PayPal,Completed,290
TX-008261,CUST-0877,2026-01-12,462.34,Credit Card,Completed,413
TX-008262,CUST-0877,2025-06-05,49.92,Wire Transfer,Completed,245
TX-008263,CUST-0877,2025-06-30,241.55,Credit Card,Completed,419
TX-008264,CUST-0877,2025-11-09,182.71,Credit Card,Completed,311
TX-008265,CUST-0877,2025-05-19,213.73,Credit Card,Completed,109
TX-008266,CUST-0878,2026-01-27,120.66,Wire Transfer,Completed,211
TX-008267,CUST-0878,2025-07-14,92.55,Wire Transfer,Completed,287
TX-008268,CUST-0878,2025-07-19,478.18,ACH Direct Debit,Completed,318
TX-008269,CUST-0878,2025-12-30,245.12,PayPal,Completed,285
TX-008270,CUST-0878,2025-12-11,400.64,PayPal,Completed,393
TX-008271,CUST-0878,2025-12-29,283.92,Credit Card,Completed,351
TX-008272,CUST-0878,2025-12-10,329.17,Wire Transfer,Completed,145
TX-008273,CUST-0878,2026-02-12,238.99,ACH Direct Debit,Completed,93
TX-008274,CUST-0878,2025-06-22,468.05,PayPal,Completed,295
TX-008275,CUST-0878,2025-10-01,67.76,ACH Direct Debit,Completed,349
TX-008276,CUST-0878,2025-08-15,272.8,Credit Card,Completed,263
TX-008277,CUST-0879,2025-10-21,83.06,ACH Direct Debit,Completed,344
TX-008278,CUST-0879,2025-05-23,423.82,Wire Transfer,Completed,161
TX-008279,CUST-0879,2025-05-22,423.06,Wire Transfer,Completed,350
TX-008280,CUST-0879,2025-10-10,492.9,Credit Card,Completed,354
TX-008281,CUST-0879,2025-06-09,37.83,ACH Direct Debit,Completed,234
TX-008282,CUST-0879,2025-12-18,372.0,Wire Transfer,Failed,300
TX-008283,CUST-0880,2025-07-30,341.7,Credit Card,Completed,191
TX-008284,CUST-0880,2025-05-04,173.73,PayPal,Completed,233
TX-008285,CUST-0880,2026-02-16,454.36,Credit Card,Completed,166
TX-008286,CUST-0880,2025-11-01,181.28,Credit Card,Completed,273
TX-008287,CUST-0880,2025-09-07,246.43,ACH Direct Debit,Completed,171
TX-008288,CUST-0880,2025-10-17,468.02,PayPal,Completed,113
TX-008289,CUST-0881,2025-08-17,227.1,Credit Card,Completed,380
TX-008290,CUST-0881,2025-02-17,383.61,Wire Transfer,Completed,254
TX-008291,CUST-0881,2025-06-13,256.75,Credit Card,Completed,110
TX-008292,CUST-0881,2025-03-14,277.54,PayPal,Refunded,377
TX-008293,CUST-0881,2025-07-11,40.95,Credit Card,Completed,206
TX-008294,CUST-0881,2025-06-26,230.43,Credit Card,Completed,270
TX-008295,CUST-0881,2025-07-11,371.72,Wire Transfer,Completed,329
TX-008296,CUST-0881,2026-02-15,445.61,ACH Direct Debit,Completed,86
TX-008297,CUST-0881,2025-06-13,284.12,Credit Card,Completed,362
TX-008298,CUST-0882,2025-04-10,245.96,ACH Direct Debit,Completed,191
TX-008299,CUST-0882,2025-12-26,378.24,Credit Card,Completed,415
TX-008300,CUST-0882,2025-12-10,421.72,Wire Transfer,Completed,217
TX-008301,CUST-0882,2026-02-02,96.17,ACH Direct Debit,Completed,321
TX-008302,CUST-0882,2025-09-09,253.65,PayPal,Completed,267
TX-008303,CUST-0882,2025-04-15,420.46,Wire Transfer,Completed,225
TX-008304,CUST-0882,2025-08-03,335.28,Credit Card,Refunded,335
TX-008305,CUST-0882,2025-09-07,237.41,ACH Direct Debit,Failed,399
TX-008306,CUST-0883,2025-06-26,278.94,ACH Direct Debit,Completed,299
TX-008307,CUST-0883,2026-02-25,170.67,Wire Transfer,Completed,372
TX-008308,CUST-0883,2025-08-18,296.88,PayPal,Completed,350
TX-008309,CUST-0883,2025-02-16,217.3,Wire Transfer,Completed,416
TX-008310,CUST-0883,2025-06-17,80.7,Wire Transfer,Completed,321
TX-008311,CUST-0883,2025-05-13,497.12,ACH Direct Debit,Completed,220
TX-008312,CUST-0883,2025-12-07,258.05,ACH Direct Debit,Completed,283
TX-008313,CUST-0883,2025-12-04,368.9,ACH Direct Debit,Completed,84
TX-008314,CUST-0883,2026-02-02,499.01,ACH Direct Debit,Completed,166
TX-008315,CUST-0883,2025-01-29,441.2,ACH Direct Debit,Completed,333
TX-008316,CUST-0883,2025-08-13,343.78,PayPal,Failed,164
TX-008317,CUST-0883,2025-12-18,360.37,PayPal,Completed,241
TX-008318,CUST-0883,2025-07-26,112.46,ACH Direct Debit,Completed,282
TX-008319,CUST-0883,2025-06-19,73.54,PayPal,Completed,237
TX-008320,CUST-0883,2025-04-30,70.37,Wire Transfer,Completed,111
TX-008321,CUST-0884,2025-09-24,88.92,Credit Card,Completed,403
TX-008322,CUST-0884,2025-09-30,381.9,PayPal,Completed,413
TX-008323,CUST-0884,2026-02-08,80.78,Credit Card,Completed,298
TX-008324,CUST-0884,2026-02-06,400.68,ACH Direct Debit,Completed,254
TX-008325,CUST-0884,2025-08-26,47.39,Wire Transfer,Completed,246
TX-008326,CUST-0884,2025-04-05,212.2,ACH Direct Debit,Completed,143
TX-008327,CUST-0884,2025-07-11,187.38,ACH Direct Debit,Completed,382
TX-008328,CUST-0884,2025-10-15,242.6,Credit Card,Completed,175
TX-008329,CUST-0884,2025-07-14,285.21,ACH Direct Debit,Completed,167
TX-008330,CUST-0884,2026-01-02,88.44,Credit Card,Completed,116
TX-008331,CUST-0884,2025-03-15,68.66,PayPal,Completed,340
TX-008332,CUST-0884,2025-08-15,487.67,ACH Direct Debit,Completed,245
TX-008333,CUST-0884,2025-05-07,166.35,Wire Transfer,Completed,151
TX-008334,CUST-0884,2025-11-07,62.1,Credit Card,Completed,414
TX-008335,CUST-0885,2026-02-10,416.96,PayPal,Completed,274
TX-008336,CUST-0885,2025-11-16,273.24,PayPal,Completed,337
TX-008337,CUST-0885,2025-07-19,312.2,ACH Direct Debit,Completed,329
TX-008338,CUST-0885,2025-06-11,269.92,Credit Card,Completed,293
TX-008339,CUST-0885,2025-11-28,119.09,PayPal,Completed,148
TX-008340,CUST-0885,2025-07-20,429.18,Credit Card,Completed,253
TX-008341,CUST-0885,2025-11-05,58.8,ACH Direct Debit,Completed,89
TX-008342,CUST-0885,2025-09-26,123.27,ACH Direct Debit,Completed,288
TX-008343,CUST-0885,2025-05-29,220.58,ACH Direct Debit,Completed,332
TX-008344,CUST-0885,2025-04-01,493.4,Wire Transfer,Completed,228
TX-008345,CUST-0885,2025-02-12,96.89,Credit Card,Completed,218
TX-008346,CUST-0886,2025-03-30,245.51,Credit Card,Completed,365
TX-008347,CUST-0886,2025-12-17,67.59,Credit Card,Failed,168
TX-008348,CUST-0886,2025-06-24,338.24,PayPal,Completed,405
TX-008349,CUST-0886,2025-02-10,128.8,Credit Card,Completed,91
TX-008350,CUST-0886,2026-01-02,212.22,Credit Card,Completed,192
TX-008351,CUST-0886,2026-01-28,282.59,Credit Card,Completed,330
TX-008352,CUST-0886,2025-11-11,55.35,ACH Direct Debit,Completed,165
TX-008353,CUST-0886,2025-01-14,253.63,PayPal,Completed,312
TX-008354,CUST-0886,2025-05-03,105.56,PayPal,Completed,206
TX-008355,CUST-0886,2025-08-05,157.92,Wire Transfer,Completed,114
TX-008356,CUST-0886,2025-03-13,132.59,PayPal,Completed,414
TX-008357,CUST-0886,2025-05-05,239.9,PayPal,Completed,321
TX-008358,CUST-0887,2025-06-25,282.89,PayPal,Completed,291
TX-008359,CUST-0887,2026-01-26,190.4,Wire Transfer,Completed,289
TX-008360,CUST-0887,2025-05-19,126.84,Wire Transfer,Completed,415
TX-008361,CUST-0887,2025-07-02,477.74,Wire Transfer,Completed,331
TX-008362,CUST-0887,2026-01-12,319.87,Credit Card,Completed,85
TX-008363,CUST-0887,2025-05-17,82.2,ACH Direct Debit,Completed,243
TX-008364,CUST-0887,2025-08-19,454.41,Wire Transfer,Completed,392
TX-008365,CUST-0887,2025-06-03,149.22,ACH Direct Debit,Completed,250
TX-008366,CUST-0887,2025-06-16,337.42,Credit Card,Completed,110
TX-008367,CUST-0887,2025-07-11,409.89,ACH Direct Debit,Completed,287
TX-008368,CUST-0887,2025-04-18,85.04,PayPal,Completed,227
TX-008369,CUST-0888,2025-11-04,370.85,PayPal,Completed,193
TX-008370,CUST-0888,2025-08-07,278.31,Credit Card,Completed,184
TX-008371,CUST-0888,2026-02-14,299.09,PayPal,Completed,252
TX-008372,CUST-0888,2025-09-15,364.65,ACH Direct Debit,Completed,172
TX-008373,CUST-0888,2025-06-29,46.2,Wire Transfer,Completed,399
TX-008374,CUST-0888,2025-07-19,173.68,ACH Direct Debit,Completed,78
TX-008375,CUST-0888,2026-02-21,106.32,Wire Transfer,Completed,355
TX-008376,CUST-0888,2025-08-11,488.65,ACH Direct Debit,Completed,401
TX-008377,CUST-0889,2025-07-13,334.87,Credit Card,Completed,371
TX-008378,CUST-0889,2026-01-08,374.95,PayPal,Completed,363
TX-008379,CUST-0889,2025-04-23,380.21,Wire Transfer,Completed,197
TX-008380,CUST-0890,2025-10-25,186.66,Credit Card,Completed,112
TX-008381,CUST-0890,2025-09-18,251.65,Wire Transfer,Completed,77
TX-008382,CUST-0890,2025-04-02,90.08,Wire Transfer,Completed,195
TX-008383,CUST-0890,2025-01-22,284.64,Credit Card,Completed,258
TX-008384,CUST-0890,2025-09-28,298.49,ACH Direct Debit,Completed,292
TX-008385,CUST-0890,2025-03-01,-422.82,PayPal,Failed,203
TX-008386,CUST-0891,2025-10-02,115.24,Credit Card,Completed,255
TX-008387,CUST-0891,2026-01-29,87.23,ACH Direct Debit,Completed,365
TX-008388,CUST-0891,2025-08-03,182.37,PayPal,Completed,338
TX-008389,CUST-0891,2025-08-25,366.98,Wire Transfer,Completed,168
TX-008390,CUST-0891,2025-03-04,229.62,PayPal,Completed,253
TX-008391,CUST-0891,2025-06-24,37.34,ACH Direct Debit,Completed,177
TX-008392,CUST-0891,2026-02-06,422.59,PayPal,Completed,419
TX-008393,CUST-0891,2025-02-15,340.69,PayPal,Completed,386
TX-008394,CUST-0891,2025-08-09,451.74,ACH Direct Debit,Completed,287
TX-008395,CUST-0891,2026-01-31,328.67,Credit Card,Completed,205
TX-008396,CUST-0892,2025-03-26,365.71,Credit Card,Completed,83
TX-008397,CUST-0892,2025-12-24,81.58,ACH Direct Debit,Completed,302
TX-008398,CUST-0892,2025-09-19,157.47,Wire Transfer,Completed,83
TX-008399,CUST-0892,2025-09-17,411.51,Wire Transfer,Completed,167
TX-008400,CUST-0892,2025-04-25,256.01,Wire Transfer,Completed,159
TX-008401,CUST-0892,2025-04-18,368.72,PayPal,Completed,97
TX-008402,CUST-0892,2025-03-02,251.24,ACH Direct Debit,Completed,311
TX-008403,CUST-0893,2025-08-12,66.9,PayPal,Completed,100
TX-008404,CUST-0893,2025-11-03,70.55,Wire Transfer,Completed,346
TX-008405,CUST-0893,2025-11-26,373.91,Wire Transfer,Completed,197
TX-008406,CUST-0893,2025-06-04,268.85,ACH Direct Debit,Completed,221
TX-008407,CUST-0893,2025-10-29,331.81,PayPal,Completed,190
TX-008408,CUST-0893,2025-12-25,193.39,Credit Card,Completed,344
TX-008409,CUST-0893,2025-09-15,256.03,Credit Card,Completed,248
TX-008410,CUST-0893,2025-12-20,129.64,Wire Transfer,Completed,189
TX-008411,CUST-0893,2025-04-09,260.87,PayPal,Completed,350
TX-008412,CUST-0893,2025-07-18,281.92,Wire Transfer,Completed,83
TX-008413,CUST-0893,2025-11-20,284.59,PayPal,Completed,262
TX-008414,CUST-0893,2025-02-25,288.11,ACH Direct Debit,Completed,390
TX-008415,CUST-0893,2026-01-14,161.52,ACH Direct Debit,Completed,98
TX-008416,CUST-0893,2025-05-08,137.41,Credit Card,Completed,413
TX-008417,CUST-0893,2025-08-05,199.84,ACH Direct Debit,Completed,252
TX-008418,CUST-0893,2025-02-12,116.41,Wire Transfer,Completed,115
TX-008419,CUST-0894,2025-03-26,334.22,Credit Card,Completed,235
TX-008420,CUST-0894,2025-08-11,356.74,ACH Direct Debit,Completed,333
TX-008421,CUST-0894,2025-01-06,317.04,Credit Card,Completed,281
TX-008422,CUST-0894,2025-02-13,415.33,Wire Transfer,Completed,170
TX-008423,CUST-0894,2025-02-14,361.89,PayPal,Completed,235
TX-008424,CUST-0894,2025-04-23,199.69,PayPal,Completed,86
TX-008425,CUST-0894,2025-04-25,494.66,PayPal,Completed,176
TX-008426,CUST-0894,2025-10-24,436.48,ACH Direct Debit,Completed,331
TX-008427,CUST-0894,2025-10-24,74.39,PayPal,Completed,136
TX-008428,CUST-0895,2025-07-22,286.37,ACH Direct Debit,Completed,237
TX-008429,CUST-0895,2025-05-24,343.73,Wire Transfer,Completed,89
TX-008430,CUST-0895,2025-06-23,393.67,Wire Transfer,Completed,198
TX-008431,CUST-0895,2026-02-14,421.56,ACH Direct Debit,Completed,414
TX-008432,CUST-0895,2025-07-08,220.69,PayPal,Completed,200
TX-008433,CUST-0895,2025-11-12,75.53,PayPal,Completed,95
TX-008434,CUST-0895,2025-04-30,166.42,Credit Card,Completed,354
TX-008435,CUST-0895,2025-11-08,421.88,Wire Transfer,Completed,300
TX-008436,CUST-0895,2025-08-20,427.46,Wire Transfer,Completed,301
TX-008437,CUST-0895,2025-05-28,52.13,Wire Transfer,Completed,395
TX-008438,CUST-0895,2025-09-14,67.13,Credit Card,Completed,272
TX-008439,CUST-0895,2025-09-09,242.4,Credit Card,Completed,78
TX-008440,CUST-0895,2025-03-31,55.04,ACH Direct Debit,Completed,187
TX-008441,CUST-0896,2025-06-13,243.85,Credit Card,Completed,129
TX-008442,CUST-0896,2025-09-15,157.84,Credit Card,Completed,84
TX-008443,CUST-0896,2026-01-20,37.22,Wire Transfer,Completed,191
TX-008444,CUST-0896,2026-01-05,85.19,Credit Card,Completed,376
TX-008445,CUST-0896,2025-02-10,74.02,Wire Transfer,Completed,201
TX-008446,CUST-0896,2025-02-25,196.96,ACH Direct Debit,Completed,114
TX-008447,CUST-0896,2026-01-29,261.25,ACH Direct Debit,Completed,222
TX-008448,CUST-0897,2025-08-04,476.77,PayPal,Completed,113
TX-008449,CUST-0897,2025-08-07,293.61,Wire Transfer,Completed,266
TX-008450,CUST-0897,2025-04-16,458.69,PayPal,Completed,392
TX-008451,CUST-0897,2025-09-07,445.46,Credit Card,Failed,397
TX-008452,CUST-0897,2025-05-30,272.21,Credit Card,Completed,135
TX-008453,CUST-0897,2025-09-19,400.52,ACH Direct Debit,Completed,342
TX-008454,CUST-0897,2025-06-27,228.37,ACH Direct Debit,Completed,348
TX-008455,CUST-0897,2025-10-06,446.85,Credit Card,Completed,281
TX-008456,CUST-0897,2025-07-17,372.94,ACH Direct Debit,Completed,365
TX-008457,CUST-0897,2025-08-20,346.81,ACH Direct Debit,Completed,332
TX-008458,CUST-0897,2025-12-23,398.83,ACH Direct Debit,Failed,226
TX-008459,CUST-0897,2025-07-10,424.74,ACH Direct Debit,Failed,414
TX-008460,CUST-0897,2025-09-09,233.83,Credit Card,Completed,415
TX-008461,CUST-0897,2025-01-21,454.15,Wire Transfer,Completed,285
TX-008462,CUST-0898,2026-01-10,146.65,PayPal,Completed,189
TX-008463,CUST-0898,2025-08-28,392.99,ACH Direct Debit,Completed,415
TX-008464,CUST-0898,2025-09-13,294.32,ACH Direct Debit,Completed,247
TX-008465,CUST-0898,2025-05-06,333.04,ACH Direct Debit,Completed,263
TX-008466,CUST-0898,2025-01-02,379.62,ACH Direct Debit,Completed,154
TX-008467,CUST-0898,2025-04-18,93.59,ACH Direct Debit,Completed,76
TX-008468,CUST-0898,2025-12-15,293.42,Credit Card,Completed,396
TX-008469,CUST-0898,2025-03-26,492.1,PayPal,Completed,155
TX-008470,CUST-0898,2025-06-20,395.29,Wire Transfer,Completed,330
TX-008471,CUST-0898,2025-01-29,270.67,Credit Card,Completed,330
TX-008472,CUST-0898,2025-08-13,311.27,Credit Card,Completed,110
TX-008473,CUST-0898,2025-08-02,89.88,PayPal,Completed,407
TX-008474,CUST-0898,2025-04-26,393.28,ACH Direct Debit,Completed,115
TX-008475,CUST-0899,2025-08-21,31.43,ACH Direct Debit,Completed,221
TX-008476,CUST-0899,2025-09-07,88.3,PayPal,Completed,156
TX-008477,CUST-0899,2025-10-27,207.25,Credit Card,Completed,291
TX-008478,CUST-0899,2025-11-12,147.79,ACH Direct Debit,Completed,147
TX-008479,CUST-0899,2025-08-22,1325.86,Credit Card,Refunded,2171
TX-008480,CUST-0899,2025-02-12,448.49,ACH Direct Debit,Completed,126
TX-008481,CUST-0899,2025-08-06,240.95,ACH Direct Debit,Completed,392
TX-008482,CUST-0900,2025-08-26,82.26,Wire Transfer,Completed,245
TX-008483,CUST-0900,2026-01-02,448.51,Credit Card,Completed,115
TX-008484,CUST-0900,2025-03-18,111.06,ACH Direct Debit,Completed,359
TX-008485,CUST-0900,2025-01-17,177.19,Credit Card,Completed,234
TX-008486,CUST-0901,2025-05-02,168.82,PayPal,Completed,322
TX-008487,CUST-0901,2025-02-15,161.05,PayPal,Completed,251
TX-008488,CUST-0901,2025-02-13,409.09,PayPal,Completed,201
TX-008489,CUST-0901,2025-07-06,305.89,Credit Card,Completed,229
TX-008490,CUST-0901,2025-06-28,338.26,ACH Direct Debit,Completed,87
TX-008491,CUST-0901,2025-04-13,139.37,PayPal,Completed,232
TX-008492,CUST-0901,2025-01-10,55.62,Wire Transfer,Completed,209
TX-008493,CUST-0901,2026-02-16,179.02,Credit Card,Refunded,107
TX-008494,CUST-0901,2025-07-31,201.97,ACH Direct Debit,Completed,311
TX-008495,CUST-0901,2025-11-30,234.53,ACH Direct Debit,Completed,395
TX-008496,CUST-0902,2025-09-17,323.78,PayPal,Completed,181
TX-008497,CUST-0902,2026-02-12,190.82,ACH Direct Debit,Completed,216
TX-008498,CUST-0902,2025-05-21,392.31,Credit Card,Completed,236
TX-008499,CUST-0902,2025-10-20,38.14,Credit Card,Completed,254
TX-008500,CUST-0902,2025-09-24,160.33,Wire Transfer,Failed,268
TX-008501,CUST-0902,2025-11-04,364.23,Wire Transfer,Completed,281
TX-008502,CUST-0902,2025-03-16,461.25,Credit Card,Completed,92
TX-008503,CUST-0902,2025-03-30,231.75,Wire Transfer,Refunded,218
TX-008504,CUST-0902,2025-09-22,154.68,Credit Card,Completed,88
TX-008505,CUST-0902,2025-10-22,406.39,Credit Card,Completed,260
TX-008506,CUST-0903,2025-04-19,142.39,ACH Direct Debit,Completed,152
TX-008507,CUST-0903,2025-03-07,179.38,ACH Direct Debit,Completed,143
TX-008508,CUST-0903,2025-07-04,260.11,Wire Transfer,Refunded,131
TX-008509,CUST-0903,2025-12-29,167.75,Wire Transfer,Completed,130
TX-008510,CUST-0903,2025-01-02,445.39,Credit Card,Completed,197
TX-008511,CUST-0903,2025-09-20,129.57,PayPal,Completed,410
TX-008512,CUST-0903,2025-07-06,84.49,ACH Direct Debit,Completed,120
TX-008513,CUST-0903,2025-03-04,350.53,Credit Card,Completed,79
TX-008514,CUST-0903,2025-02-18,252.0,PayPal,Completed,151
TX-008515,CUST-0904,2025-03-04,146.99,PayPal,Completed,180
TX-008516,CUST-0904,2025-05-07,195.55,Wire Transfer,Completed,353
TX-008517,CUST-0904,2026-01-03,176.22,PayPal,Completed,399
TX-008518,CUST-0904,2026-01-03,466.89,Credit Card,Completed,89
TX-008519,CUST-0904,2025-05-17,402.89,ACH Direct Debit,Completed,121
TX-008520,CUST-0904,2025-10-09,107.92,Wire Transfer,Completed,350
TX-008521,CUST-0904,2025-05-29,164.15,ACH Direct Debit,Completed,124
TX-008522,CUST-0904,2025-03-08,3464.37,ACH Direct Debit,Refunded,4131
TX-008523,CUST-0904,2025-04-29,96.51,Wire Transfer,Completed,186
TX-008524,CUST-0904,2025-05-10,104.6,Wire Transfer,Refunded,306
TX-008525,CUST-0904,2025-07-21,270.85,PayPal,Completed,249
TX-008526,CUST-0904,2025-06-25,499.63,PayPal,Failed,323
TX-008527,CUST-0905,2025-06-27,317.18,Credit Card,Completed,313
TX-008528,CUST-0905,2025-08-15,229.4,PayPal,Completed,212
TX-008529,CUST-0905,2025-08-23,305.52,PayPal,Completed,92
TX-008530,CUST-0905,2025-04-04,385.16,Wire Transfer,Completed,371
TX-008531,CUST-0905,2025-05-18,170.49,PayPal,Completed,350
TX-008532,CUST-0905,2026-01-08,205.88,Credit Card,Completed,375
TX-008533,CUST-0905,2026-01-21,288.56,PayPal,Completed,305
TX-008534,CUST-0905,2025-09-10,94.06,ACH Direct Debit,Completed,136
TX-008535,CUST-0905,2025-01-15,458.46,Credit Card,Completed,252
TX-008536,CUST-0905,2025-02-23,361.78,Wire Transfer,Completed,170
TX-008537,CUST-0906,2025-08-18,238.47,ACH Direct Debit,Completed,388
TX-008538,CUST-0906,2025-03-26,162.42,PayPal,Completed,141
TX-008539,CUST-0906,2025-03-30,465.05,ACH Direct Debit,Completed,196
TX-008540,CUST-0906,2025-10-09,92.75,Wire Transfer,Completed,361
TX-008541,CUST-0906,2025-01-11,370.55,Wire Transfer,Completed,77
TX-008542,CUST-0906,2025-03-29,499.14,Credit Card,Completed,141
TX-008543,CUST-0906,2025-01-03,333.97,Wire Transfer,Completed,215
TX-008544,CUST-0906,2025-11-22,192.39,Credit Card,Completed,364
TX-008545,CUST-0906,2026-01-09,103.7,Credit Card,Completed,372
TX-008546,CUST-0906,2025-03-27,178.12,Wire Transfer,Completed,419
TX-008547,CUST-0906,2025-09-03,310.91,ACH Direct Debit,Completed,144
TX-008548,CUST-0906,2025-10-20,488.62,Wire Transfer,Completed,337
TX-008549,CUST-0906,2025-06-20,400.75,Wire Transfer,Completed,416
TX-008550,CUST-0907,2025-08-09,401.24,Credit Card,Completed,162
TX-008551,CUST-0907,2025-11-29,249.86,Credit Card,Completed,81
TX-008552,CUST-0907,2025-09-09,79.73,Wire Transfer,Completed,269
TX-008553,CUST-0907,2025-05-31,209.18,PayPal,Completed,362
TX-008554,CUST-0907,2026-02-25,300.67,Credit Card,Completed,100
TX-008555,CUST-0908,2025-02-13,396.94,ACH Direct Debit,Completed,336
TX-008556,CUST-0908,2025-01-24,40.12,PayPal,Completed,394
TX-008557,CUST-0908,2025-10-23,161.91,Credit Card,Completed,301
TX-008558,CUST-0908,2025-05-01,220.71,Wire Transfer,Completed,331
TX-008559,CUST-0908,2025-08-30,89.14,Credit Card,Completed,419
TX-008560,CUST-0908,2026-01-22,79.67,PayPal,Completed,369
TX-008561,CUST-0908,2025-09-24,354.1,ACH Direct Debit,Completed,192
TX-008562,CUST-0908,2025-10-04,462.91,PayPal,Completed,326
TX-008563,CUST-0909,2025-04-05,410.44,PayPal,Completed,365
TX-008564,CUST-0909,2025-12-11,321.8,Credit Card,Completed,240
TX-008565,CUST-0909,2026-02-08,303.32,Credit Card,Completed,410
TX-008566,CUST-0909,2025-08-28,492.9,Credit Card,Completed,117
TX-008567,CUST-0909,2025-04-29,202.26,Wire Transfer,Completed,189
TX-008568,CUST-0909,2025-02-28,323.99,PayPal,Completed,178
TX-008569,CUST-0909,2026-01-21,326.73,ACH Direct Debit,Failed,347
TX-008570,CUST-0909,2025-08-04,146.37,Wire Transfer,Completed,412
TX-008571,CUST-0909,2025-10-05,249.15,Wire Transfer,Completed,107
TX-008572,CUST-0909,2025-03-01,82.84,PayPal,Completed,342
TX-008573,CUST-0909,2025-11-10,150.69,ACH Direct Debit,Completed,133
TX-008574,CUST-0909,2025-06-16,345.56,ACH Direct Debit,Completed,318
TX-008575,CUST-0909,2025-12-01,213.29,Credit Card,Completed,136
TX-008576,CUST-0910,2026-02-08,241.76,Credit Card,Completed,75
TX-008577,CUST-0910,2025-03-01,4373.13,Wire Transfer,Failed,3774
TX-008578,CUST-0910,2025-05-21,423.74,PayPal,Completed,271
TX-008579,CUST-0910,2025-10-19,416.83,Credit Card,Completed,416
TX-008580,CUST-0910,2025-11-25,302.26,PayPal,Completed,414
TX-008581,CUST-0910,2025-02-03,495.7,Wire Transfer,Completed,252
TX-008582,CUST-0911,2025-10-24,292.28,PayPal,Completed,403
TX-008583,CUST-0911,2025-07-07,313.15,PayPal,Completed,379
TX-008584,CUST-0911,2025-11-12,158.21,Credit Card,Completed,386
TX-008585,CUST-0911,2025-01-03,225.71,Wire Transfer,Completed,388
TX-008586,CUST-0911,2025-04-07,469.18,ACH Direct Debit,Completed,172
TX-008587,CUST-0911,2025-10-29,480.94,Wire Transfer,Completed,272
TX-008588,CUST-0911,2025-12-29,52.65,Credit Card,Completed,247
TX-008589,CUST-0911,2025-12-02,474.8,ACH Direct Debit,Completed,339
TX-008590,CUST-0911,2025-08-18,81.82,PayPal,Completed,301
TX-008591,CUST-0912,2025-01-10,408.12,Credit Card,Completed,384
TX-008592,CUST-0912,2025-10-04,209.77,PayPal,Completed,330
TX-008593,CUST-0912,2025-07-01,354.57,Credit Card,Completed,175
TX-008594,CUST-0912,2025-09-26,201.23,PayPal,Completed,297
TX-008595,CUST-0913,2025-10-17,483.35,Credit Card,Failed,311
TX-008596,CUST-0913,2026-02-11,99.45,Credit Card,Completed,339
TX-008597,CUST-0913,2025-01-04,250.41,ACH Direct Debit,Completed,397
TX-008598,CUST-0913,2025-12-27,324.77,ACH Direct Debit,Completed,105
TX-008599,CUST-0913,2025-01-21,325.24,Credit Card,Completed,326
TX-008600,CUST-0913,2025-08-26,377.13,Credit Card,Completed,163
TX-008601,CUST-0913,2025-02-13,334.01,Wire Transfer,Completed,393
TX-008602,CUST-0914,2025-08-14,247.78,Credit Card,Completed,260
TX-008603,CUST-0914,2025-08-19,498.82,ACH Direct Debit,Completed,234
TX-008604,CUST-0914,2025-08-28,234.33,Wire Transfer,Completed,84
TX-008605,CUST-0914,2026-02-16,490.06,Credit Card,Completed,285
TX-008606,CUST-0914,2025-04-05,189.15,ACH Direct Debit,Completed,254
TX-008607,CUST-0914,2025-10-18,342.35,Credit Card,Completed,119
TX-008608,CUST-0914,2025-05-11,299.61,Credit Card,Refunded,84
TX-008609,CUST-0914,2025-12-04,360.72,PayPal,Failed,375
TX-008610,CUST-0914,2025-06-05,467.5,PayPal,Completed,367
TX-008611,CUST-0914,2025-03-16,419.28,ACH Direct Debit,Completed,201
TX-008612,CUST-0914,2026-02-23,394.71,Credit Card,Completed,186
TX-008613,CUST-0914,2025-08-23,453.32,Wire Transfer,Completed,280
TX-008614,CUST-0914,2025-05-12,332.8,PayPal,Completed,198
TX-008615,CUST-0914,2025-09-04,306.94,PayPal,Failed,282
TX-008616,CUST-0915,2025-10-13,60.88,Credit Card,Completed,217
TX-008617,CUST-0915,2026-02-12,252.22,Credit Card,Completed,298
TX-008618,CUST-0915,2025-12-12,404.79,Credit Card,Completed,336
TX-008619,CUST-0915,2025-10-19,95.36,ACH Direct Debit,Completed,136
TX-008620,CUST-0915,2025-08-01,110.52,PayPal,Completed,385
TX-008621,CUST-0915,2025-04-03,4895.83,Wire Transfer,Refunded,4077
TX-008622,CUST-0915,2025-08-02,191.36,ACH Direct Debit,Completed,179
TX-008623,CUST-0915,2025-02-20,119.26,ACH Direct Debit,Failed,208
TX-008624,CUST-0915,2025-01-03,68.65,Wire Transfer,Completed,357
TX-008625,CUST-0915,2025-11-27,394.08,Credit Card,Completed,396
TX-008626,CUST-0915,2025-03-27,182.42,ACH Direct Debit,Completed,189
TX-008627,CUST-0915,2025-08-30,-375.08,Credit Card,Failed,296
TX-008628,CUST-0915,2025-10-06,464.32,Credit Card,Completed,265
TX-008629,CUST-0915,2026-01-25,66.43,ACH Direct Debit,Completed,334
TX-008630,CUST-0915,2025-04-01,476.93,PayPal,Completed,359
TX-008631,CUST-0916,2025-12-18,80.05,Wire Transfer,Failed,352
TX-008632,CUST-0916,2025-05-02,207.99,ACH Direct Debit,Completed,131
TX-008633,CUST-0916,2025-05-10,201.01,Wire Transfer,Completed,107
TX-008634,CUST-0916,2025-11-29,317.42,Wire Transfer,Refunded,181
TX-008635,CUST-0916,2025-02-19,234.0,Credit Card,Completed,337
TX-008636,CUST-0916,2025-02-18,270.59,PayPal,Completed,117
TX-008637,CUST-0917,2025-09-08,153.54,Wire Transfer,Completed,419
TX-008638,CUST-0917,2026-02-17,384.11,Wire Transfer,Completed,128
TX-008639,CUST-0917,2025-12-21,-121.66,Credit Card,Failed,346
TX-008640,CUST-0917,2025-08-29,300.27,PayPal,Completed,230
TX-008641,CUST-0917,2025-11-19,201.88,ACH Direct Debit,Completed,298
TX-008642,CUST-0917,2025-03-19,191.6,Credit Card,Completed,127
TX-008643,CUST-0917,2026-01-19,94.08,ACH Direct Debit,Completed,262
TX-008644,CUST-0917,2025-12-21,156.14,PayPal,Completed,302
TX-008645,CUST-0918,2026-02-19,320.78,Credit Card,Refunded,181
TX-008646,CUST-0918,2025-03-08,116.91,ACH Direct Debit,Completed,141
TX-008647,CUST-0918,2025-02-16,219.14,Wire Transfer,Refunded,191
TX-008648,CUST-0918,2026-01-12,405.73,ACH Direct Debit,Completed,257
TX-008649,CUST-0918,2025-11-17,379.54,Wire Transfer,Completed,108
TX-008650,CUST-0918,2025-11-11,106.0,Wire Transfer,Completed,79
TX-008651,CUST-0918,2026-01-07,56.11,Wire Transfer,Completed,294
TX-008652,CUST-0918,2025-01-25,328.16,Credit Card,Completed,134
TX-008653,CUST-0918,2025-09-13,462.48,Credit Card,Completed,200
TX-008654,CUST-0918,2025-01-21,317.9,Credit Card,Completed,209
TX-008655,CUST-0918,2026-02-25,185.83,PayPal,Completed,98
TX-008656,CUST-0918,2025-07-18,452.29,Credit Card,Completed,280
TX-008657,CUST-0918,2025-01-11,124.11,Wire Transfer,Completed,258
TX-008658,CUST-0918,2025-03-11,245.91,Wire Transfer,Completed,346
TX-008659,CUST-0918,2026-01-13,312.2,PayPal,Completed,184
TX-008660,CUST-0918,2025-09-28,285.58,ACH Direct Debit,Completed,86
TX-008661,CUST-0919,2026-02-23,370.8,ACH Direct Debit,Completed,311
TX-008662,CUST-0919,2025-06-11,176.58,Credit Card,Failed,380
TX-008663,CUST-0919,2025-05-12,229.14,PayPal,Completed,160
TX-008664,CUST-0919,2025-06-25,351.35,Credit Card,Completed,208
TX-008665,CUST-0919,2025-02-09,220.92,ACH Direct Debit,Completed,210
TX-008666,CUST-0919,2025-10-06,349.93,Wire Transfer,Completed,155
TX-008667,CUST-0919,2025-11-26,365.42,PayPal,Completed,399
TX-008668,CUST-0919,2025-05-23,243.43,PayPal,Completed,229
TX-008669,CUST-0919,2026-02-07,342.48,PayPal,Completed,233
TX-008670,CUST-0919,2025-02-11,358.83,Wire Transfer,Completed,397
TX-008671,CUST-0919,2025-11-14,379.18,Credit Card,Completed,142
TX-008672,CUST-0919,2025-09-03,60.18,Wire Transfer,Completed,371
TX-008673,CUST-0920,2025-03-08,237.12,Wire Transfer,Completed,414
TX-008674,CUST-0920,2025-04-19,374.68,Wire Transfer,Completed,210
TX-008675,CUST-0920,2025-06-21,370.46,Credit Card,Completed,181
TX-008676,CUST-0920,2025-07-31,403.17,ACH Direct Debit,Completed,416
TX-008677,CUST-0920,2025-10-15,42.4,PayPal,Completed,388
TX-008678,CUST-0920,2025-07-24,292.87,Wire Transfer,Completed,320
TX-008679,CUST-0920,2025-10-16,84.4,Wire Transfer,Completed,412
TX-008680,CUST-0920,2025-10-09,468.33,Wire Transfer,Completed,363
TX-008681,CUST-0920,2026-01-06,180.62,PayPal,Completed,393
TX-008682,CUST-0920,2025-06-23,35.12,Credit Card,Completed,335
TX-008683,CUST-0920,2025-12-17,70.72,PayPal,Failed,310
TX-008684,CUST-0921,2026-01-30,490.73,ACH Direct Debit,Completed,111
TX-008685,CUST-0921,2025-03-24,347.21,Credit Card,Completed,165
TX-008686,CUST-0921,2025-06-06,156.49,PayPal,Completed,254
TX-008687,CUST-0921,2025-10-31,313.19,PayPal,Completed,407
TX-008688,CUST-0921,2025-05-13,210.92,PayPal,Completed,353
TX-008689,CUST-0921,2025-05-26,1634.74,Credit Card,Failed,2082
TX-008690,CUST-0921,2025-11-12,487.83,PayPal,Failed,406
TX-008691,CUST-0921,2025-10-14,77.06,Wire Transfer,Failed,102
TX-008692,CUST-0921,2025-01-29,290.23,Wire Transfer,Completed,194
TX-008693,CUST-0922,2025-04-05,101.22,ACH Direct Debit,Completed,233
TX-008694,CUST-0922,2025-08-07,221.54,ACH Direct Debit,Completed,299
TX-008695,CUST-0922,2025-09-29,124.62,ACH Direct Debit,Completed,357
TX-008696,CUST-0922,2025-08-18,166.08,ACH Direct Debit,Completed,84
TX-008697,CUST-0922,2025-09-07,134.05,ACH Direct Debit,Completed,225
TX-008698,CUST-0922,2025-04-05,201.71,Credit Card,Completed,254
TX-008699,CUST-0922,2025-03-14,72.65,Wire Transfer,Completed,171
TX-008700,CUST-0922,2025-06-23,134.22,PayPal,Completed,176
TX-008701,CUST-0922,2025-07-19,231.88,PayPal,Completed,106
TX-008702,CUST-0922,2025-08-11,170.27,Wire Transfer,Completed,397
TX-008703,CUST-0922,2025-04-04,86.17,PayPal,Completed,208
TX-008704,CUST-0922,2026-01-22,357.99,Wire Transfer,Completed,252
TX-008705,CUST-0922,2025-03-25,77.39,PayPal,Completed,407
TX-008706,CUST-0923,2025-06-30,179.09,PayPal,Completed,380
TX-008707,CUST-0923,2025-01-08,195.74,Credit Card,Completed,181
TX-008708,CUST-0923,2025-08-25,104.72,Wire Transfer,Completed,332
TX-008709,CUST-0923,2025-10-24,100.4,ACH Direct Debit,Completed,347
TX-008710,CUST-0923,2025-07-18,267.56,PayPal,Completed,125
TX-008711,CUST-0923,2026-01-29,447.95,PayPal,Completed,346
TX-008712,CUST-0923,2026-01-11,121.96,ACH Direct Debit,Completed,413
TX-008713,CUST-0923,2025-02-22,475.82,Wire Transfer,Completed,123
TX-008714,CUST-0923,2025-12-01,239.23,PayPal,Completed,157
TX-008715,CUST-0923,2025-12-28,95.47,PayPal,Completed,412
TX-008716,CUST-0923,2025-01-28,116.11,ACH Direct Debit,Completed,77
TX-008717,CUST-0923,2025-10-19,318.47,Credit Card,Completed,301
TX-008718,CUST-0923,2025-01-25,467.59,PayPal,Completed,374
TX-008719,CUST-0923,2026-01-31,310.86,PayPal,Completed,210
TX-008720,CUST-0923,2025-10-12,385.85,Credit Card,Completed,399
TX-008721,CUST-0923,2026-01-29,174.43,ACH Direct Debit,Completed,208
TX-008722,CUST-0924,2026-02-22,300.9,ACH Direct Debit,Completed,114
TX-008723,CUST-0924,2025-11-09,306.73,Wire Transfer,Completed,377
TX-008724,CUST-0924,2025-08-22,326.99,PayPal,Completed,396
TX-008725,CUST-0924,2025-12-12,36.48,Wire Transfer,Completed,281
TX-008726,CUST-0924,2025-01-06,396.93,Credit Card,Completed,372
TX-008727,CUST-0924,2025-06-06,78.16,PayPal,Completed,370
TX-008728,CUST-0924,2025-03-12,249.62,ACH Direct Debit,Completed,269
TX-008729,CUST-0924,2025-05-23,78.16,ACH Direct Debit,Completed,302
TX-008730,CUST-0924,2026-01-12,206.29,ACH Direct Debit,Completed,359
TX-008731,CUST-0924,2025-04-16,351.42,Credit Card,Completed,226
TX-008732,CUST-0925,2025-12-28,83.36,PayPal,Completed,340
TX-008733,CUST-0925,2025-03-12,176.03,ACH Direct Debit,Completed,135
TX-008734,CUST-0925,2025-06-04,260.62,PayPal,Completed,283
TX-008735,CUST-0925,2026-01-10,377.62,Credit Card,Completed,119
TX-008736,CUST-0925,2025-01-14,107.8,Credit Card,Completed,360
TX-008737,CUST-0925,2026-02-06,155.93,Credit Card,Completed,109
TX-008738,CUST-0925,2025-02-13,72.18,PayPal,Completed,116
TX-008739,CUST-0925,2025-08-28,151.36,ACH Direct Debit,Completed,235
TX-008740,CUST-0925,2025-02-19,497.2,Wire Transfer,Completed,215
TX-008741,CUST-0925,2026-02-03,265.31,PayPal,Completed,109
TX-008742,CUST-0925,2026-02-16,355.93,Credit Card,Completed,319
TX-008743,CUST-0925,2026-01-19,264.08,PayPal,Completed,311
TX-008744,CUST-0925,2025-08-18,156.54,PayPal,Completed,222
TX-008745,CUST-0926,2025-12-13,175.51,Credit Card,Completed,163
TX-008746,CUST-0926,2025-11-19,179.65,ACH Direct Debit,Completed,224
TX-008747,CUST-0926,2025-11-07,324.15,Wire Transfer,Completed,75
TX-008748,CUST-0926,2025-10-20,245.78,ACH Direct Debit,Completed,195
TX-008749,CUST-0926,2025-01-14,269.12,PayPal,Completed,198
TX-008750,CUST-0927,2026-01-11,160.02,Credit Card,Failed,300
TX-008751,CUST-0927,2025-10-09,111.02,PayPal,Completed,85
TX-008752,CUST-0927,2025-07-19,359.21,PayPal,Failed,98
TX-008753,CUST-0927,2025-05-23,30.91,ACH Direct Debit,Completed,305
TX-008754,CUST-0927,2025-12-21,91.98,PayPal,Completed,216
TX-008755,CUST-0927,2025-02-25,351.79,ACH Direct Debit,Completed,225
TX-008756,CUST-0927,2025-11-03,55.96,Wire Transfer,Completed,242
TX-008757,CUST-0927,2025-09-09,327.5,ACH Direct Debit,Completed,401
TX-008758,CUST-0927,2025-01-11,451.07,Wire Transfer,Completed,141
TX-008759,CUST-0927,2025-01-06,-480.26,Wire Transfer,Failed,354
TX-008760,CUST-0927,2025-11-01,2981.83,PayPal,Failed,3762
TX-008761,CUST-0927,2025-08-05,177.61,Wire Transfer,Completed,77
TX-008762,CUST-0927,2025-04-03,477.72,ACH Direct Debit,Completed,338
TX-008763,CUST-0927,2025-11-16,39.81,Wire Transfer,Completed,238
TX-008764,CUST-0927,2026-02-01,486.38,ACH Direct Debit,Completed,151
TX-008765,CUST-0928,2025-04-26,173.34,ACH Direct Debit,Completed,111
TX-008766,CUST-0928,2025-01-30,272.4,PayPal,Completed,404
TX-008767,CUST-0928,2026-01-23,285.34,Wire Transfer,Completed,213
TX-008768,CUST-0928,2025-12-10,107.12,PayPal,Completed,173
TX-008769,CUST-0928,2025-08-06,384.53,ACH Direct Debit,Completed,136
TX-008770,CUST-0929,2025-01-24,268.91,Wire Transfer,Completed,335
TX-008771,CUST-0929,2025-02-26,142.75,Wire Transfer,Completed,237
TX-008772,CUST-0929,2025-02-11,396.2,PayPal,Completed,257
TX-008773,CUST-0929,2025-08-17,91.68,ACH Direct Debit,Completed,101
TX-008774,CUST-0930,2025-05-15,392.97,ACH Direct Debit,Completed,164
TX-008775,CUST-0930,2025-04-13,44.97,PayPal,Completed,338
TX-008776,CUST-0930,2025-11-28,54.54,Wire Transfer,Completed,299
TX-008777,CUST-0930,2025-03-16,375.08,Credit Card,Completed,101
TX-008778,CUST-0930,2025-11-28,397.46,ACH Direct Debit,Failed,402
TX-008779,CUST-0930,2025-05-05,478.81,PayPal,Completed,270
TX-008780,CUST-0930,2025-09-17,197.19,PayPal,Failed,324
TX-008781,CUST-0930,2025-08-28,425.03,Wire Transfer,Refunded,245
TX-008782,CUST-0930,2025-09-13,389.96,PayPal,Completed,94
TX-008783,CUST-0930,2026-02-05,347.2,ACH Direct Debit,Completed,379
TX-008784,CUST-0930,2025-07-14,388.17,Credit Card,Completed,161
TX-008785,CUST-0930,2025-03-20,379.27,ACH Direct Debit,Completed,311
TX-008786,CUST-0930,2025-03-21,161.54,PayPal,Completed,369
TX-008787,CUST-0930,2025-03-23,105.15,Credit Card,Completed,307
TX-008788,CUST-0930,2025-08-19,366.82,Credit Card,Completed,303
TX-008789,CUST-0931,2026-01-08,355.86,PayPal,Completed,107
TX-008790,CUST-0931,2025-11-23,185.15,PayPal,Completed,307
TX-008791,CUST-0931,2025-09-03,146.46,PayPal,Completed,289
TX-008792,CUST-0931,2025-06-02,152.4,Credit Card,Completed,385
TX-008793,CUST-0931,2026-02-07,363.35,ACH Direct Debit,Completed,279
TX-008794,CUST-0931,2025-09-23,451.21,Credit Card,Completed,338
TX-008795,CUST-0931,2026-02-19,107.88,Wire Transfer,Completed,369
TX-008796,CUST-0931,2025-12-12,4703.3,Wire Transfer,Failed,3794
TX-008797,CUST-0931,2025-06-04,86.71,PayPal,Completed,136
TX-008798,CUST-0931,2026-02-09,351.78,Wire Transfer,Completed,175
TX-008799,CUST-0932,2026-02-02,424.88,PayPal,Completed,80
TX-008800,CUST-0932,2025-05-18,126.72,Wire Transfer,Completed,202
TX-008801,CUST-0932,2025-02-25,100.97,Credit Card,Completed,264
TX-008802,CUST-0933,2026-02-01,157.17,Credit Card,Completed,395
TX-008803,CUST-0933,2026-01-30,319.73,ACH Direct Debit,Completed,261
TX-008804,CUST-0933,2025-04-27,94.92,ACH Direct Debit,Completed,373
TX-008805,CUST-0933,2025-09-26,48.33,ACH Direct Debit,Completed,342
TX-008806,CUST-0933,2025-04-18,440.89,Credit Card,Completed,94
TX-008807,CUST-0933,2025-05-22,477.09,Wire Transfer,Completed,362
TX-008808,CUST-0933,2025-01-21,391.14,PayPal,Completed,273
TX-008809,CUST-0933,2025-10-07,214.68,ACH Direct Debit,Completed,407
TX-008810,CUST-0933,2026-02-24,150.51,PayPal,Completed,375
TX-008811,CUST-0933,2025-02-11,49.87,Wire Transfer,Completed,417
TX-008812,CUST-0933,2025-06-15,187.09,Credit Card,Completed,82
TX-008813,CUST-0933,2025-09-27,262.33,Wire Transfer,Completed,229
TX-008814,CUST-0933,2025-01-09,91.68,Wire Transfer,Failed,318
TX-008815,CUST-0933,2025-09-06,354.91,PayPal,Completed,156
TX-008816,CUST-0933,2025-03-28,258.96,Credit Card,Completed,416
TX-008817,CUST-0934,2025-03-03,359.5,ACH Direct Debit,Completed,109
TX-008818,CUST-0934,2025-04-30,284.81,ACH Direct Debit,Completed,299
TX-008819,CUST-0934,2025-03-09,248.61,PayPal,Completed,409
TX-008820,CUST-0934,2025-07-28,42.49,PayPal,Failed,229
TX-008821,CUST-0934,2025-11-23,456.01,Wire Transfer,Completed,106
TX-008822,CUST-0934,2025-05-13,354.61,ACH Direct Debit,Completed,298
TX-008823,CUST-0934,2025-02-18,230.74,Wire Transfer,Completed,280
TX-008824,CUST-0934,2025-10-17,73.88,Credit Card,Completed,173
TX-008825,CUST-0934,2025-06-16,143.47,Credit Card,Completed,76
TX-008826,CUST-0934,2025-02-13,397.59,ACH Direct Debit,Completed,321
TX-008827,CUST-0934,2025-10-04,141.13,Wire Transfer,Completed,340
TX-008828,CUST-0934,2026-01-11,222.05,ACH Direct Debit,Completed,203
TX-008829,CUST-0934,2025-12-14,380.2,Credit Card,Completed,168
TX-008830,CUST-0934,2026-01-11,272.15,Wire Transfer,Completed,193
TX-008831,CUST-0934,2025-03-24,253.13,PayPal,Completed,407
TX-008832,CUST-0934,2025-05-16,340.11,ACH Direct Debit,Completed,220
TX-008833,CUST-0935,2025-08-16,273.79,PayPal,Completed,382
TX-008834,CUST-0935,2025-05-25,404.62,Credit Card,Failed,310
TX-008835,CUST-0935,2025-08-22,176.55,ACH Direct Debit,Completed,275
TX-008836,CUST-0935,2025-10-19,392.23,ACH Direct Debit,Completed,139
TX-008837,CUST-0935,2025-03-03,132.79,Wire Transfer,Completed,347
TX-008838,CUST-0936,2025-07-12,70.14,Wire Transfer,Refunded,237
TX-008839,CUST-0936,2025-01-16,285.96,Credit Card,Completed,327
TX-008840,CUST-0936,2025-04-01,265.14,ACH Direct Debit,Failed,117
TX-008841,CUST-0936,2025-04-22,178.55,ACH Direct Debit,Completed,359
TX-008842,CUST-0936,2025-09-02,65.23,PayPal,Completed,274
TX-008843,CUST-0936,2026-01-23,423.59,ACH Direct Debit,Completed,177
TX-008844,CUST-0936,2025-03-08,404.58,ACH Direct Debit,Completed,222
TX-008845,CUST-0936,2025-12-11,116.15,Credit Card,Completed,331
TX-008846,CUST-0936,2025-03-27,196.77,Wire Transfer,Completed,104
TX-008847,CUST-0936,2025-04-06,51.89,Credit Card,Completed,351
TX-008848,CUST-0937,2025-05-30,256.29,ACH Direct Debit,Completed,412
TX-008849,CUST-0937,2025-09-20,126.93,PayPal,Completed,124
TX-008850,CUST-0937,2025-01-26,319.07,Wire Transfer,Completed,318
TX-008851,CUST-0937,2025-09-07,225.46,PayPal,Failed,348
TX-008852,CUST-0937,2025-09-29,82.8,ACH Direct Debit,Completed,127
TX-008853,CUST-0938,2025-10-16,318.91,PayPal,Completed,126
TX-008854,CUST-0938,2025-02-04,3984.14,PayPal,Refunded,2613
TX-008855,CUST-0938,2025-05-08,401.0,PayPal,Completed,366
TX-008856,CUST-0938,2025-07-26,283.6,Wire Transfer,Completed,252
TX-008857,CUST-0938,2025-12-22,148.53,ACH Direct Debit,Completed,125
TX-008858,CUST-0938,2025-07-06,436.34,Wire Transfer,Completed,386
TX-008859,CUST-0938,2025-03-13,435.95,PayPal,Completed,316
TX-008860,CUST-0938,2025-01-25,90.52,Credit Card,Completed,390
TX-008861,CUST-0938,2025-12-05,103.56,PayPal,Completed,318
TX-008862,CUST-0938,2025-05-27,348.4,Credit Card,Failed,262
TX-008863,CUST-0939,2025-12-15,36.28,PayPal,Completed,354
TX-008864,CUST-0939,2026-02-05,231.13,ACH Direct Debit,Completed,151
TX-008865,CUST-0939,2025-08-15,343.47,ACH Direct Debit,Completed,363
TX-008866,CUST-0939,2025-06-13,450.15,ACH Direct Debit,Completed,353
TX-008867,CUST-0939,2025-04-03,220.04,Credit Card,Completed,228
TX-008868,CUST-0939,2025-08-24,128.05,Credit Card,Completed,161
TX-008869,CUST-0940,2025-07-19,-158.88,Credit Card,Failed,282
TX-008870,CUST-0940,2025-05-27,328.18,Wire Transfer,Completed,230
TX-008871,CUST-0940,2025-11-01,67.52,Credit Card,Completed,260
TX-008872,CUST-0940,2025-12-07,419.52,Credit Card,Completed,218
TX-008873,CUST-0940,2025-11-24,157.51,PayPal,Completed,139
TX-008874,CUST-0940,2026-01-01,218.73,Wire Transfer,Completed,144
TX-008875,CUST-0940,2025-07-02,454.24,ACH Direct Debit,Completed,324
TX-008876,CUST-0940,2025-04-07,225.3,PayPal,Completed,351
TX-008877,CUST-0940,2025-10-03,149.0,PayPal,Completed,317
TX-008878,CUST-0940,2025-04-28,188.52,Wire Transfer,Completed,324
TX-008879,CUST-0941,2025-08-13,105.43,Credit Card,Completed,108
TX-008880,CUST-0941,2025-10-05,346.47,Credit Card,Completed,278
TX-008881,CUST-0941,2026-01-22,445.71,Credit Card,Refunded,377
TX-008882,CUST-0941,2026-01-28,114.39,ACH Direct Debit,Completed,345
TX-008883,CUST-0942,2025-06-21,267.65,ACH Direct Debit,Completed,317
TX-008884,CUST-0942,2025-10-03,468.57,Credit Card,Completed,293
TX-008885,CUST-0942,2025-11-16,220.19,ACH Direct Debit,Completed,369
TX-008886,CUST-0942,2025-05-27,332.65,Credit Card,Completed,174
TX-008887,CUST-0942,2025-09-01,331.01,ACH Direct Debit,Completed,240
TX-008888,CUST-0942,2025-05-27,450.83,Credit Card,Completed,311
TX-008889,CUST-0942,2025-09-24,391.85,Wire Transfer,Completed,248
TX-008890,CUST-0942,2025-06-09,283.94,Wire Transfer,Completed,287
TX-008891,CUST-0943,2025-08-27,361.83,PayPal,Completed,111
TX-008892,CUST-0943,2025-08-07,201.02,PayPal,Completed,101
TX-008893,CUST-0943,2026-02-23,473.7,Credit Card,Completed,274
TX-008894,CUST-0943,2025-10-04,56.71,Wire Transfer,Refunded,305
TX-008895,CUST-0943,2025-01-14,51.19,Credit Card,Completed,278
TX-008896,CUST-0944,2026-01-04,388.0,ACH Direct Debit,Completed,284
TX-008897,CUST-0944,2025-11-21,175.26,PayPal,Completed,157
TX-008898,CUST-0944,2025-06-18,356.43,Wire Transfer,Completed,338
TX-008899,CUST-0944,2025-04-27,337.35,PayPal,Completed,202
TX-008900,CUST-0944,2025-05-27,270.27,Wire Transfer,Completed,159
TX-008901,CUST-0944,2026-01-17,33.75,PayPal,Completed,276
TX-008902,CUST-0944,2025-04-17,151.58,Credit Card,Completed,119
TX-008903,CUST-0944,2025-01-11,101.28,Credit Card,Completed,117
TX-008904,CUST-0944,2025-04-16,451.06,Credit Card,Completed,279
TX-008905,CUST-0945,2025-10-15,36.15,PayPal,Completed,282
TX-008906,CUST-0945,2025-12-22,323.72,Wire Transfer,Completed,110
TX-008907,CUST-0945,2025-09-11,356.55,PayPal,Completed,251
TX-008908,CUST-0945,2026-01-27,106.05,Credit Card,Completed,118
TX-008909,CUST-0945,2025-07-05,479.62,Wire Transfer,Completed,308
TX-008910,CUST-0945,2025-09-04,64.32,Credit Card,Completed,277
TX-008911,CUST-0945,2025-07-12,108.59,Credit Card,Completed,172
TX-008912,CUST-0945,2025-02-26,415.48,Credit Card,Completed,317
TX-008913,CUST-0945,2025-03-01,236.11,Credit Card,Completed,225
TX-008914,CUST-0945,2025-10-04,133.89,Credit Card,Completed,267
TX-008915,CUST-0946,2026-01-16,182.02,Wire Transfer,Completed,178
TX-008916,CUST-0946,2025-04-15,134.64,ACH Direct Debit,Completed,190
TX-008917,CUST-0946,2025-07-13,111.34,Credit Card,Completed,221
TX-008918,CUST-0946,2026-01-21,484.35,Credit Card,Completed,253
TX-008919,CUST-0946,2025-07-14,161.69,Wire Transfer,Completed,284
TX-008920,CUST-0946,2025-04-08,316.48,Wire Transfer,Failed,173
TX-008921,CUST-0946,2025-08-16,278.71,ACH Direct Debit,Completed,344
TX-008922,CUST-0946,2025-04-21,446.94,Credit Card,Completed,257
TX-008923,CUST-0946,2025-02-04,96.35,Credit Card,Completed,418
TX-008924,CUST-0946,2025-05-15,464.47,PayPal,Completed,376
TX-008925,CUST-0947,2025-06-22,301.05,ACH Direct Debit,Completed,78
TX-008926,CUST-0947,2025-07-06,157.64,PayPal,Completed,104
TX-008927,CUST-0947,2025-05-12,199.59,PayPal,Completed,365
TX-008928,CUST-0947,2025-03-17,392.18,Wire Transfer,Completed,145
TX-008929,CUST-0947,2025-09-16,286.28,Wire Transfer,Completed,398
TX-008930,CUST-0947,2026-01-17,328.53,Credit Card,Failed,222
TX-008931,CUST-0948,2025-02-20,3965.94,ACH Direct Debit,Refunded,3717
TX-008932,CUST-0948,2025-07-01,97.81,ACH Direct Debit,Completed,105
TX-008933,CUST-0948,2025-06-10,170.8,ACH Direct Debit,Completed,244
TX-008934,CUST-0948,2026-02-21,96.83,PayPal,Failed,103
TX-008935,CUST-0948,2026-02-18,155.15,PayPal,Completed,310
TX-008936,CUST-0949,2025-07-15,264.0,ACH Direct Debit,Completed,148
TX-008937,CUST-0949,2026-01-22,299.49,PayPal,Completed,79
TX-008938,CUST-0949,2025-12-14,272.69,Wire Transfer,Completed,198
TX-008939,CUST-0949,2025-10-15,327.37,Credit Card,Completed,412
TX-008940,CUST-0949,2025-08-25,441.96,ACH Direct Debit,Completed,102
TX-008941,CUST-0949,2025-01-12,48.72,ACH Direct Debit,Completed,78
TX-008942,CUST-0949,2025-07-20,90.99,Wire Transfer,Completed,162
TX-008943,CUST-0949,2025-10-07,104.08,Wire Transfer,Completed,232
TX-008944,CUST-0949,2025-03-21,357.48,PayPal,Completed,157
TX-008945,CUST-0949,2025-01-30,230.04,ACH Direct Debit,Completed,230
TX-008946,CUST-0949,2025-05-01,453.66,Wire Transfer,Completed,145
TX-008947,CUST-0949,2025-01-02,63.52,ACH Direct Debit,Completed,285
TX-008948,CUST-0949,2025-07-06,465.9,PayPal,Completed,202
TX-008949,CUST-0949,2026-01-14,168.72,Wire Transfer,Completed,352
TX-008950,CUST-0949,2025-02-01,129.68,Credit Card,Completed,97
TX-008951,CUST-0949,2025-12-21,467.66,Credit Card,Completed,213
TX-008952,CUST-0950,2026-01-26,50.32,Wire Transfer,Completed,372
TX-008953,CUST-0950,2026-02-24,149.46,Credit Card,Completed,284
TX-008954,CUST-0950,2026-01-09,278.64,ACH Direct Debit,Completed,281
TX-008955,CUST-0950,2025-07-11,183.86,Wire Transfer,Completed,154
TX-008956,CUST-0950,2025-08-26,236.73,ACH Direct Debit,Completed,314
TX-008957,CUST-0950,2026-01-29,446.47,ACH Direct Debit,Completed,147
TX-008958,CUST-0950,2025-09-10,190.4,PayPal,Completed,182
TX-008959,CUST-0950,2025-03-08,362.75,Wire Transfer,Completed,234
TX-008960,CUST-0951,2025-04-06,388.63,PayPal,Completed,292
TX-008961,CUST-0951,2025-03-31,119.72,ACH Direct Debit,Completed,215
TX-008962,CUST-0951,2025-02-08,353.85,Wire Transfer,Completed,86
TX-008963,CUST-0951,2025-12-07,179.52,Credit Card,Completed,305
TX-008964,CUST-0951,2025-04-01,149.12,Wire Transfer,Completed,200
TX-008965,CUST-0951,2025-07-12,98.88,PayPal,Completed,109
TX-008966,CUST-0951,2025-11-24,195.07,PayPal,Completed,314
TX-008967,CUST-0951,2025-09-05,491.91,ACH Direct Debit,Completed,186
TX-008968,CUST-0951,2025-06-13,488.95,ACH Direct Debit,Completed,148
TX-008969,CUST-0951,2025-07-02,171.01,Credit Card,Completed,273
TX-008970,CUST-0951,2025-06-26,347.65,Credit Card,Completed,366
TX-008971,CUST-0951,2025-11-24,145.08,Credit Card,Failed,336
TX-008972,CUST-0951,2025-05-18,344.59,Wire Transfer,Completed,403
TX-008973,CUST-0951,2025-10-18,276.29,ACH Direct Debit,Completed,284
TX-008974,CUST-0951,2025-02-28,323.31,Credit Card,Completed,87
TX-008975,CUST-0951,2025-02-20,466.96,Credit Card,Completed,255
TX-008976,CUST-0952,2025-09-10,467.49,ACH Direct Debit,Completed,395
TX-008977,CUST-0952,2026-02-12,384.95,Credit Card,Completed,128
TX-008978,CUST-0952,2025-02-02,259.36,ACH Direct Debit,Completed,299
TX-008979,CUST-0953,2025-02-10,372.74,Credit Card,Completed,334
TX-008980,CUST-0953,2025-07-02,386.41,ACH Direct Debit,Completed,208
TX-008981,CUST-0953,2025-01-25,205.91,ACH Direct Debit,Completed,110
TX-008982,CUST-0954,2026-01-29,492.94,Wire Transfer,Completed,80
TX-008983,CUST-0954,2025-06-20,389.0,Credit Card,Completed,357
TX-008984,CUST-0954,2025-11-06,415.25,Credit Card,Completed,304
TX-008985,CUST-0954,2025-12-21,91.57,Credit Card,Completed,329
TX-008986,CUST-0954,2026-02-22,357.64,ACH Direct Debit,Completed,139
TX-008987,CUST-0954,2025-07-07,323.02,Credit Card,Completed,167
TX-008988,CUST-0954,2026-02-18,491.41,Credit Card,Completed,335
TX-008989,CUST-0954,2025-06-16,222.56,Credit Card,Refunded,179
TX-008990,CUST-0954,2025-08-15,94.71,PayPal,Completed,104
TX-008991,CUST-0954,2025-07-22,128.48,ACH Direct Debit,Completed,111
TX-008992,CUST-0954,2026-01-26,447.49,ACH Direct Debit,Completed,83
TX-008993,CUST-0954,2025-10-01,471.6,PayPal,Completed,85
TX-008994,CUST-0955,2025-07-05,321.12,Credit Card,Completed,129
TX-008995,CUST-0955,2025-03-18,198.74,ACH Direct Debit,Failed,76
TX-008996,CUST-0955,2025-04-09,150.28,Credit Card,Completed,258
TX-008997,CUST-0955,2025-06-25,2153.2,ACH Direct Debit,Refunded,3186
TX-008998,CUST-0955,2025-02-26,335.39,PayPal,Completed,271
TX-008999,CUST-0955,2025-04-09,222.25,PayPal,Completed,172
TX-009000,CUST-0955,2025-04-30,384.23,ACH Direct Debit,Completed,407
TX-009001,CUST-0956,2025-03-10,397.09,PayPal,Completed,300
TX-009002,CUST-0956,2026-01-09,445.57,PayPal,Completed,340
TX-009003,CUST-0956,2025-01-28,113.09,Credit Card,Refunded,322
TX-009004,CUST-0956,2025-03-08,75.03,ACH Direct Debit,Completed,291
TX-009005,CUST-0956,2025-03-06,187.8,PayPal,Completed,173
TX-009006,CUST-0956,2025-05-11,454.07,Credit Card,Completed,137
TX-009007,CUST-0956,2025-07-27,236.83,Credit Card,Completed,148
TX-009008,CUST-0956,2026-01-24,484.24,PayPal,Completed,287
TX-009009,CUST-0956,2025-06-01,123.95,PayPal,Completed,127
TX-009010,CUST-0956,2025-03-27,185.89,Wire Transfer,Refunded,252
TX-009011,CUST-0956,2026-02-20,137.66,PayPal,Completed,247
TX-009012,CUST-0956,2025-10-17,431.02,ACH Direct Debit,Refunded,234
TX-009013,CUST-0956,2025-09-24,320.78,Wire Transfer,Completed,408
TX-009014,CUST-0956,2025-03-26,105.82,Wire Transfer,Completed,188
TX-009015,CUST-0956,2025-04-04,240.22,Credit Card,Completed,408
TX-009016,CUST-0956,2025-04-09,138.13,ACH Direct Debit,Completed,131
TX-009017,CUST-0957,2025-06-23,278.09,Wire Transfer,Completed,326
TX-009018,CUST-0957,2025-03-25,115.74,Credit Card,Completed,395
TX-009019,CUST-0957,2025-01-18,3337.73,Credit Card,Failed,2651
TX-009020,CUST-0958,2025-04-26,348.61,PayPal,Completed,402
TX-009021,CUST-0958,2025-07-10,462.08,Credit Card,Completed,258
TX-009022,CUST-0958,2025-03-06,75.58,Wire Transfer,Completed,285
TX-009023,CUST-0958,2025-07-26,207.46,ACH Direct Debit,Completed,402
TX-009024,CUST-0958,2025-06-23,268.64,ACH Direct Debit,Completed,230
TX-009025,CUST-0958,2025-10-05,356.52,PayPal,Completed,133
TX-009026,CUST-0959,2026-02-15,178.14,ACH Direct Debit,Completed,157
TX-009027,CUST-0959,2025-09-12,119.25,Wire Transfer,Completed,372
TX-009028,CUST-0959,2025-10-05,128.23,ACH Direct Debit,Completed,353
TX-009029,CUST-0959,2025-02-25,216.85,PayPal,Completed,192
TX-009030,CUST-0959,2025-04-05,402.69,PayPal,Completed,383
TX-009031,CUST-0959,2025-05-13,373.86,ACH Direct Debit,Completed,163
TX-009032,CUST-0959,2025-08-22,32.68,Credit Card,Completed,207
TX-009033,CUST-0960,2025-12-12,468.06,ACH Direct Debit,Failed,91
TX-009034,CUST-0960,2025-07-10,332.21,Wire Transfer,Completed,278
TX-009035,CUST-0960,2025-08-06,256.76,Credit Card,Completed,407
TX-009036,CUST-0960,2025-08-23,197.54,Wire Transfer,Completed,126
TX-009037,CUST-0961,2025-07-07,224.22,PayPal,Completed,185
TX-009038,CUST-0961,2025-08-05,427.53,Wire Transfer,Completed,347
TX-009039,CUST-0961,2025-01-27,309.14,PayPal,Completed,324
TX-009040,CUST-0961,2025-10-18,230.65,ACH Direct Debit,Completed,261
TX-009041,CUST-0961,2025-02-12,108.85,Wire Transfer,Completed,355
TX-009042,CUST-0961,2026-02-01,463.0,ACH Direct Debit,Completed,234
TX-009043,CUST-0961,2025-10-25,374.03,PayPal,Completed,335
TX-009044,CUST-0962,2025-03-26,428.42,Wire Transfer,Completed,221
TX-009045,CUST-0962,2025-08-31,479.17,Wire Transfer,Completed,402
TX-009046,CUST-0962,2025-11-10,52.42,Credit Card,Completed,118
TX-009047,CUST-0962,2025-12-26,213.67,PayPal,Completed,290
TX-009048,CUST-0962,2025-05-15,395.96,ACH Direct Debit,Completed,298
TX-009049,CUST-0962,2025-04-13,91.64,Credit Card,Completed,347
TX-009050,CUST-0962,2025-07-26,320.06,Wire Transfer,Completed,133
TX-009051,CUST-0962,2025-07-21,383.87,ACH Direct Debit,Completed,417
TX-009052,CUST-0962,2025-12-18,56.73,ACH Direct Debit,Completed,191
TX-009053,CUST-0962,2025-05-18,477.61,Credit Card,Completed,214
TX-009054,CUST-0962,2025-10-26,408.83,PayPal,Completed,373
TX-009055,CUST-0962,2025-12-03,400.6,ACH Direct Debit,Completed,321
TX-009056,CUST-0962,2025-02-10,176.41,PayPal,Completed,302
TX-009057,CUST-0963,2025-02-11,493.15,Wire Transfer,Completed,343
TX-009058,CUST-0963,2025-11-29,246.29,PayPal,Completed,100
TX-009059,CUST-0963,2025-08-20,351.24,Credit Card,Completed,119
TX-009060,CUST-0963,2025-01-19,43.9,PayPal,Failed,373
TX-009061,CUST-0963,2025-07-25,47.16,PayPal,Completed,152
TX-009062,CUST-0963,2025-05-13,343.73,Wire Transfer,Completed,402
TX-009063,CUST-0963,2025-07-24,394.09,Credit Card,Completed,408
TX-009064,CUST-0963,2025-01-05,290.2,Wire Transfer,Completed,102
TX-009065,CUST-0964,2025-10-24,198.75,Wire Transfer,Completed,381
TX-009066,CUST-0964,2025-06-14,160.99,Wire Transfer,Completed,273
TX-009067,CUST-0964,2025-04-24,430.56,ACH Direct Debit,Completed,331
TX-009068,CUST-0964,2025-07-23,475.56,ACH Direct Debit,Completed,350
TX-009069,CUST-0964,2025-05-25,484.04,Wire Transfer,Completed,219
TX-009070,CUST-0964,2025-02-11,99.85,Wire Transfer,Completed,269
TX-009071,CUST-0964,2026-01-23,264.89,Wire Transfer,Completed,149
TX-009072,CUST-0964,2025-06-21,95.44,Credit Card,Completed,182
TX-009073,CUST-0964,2025-05-06,427.67,PayPal,Completed,348
TX-009074,CUST-0964,2025-08-29,78.24,PayPal,Completed,157
TX-009075,CUST-0964,2025-09-12,374.42,Credit Card,Completed,332
TX-009076,CUST-0964,2026-01-14,406.52,PayPal,Completed,205
TX-009077,CUST-0964,2025-07-12,299.47,PayPal,Refunded,200
TX-009078,CUST-0964,2025-07-27,369.56,ACH Direct Debit,Completed,291
TX-009079,CUST-0965,2026-02-06,236.55,PayPal,Completed,193
TX-009080,CUST-0965,2025-11-13,241.74,Credit Card,Completed,185
TX-009081,CUST-0965,2025-04-27,331.47,Wire Transfer,Completed,388
TX-009082,CUST-0965,2025-03-06,207.69,ACH Direct Debit,Failed,352
TX-009083,CUST-0965,2025-02-27,327.22,PayPal,Completed,403
TX-009084,CUST-0965,2025-03-09,437.69,Wire Transfer,Completed,171
TX-009085,CUST-0965,2025-08-19,3502.6,Credit Card,Refunded,1825
TX-009086,CUST-0965,2025-10-09,233.66,PayPal,Completed,353
TX-009087,CUST-0965,2025-07-26,397.97,ACH Direct Debit,Completed,95
TX-009088,CUST-0965,2025-06-22,172.16,ACH Direct Debit,Completed,297
TX-009089,CUST-0966,2026-01-21,128.59,Credit Card,Completed,357
TX-009090,CUST-0966,2025-04-17,460.73,Wire Transfer,Completed,412
TX-009091,CUST-0966,2025-04-18,434.69,Wire Transfer,Completed,168
TX-009092,CUST-0966,2025-09-09,309.4,Wire Transfer,Completed,367
TX-009093,CUST-0966,2025-01-16,172.05,Wire Transfer,Failed,363
TX-009094,CUST-0966,2025-09-13,369.83,Wire Transfer,Completed,122
TX-009095,CUST-0966,2025-06-21,392.88,Wire Transfer,Completed,366
TX-009096,CUST-0966,2026-01-14,262.33,Credit Card,Completed,252
TX-009097,CUST-0966,2025-04-02,312.16,Wire Transfer,Completed,392
TX-009098,CUST-0966,2025-01-13,61.93,PayPal,Completed,82
TX-009099,CUST-0966,2025-08-31,444.7,PayPal,Completed,413
TX-009100,CUST-0966,2025-01-26,464.28,Credit Card,Completed,226
TX-009101,CUST-0966,2025-02-11,491.53,ACH Direct Debit,Completed,350
TX-009102,CUST-0966,2025-10-24,228.59,Wire Transfer,Completed,197
TX-009103,CUST-0967,2025-08-10,293.65,Credit Card,Completed,355
TX-009104,CUST-0967,2026-01-01,352.04,Wire Transfer,Completed,362
TX-009105,CUST-0967,2025-08-11,382.29,ACH Direct Debit,Failed,176
TX-009106,CUST-0967,2025-02-05,170.61,ACH Direct Debit,Completed,220
TX-009107,CUST-0967,2025-02-09,314.74,PayPal,Completed,290
TX-009108,CUST-0967,2025-10-02,80.61,PayPal,Completed,113
TX-009109,CUST-0967,2025-12-05,452.11,Wire Transfer,Completed,371
TX-009110,CUST-0967,2025-02-02,378.96,PayPal,Completed,333
TX-009111,CUST-0967,2026-01-01,347.98,Wire Transfer,Completed,182
TX-009112,CUST-0967,2025-01-22,60.2,Credit Card,Completed,361
TX-009113,CUST-0967,2025-01-04,255.97,ACH Direct Debit,Completed,147
TX-009114,CUST-0967,2025-06-03,498.37,Credit Card,Completed,196
TX-009115,CUST-0967,2025-11-16,448.4,Wire Transfer,Completed,138
TX-009116,CUST-0967,2025-06-07,387.98,ACH Direct Debit,Completed,152
TX-009117,CUST-0967,2025-05-30,95.17,ACH Direct Debit,Completed,228
TX-009118,CUST-0968,2025-06-19,288.0,Wire Transfer,Completed,330
TX-009119,CUST-0968,2025-10-26,91.38,Credit Card,Completed,172
TX-009120,CUST-0968,2025-07-11,236.41,Wire Transfer,Completed,122
TX-009121,CUST-0968,2026-01-14,308.6,Wire Transfer,Failed,164
TX-009122,CUST-0968,2025-06-08,453.13,PayPal,Refunded,153
TX-009123,CUST-0968,2025-03-15,193.65,Credit Card,Completed,274
TX-009124,CUST-0968,2025-07-12,388.41,Credit Card,Completed,361
TX-009125,CUST-0968,2025-10-08,250.22,ACH Direct Debit,Completed,296
TX-009126,CUST-0968,2025-02-14,354.2,Wire Transfer,Completed,399
TX-009127,CUST-0968,2025-10-16,479.84,ACH Direct Debit,Completed,85
TX-009128,CUST-0968,2025-07-07,402.75,Credit Card,Completed,120
TX-009129,CUST-0969,2025-06-08,59.78,Wire Transfer,Completed,344
TX-009130,CUST-0969,2025-06-26,462.81,PayPal,Completed,183
TX-009131,CUST-0969,2025-02-19,84.43,PayPal,Completed,157
TX-009132,CUST-0969,2025-03-02,180.39,Credit Card,Completed,333
TX-009133,CUST-0969,2025-06-08,316.18,PayPal,Completed,87
TX-009134,CUST-0969,2025-08-03,295.04,PayPal,Completed,97
TX-009135,CUST-0969,2025-12-03,499.95,Wire Transfer,Completed,82
TX-009136,CUST-0969,2026-02-18,53.36,ACH Direct Debit,Completed,182
TX-009137,CUST-0969,2025-10-14,285.23,Wire Transfer,Completed,139
TX-009138,CUST-0969,2025-03-26,439.73,Wire Transfer,Completed,205
TX-009139,CUST-0969,2025-04-29,349.0,Wire Transfer,Completed,408
TX-009140,CUST-0969,2025-12-16,463.51,Credit Card,Completed,320
TX-009141,CUST-0969,2025-01-15,96.72,Wire Transfer,Completed,237
TX-009142,CUST-0969,2025-06-19,408.2,PayPal,Completed,298
TX-009143,CUST-0970,2025-02-12,378.57,Credit Card,Completed,264
TX-009144,CUST-0970,2025-09-18,471.22,ACH Direct Debit,Completed,346
TX-009145,CUST-0970,2025-01-19,154.02,PayPal,Completed,234
TX-009146,CUST-0970,2025-04-23,410.06,Wire Transfer,Completed,132
TX-009147,CUST-0970,2025-06-07,417.6,ACH Direct Debit,Completed,306
TX-009148,CUST-0970,2025-11-17,168.69,Credit Card,Completed,193
TX-009149,CUST-0970,2025-04-22,453.2,PayPal,Completed,415
TX-009150,CUST-0970,2025-10-08,395.39,PayPal,Completed,259
TX-009151,CUST-0970,2025-05-01,191.3,Wire Transfer,Completed,295
TX-009152,CUST-0970,2025-07-04,476.99,PayPal,Completed,92
TX-009153,CUST-0970,2025-11-10,59.61,ACH Direct Debit,Completed,203
TX-009154,CUST-0970,2025-04-11,141.96,ACH Direct Debit,Completed,389
TX-009155,CUST-0970,2026-01-15,434.15,PayPal,Completed,281
TX-009156,CUST-0971,2025-12-03,57.87,Credit Card,Completed,145
TX-009157,CUST-0971,2025-07-11,119.3,Wire Transfer,Failed,328
TX-009158,CUST-0971,2025-08-19,309.2,PayPal,Failed,169
TX-009159,CUST-0971,2025-07-22,182.89,Credit Card,Completed,264
TX-009160,CUST-0971,2025-05-11,234.34,PayPal,Completed,97
TX-009161,CUST-0971,2025-01-21,372.61,PayPal,Failed,334
TX-009162,CUST-0971,2025-01-10,32.6,ACH Direct Debit,Completed,113
TX-009163,CUST-0971,2025-11-20,58.16,Wire Transfer,Completed,362
TX-009164,CUST-0971,2026-02-02,81.6,ACH Direct Debit,Completed,198
TX-009165,CUST-0971,2025-04-14,112.3,Wire Transfer,Completed,188
TX-009166,CUST-0971,2025-11-12,399.49,ACH Direct Debit,Completed,239
TX-009167,CUST-0971,2025-06-17,91.7,Wire Transfer,Completed,354
TX-009168,CUST-0971,2025-12-05,104.52,Credit Card,Completed,403
TX-009169,CUST-0971,2025-03-10,177.01,Credit Card,Completed,246
TX-009170,CUST-0971,2025-09-30,137.15,ACH Direct Debit,Completed,98
TX-009171,CUST-0971,2026-01-18,155.66,PayPal,Completed,346
TX-009172,CUST-0972,2025-09-07,491.87,Wire Transfer,Completed,208
TX-009173,CUST-0972,2025-06-27,68.1,Wire Transfer,Completed,419
TX-009174,CUST-0972,2026-02-16,233.89,Wire Transfer,Completed,400
TX-009175,CUST-0972,2025-09-30,363.28,PayPal,Completed,273
TX-009176,CUST-0972,2025-05-27,260.87,ACH Direct Debit,Completed,170
TX-009177,CUST-0972,2025-11-10,399.73,Wire Transfer,Completed,176
TX-009178,CUST-0972,2025-01-03,192.59,ACH Direct Debit,Completed,262
TX-009179,CUST-0972,2025-01-03,401.43,Wire Transfer,Completed,171
TX-009180,CUST-0972,2025-01-06,166.04,PayPal,Completed,214
TX-009181,CUST-0972,2025-10-18,294.3,ACH Direct Debit,Completed,148
TX-009182,CUST-0972,2025-05-30,166.82,Wire Transfer,Completed,327
TX-009183,CUST-0972,2025-02-27,488.09,Credit Card,Completed,80
TX-009184,CUST-0972,2025-04-27,490.75,Credit Card,Completed,129
TX-009185,CUST-0973,2025-11-07,72.68,PayPal,Completed,228
TX-009186,CUST-0973,2025-07-11,487.94,ACH Direct Debit,Completed,298
TX-009187,CUST-0973,2025-04-21,148.6,Credit Card,Completed,222
TX-009188,CUST-0973,2025-06-20,130.24,PayPal,Completed,399
TX-009189,CUST-0973,2025-07-01,39.9,Credit Card,Completed,192
TX-009190,CUST-0973,2025-07-21,67.69,PayPal,Completed,409
TX-009191,CUST-0974,2025-09-21,281.63,Wire Transfer,Completed,326
TX-009192,CUST-0974,2025-09-06,87.36,Wire Transfer,Completed,253
TX-009193,CUST-0974,2025-10-01,173.57,ACH Direct Debit,Completed,287
TX-009194,CUST-0974,2025-04-01,54.71,Wire Transfer,Completed,160
TX-009195,CUST-0974,2026-01-27,102.81,PayPal,Completed,106
TX-009196,CUST-0974,2025-05-03,442.02,ACH Direct Debit,Completed,224
TX-009197,CUST-0974,2025-06-30,191.14,Credit Card,Completed,167
TX-009198,CUST-0974,2025-03-26,140.75,Credit Card,Completed,136
TX-009199,CUST-0974,2025-09-16,196.5,PayPal,Completed,349
TX-009200,CUST-0974,2026-01-18,350.4,Wire Transfer,Completed,195
TX-009201,CUST-0974,2025-08-31,135.95,Credit Card,Completed,211
TX-009202,CUST-0974,2025-10-28,299.41,Credit Card,Refunded,329
TX-009203,CUST-0974,2026-01-05,124.88,ACH Direct Debit,Completed,226
TX-009204,CUST-0975,2025-02-06,369.47,PayPal,Completed,123
TX-009205,CUST-0975,2025-05-14,235.78,Wire Transfer,Completed,201
TX-009206,CUST-0975,2026-01-29,181.16,Credit Card,Completed,275
TX-009207,CUST-0975,2025-05-16,83.85,ACH Direct Debit,Completed,255
TX-009208,CUST-0975,2025-12-07,82.05,Wire Transfer,Completed,305
TX-009209,CUST-0976,2026-01-20,341.04,ACH Direct Debit,Completed,171
TX-009210,CUST-0976,2025-08-01,199.5,PayPal,Completed,262
TX-009211,CUST-0976,2025-02-24,308.91,ACH Direct Debit,Completed,167
TX-009212,CUST-0976,2025-05-23,179.04,Wire Transfer,Completed,266
TX-009213,CUST-0976,2025-07-10,38.37,ACH Direct Debit,Refunded,172
TX-009214,CUST-0977,2025-12-20,405.05,Wire Transfer,Completed,178
TX-009215,CUST-0977,2025-09-11,82.75,ACH Direct Debit,Completed,276
TX-009216,CUST-0977,2025-01-31,334.97,Credit Card,Completed,243
TX-009217,CUST-0977,2025-05-12,110.71,ACH Direct Debit,Failed,351
TX-009218,CUST-0977,2025-04-22,100.13,PayPal,Completed,165
TX-009219,CUST-0977,2025-09-12,162.24,ACH Direct Debit,Completed,224
TX-009220,CUST-0977,2025-07-21,260.54,Credit Card,Completed,148
TX-009221,CUST-0977,2025-09-24,146.16,PayPal,Completed,334
TX-009222,CUST-0977,2026-02-04,31.78,ACH Direct Debit,Completed,374
TX-009223,CUST-0977,2025-05-24,253.46,PayPal,Completed,175
TX-009224,CUST-0977,2025-07-19,107.0,ACH Direct Debit,Completed,241
TX-009225,CUST-0977,2025-03-10,420.62,Wire Transfer,Failed,116
TX-009226,CUST-0977,2025-07-29,375.27,Credit Card,Completed,181
TX-009227,CUST-0977,2025-07-31,212.09,ACH Direct Debit,Completed,147
TX-009228,CUST-0977,2025-11-29,391.69,Credit Card,Completed,253
TX-009229,CUST-0977,2025-06-02,154.71,PayPal,Completed,166
TX-009230,CUST-0978,2025-04-26,449.17,ACH Direct Debit,Completed,301
TX-009231,CUST-0978,2025-10-29,398.83,Wire Transfer,Completed,126
TX-009232,CUST-0978,2025-08-24,217.43,ACH Direct Debit,Completed,214
TX-009233,CUST-0978,2025-12-04,455.6,ACH Direct Debit,Completed,188
TX-009234,CUST-0978,2025-10-29,279.4,Credit Card,Completed,181
TX-009235,CUST-0978,2025-08-31,265.05,ACH Direct Debit,Completed,415
TX-009236,CUST-0978,2025-04-24,322.39,Credit Card,Failed,332
TX-009237,CUST-0978,2026-01-15,210.5,ACH Direct Debit,Completed,368
TX-009238,CUST-0979,2025-06-18,377.72,ACH Direct Debit,Completed,99
TX-009239,CUST-0979,2025-04-19,170.48,Credit Card,Completed,285
TX-009240,CUST-0979,2025-01-19,321.5,Wire Transfer,Completed,208
TX-009241,CUST-0979,2025-10-27,140.02,ACH Direct Debit,Completed,408
TX-009242,CUST-0979,2025-03-20,456.63,ACH Direct Debit,Failed,387
TX-009243,CUST-0979,2025-10-21,447.07,ACH Direct Debit,Completed,276
TX-009244,CUST-0980,2025-11-28,409.11,ACH Direct Debit,Completed,325
TX-009245,CUST-0980,2025-04-29,323.05,Wire Transfer,Completed,265
TX-009246,CUST-0980,2025-07-26,35.39,Credit Card,Completed,306
TX-009247,CUST-0980,2025-05-12,34.25,Wire Transfer,Completed,133
TX-009248,CUST-0980,2026-02-04,265.24,Wire Transfer,Completed,108
TX-009249,CUST-0980,2026-02-11,285.7,Credit Card,Completed,403
TX-009250,CUST-0981,2025-09-05,430.68,ACH Direct Debit,Completed,411
TX-009251,CUST-0981,2025-03-05,460.88,ACH Direct Debit,Completed,287
TX-009252,CUST-0981,2025-08-07,152.66,Wire Transfer,Completed,357
TX-009253,CUST-0981,2025-10-15,42.28,PayPal,Completed,166
TX-009254,CUST-0981,2025-07-18,233.57,ACH Direct Debit,Completed,286
TX-009255,CUST-0981,2025-12-24,418.97,Wire Transfer,Completed,278
TX-009256,CUST-0981,2025-07-26,196.79,Wire Transfer,Completed,101
TX-009257,CUST-0981,2025-10-06,411.86,PayPal,Completed,367
TX-009258,CUST-0981,2025-01-13,322.64,Credit Card,Completed,170
TX-009259,CUST-0981,2025-08-22,220.45,ACH Direct Debit,Completed,360
TX-009260,CUST-0982,2025-03-27,238.79,PayPal,Completed,365
TX-009261,CUST-0982,2025-01-29,349.17,PayPal,Completed,308
TX-009262,CUST-0982,2025-06-03,250.18,PayPal,Completed,392
TX-009263,CUST-0982,2025-07-18,353.29,ACH Direct Debit,Failed,375
TX-009264,CUST-0982,2026-01-03,309.22,Credit Card,Completed,316
TX-009265,CUST-0982,2025-12-26,231.82,Credit Card,Completed,325
TX-009266,CUST-0982,2026-01-07,473.85,ACH Direct Debit,Completed,115
TX-009267,CUST-0983,2025-07-25,210.06,Credit Card,Completed,101
TX-009268,CUST-0983,2025-01-13,334.73,Wire Transfer,Completed,295
TX-009269,CUST-0983,2025-04-22,270.46,Wire Transfer,Completed,250
TX-009270,CUST-0983,2025-01-16,313.14,ACH Direct Debit,Refunded,208
TX-009271,CUST-0983,2025-04-06,327.68,PayPal,Completed,86
TX-009272,CUST-0983,2026-02-21,333.95,Wire Transfer,Completed,204
TX-009273,CUST-0983,2025-10-19,399.91,PayPal,Completed,253
TX-009274,CUST-0983,2025-02-19,238.98,Wire Transfer,Completed,287
TX-009275,CUST-0983,2025-08-04,172.5,Wire Transfer,Completed,240
TX-009276,CUST-0983,2025-07-28,99.33,ACH Direct Debit,Completed,321
TX-009277,CUST-0984,2025-01-31,485.19,Credit Card,Completed,173
TX-009278,CUST-0984,2025-05-27,355.45,Wire Transfer,Completed,282
TX-009279,CUST-0984,2026-02-20,113.35,PayPal,Failed,262
TX-009280,CUST-0984,2025-08-20,48.37,Credit Card,Completed,85
TX-009281,CUST-0984,2025-10-10,296.09,PayPal,Completed,316
TX-009282,CUST-0985,2025-10-24,57.65,ACH Direct Debit,Completed,128
TX-009283,CUST-0985,2025-05-10,229.23,ACH Direct Debit,Completed,102
TX-009284,CUST-0985,2025-12-30,280.29,Credit Card,Completed,338
TX-009285,CUST-0985,2025-04-07,311.43,ACH Direct Debit,Completed,310
TX-009286,CUST-0985,2025-11-13,400.24,ACH Direct Debit,Completed,418
TX-009287,CUST-0985,2025-06-20,65.65,PayPal,Completed,394
TX-009288,CUST-0985,2025-04-03,495.24,Wire Transfer,Failed,403
TX-009289,CUST-0986,2026-01-16,453.97,Credit Card,Completed,327
TX-009290,CUST-0986,2025-01-16,148.81,Wire Transfer,Failed,416
TX-009291,CUST-0986,2025-03-26,336.89,PayPal,Completed,288
TX-009292,CUST-0986,2025-11-22,171.38,Wire Transfer,Completed,210
TX-009293,CUST-0986,2026-02-21,1286.72,PayPal,Refunded,3759
TX-009294,CUST-0986,2025-10-07,206.32,PayPal,Failed,172
TX-009295,CUST-0986,2025-10-15,258.35,Wire Transfer,Completed,192
TX-009296,CUST-0986,2025-02-17,59.89,ACH Direct Debit,Completed,405
TX-009297,CUST-0986,2025-06-11,433.33,Credit Card,Completed,161
TX-009298,CUST-0986,2025-12-29,325.19,Wire Transfer,Completed,289
TX-009299,CUST-0986,2025-02-14,113.44,ACH Direct Debit,Completed,134
TX-009300,CUST-0986,2025-10-21,479.09,ACH Direct Debit,Completed,317
TX-009301,CUST-0987,2025-08-25,158.72,Credit Card,Completed,400
TX-009302,CUST-0987,2025-01-21,391.41,Credit Card,Refunded,341
TX-009303,CUST-0987,2025-08-18,103.34,ACH Direct Debit,Completed,103
TX-009304,CUST-0987,2026-02-19,184.97,Credit Card,Completed,168
TX-009305,CUST-0988,2025-12-09,469.31,Wire Transfer,Failed,238
TX-009306,CUST-0988,2025-03-09,318.27,Credit Card,Completed,377
TX-009307,CUST-0988,2026-01-27,135.51,PayPal,Completed,90
TX-009308,CUST-0988,2026-02-08,359.06,Credit Card,Completed,338
TX-009309,CUST-0988,2025-09-12,107.25,ACH Direct Debit,Completed,92
TX-009310,CUST-0988,2025-04-07,392.62,Credit Card,Completed,145
TX-009311,CUST-0988,2025-11-11,237.56,PayPal,Completed,149
TX-009312,CUST-0988,2025-06-20,285.1,Credit Card,Completed,198
TX-009313,CUST-0988,2025-11-27,473.99,PayPal,Completed,292
TX-009314,CUST-0988,2025-10-01,465.38,Credit Card,Completed,260
TX-009315,CUST-0988,2025-03-10,279.05,PayPal,Completed,284
TX-009316,CUST-0988,2025-06-12,398.64,PayPal,Completed,138
TX-009317,CUST-0988,2025-04-19,67.17,ACH Direct Debit,Completed,246
TX-009318,CUST-0988,2025-08-30,367.04,Credit Card,Completed,389
TX-009319,CUST-0988,2025-04-19,156.04,Credit Card,Completed,141
TX-009320,CUST-0988,2025-01-05,156.91,PayPal,Completed,357
TX-009321,CUST-0989,2025-04-03,149.15,PayPal,Completed,238
TX-009322,CUST-0989,2025-05-29,483.55,PayPal,Completed,331
TX-009323,CUST-0989,2025-10-04,273.3,Credit Card,Completed,338
TX-009324,CUST-0989,2025-07-18,299.66,ACH Direct Debit,Completed,371
TX-009325,CUST-0989,2025-09-21,278.2,PayPal,Completed,371
TX-009326,CUST-0989,2026-01-28,1330.22,PayPal,Failed,3089
TX-009327,CUST-0989,2025-11-02,174.51,Credit Card,Completed,404
TX-009328,CUST-0989,2025-04-06,459.94,Wire Transfer,Completed,329
TX-009329,CUST-0989,2025-01-27,280.58,Credit Card,Completed,121
TX-009330,CUST-0989,2025-03-25,485.77,ACH Direct Debit,Failed,178
TX-009331,CUST-0989,2025-08-18,58.49,PayPal,Completed,327
TX-009332,CUST-0989,2025-04-30,284.15,ACH Direct Debit,Failed,148
TX-009333,CUST-0989,2025-10-29,327.09,Wire Transfer,Completed,148
TX-009334,CUST-0990,2025-12-26,198.02,Credit Card,Completed,335
TX-009335,CUST-0990,2025-06-05,386.22,Wire Transfer,Completed,323
TX-009336,CUST-0990,2025-02-19,90.48,PayPal,Completed,120
TX-009337,CUST-0990,2025-06-04,336.15,Credit Card,Completed,338
TX-009338,CUST-0990,2025-03-16,348.32,Credit Card,Completed,112
TX-009339,CUST-0991,2025-10-01,637.39,ACH Direct Debit,Refunded,3474
TX-009340,CUST-0991,2025-04-29,36.95,Credit Card,Completed,397
TX-009341,CUST-0991,2025-12-28,172.66,Wire Transfer,Completed,276
TX-009342,CUST-0991,2025-09-10,110.81,PayPal,Completed,199
TX-009343,CUST-0991,2025-01-05,163.38,ACH Direct Debit,Completed,127
TX-009344,CUST-0991,2025-10-12,190.94,Wire Transfer,Completed,402
TX-009345,CUST-0991,2025-12-02,385.53,PayPal,Completed,110
TX-009346,CUST-0991,2025-01-17,69.85,Wire Transfer,Completed,203
TX-009347,CUST-0991,2025-09-28,489.06,ACH Direct Debit,Completed,292
TX-009348,CUST-0992,2025-07-16,167.93,Wire Transfer,Completed,331
TX-009349,CUST-0992,2025-07-15,143.78,PayPal,Completed,152
TX-009350,CUST-0992,2025-09-25,379.71,Credit Card,Completed,256
TX-009351,CUST-0992,2025-12-19,276.81,PayPal,Completed,92
TX-009352,CUST-0992,2025-07-14,83.12,Wire Transfer,Completed,104
TX-009353,CUST-0992,2025-09-01,357.8,ACH Direct Debit,Completed,393
TX-009354,CUST-0992,2025-08-25,282.94,ACH Direct Debit,Failed,231
TX-009355,CUST-0992,2025-05-24,104.11,Wire Transfer,Completed,335
TX-009356,CUST-0993,2025-03-14,393.7,ACH Direct Debit,Completed,394
TX-009357,CUST-0993,2025-11-17,369.58,ACH Direct Debit,Completed,418
TX-009358,CUST-0993,2025-04-20,476.1,Wire Transfer,Completed,155
TX-009359,CUST-0993,2025-11-06,107.88,Credit Card,Completed,193
TX-009360,CUST-0993,2025-07-21,63.8,ACH Direct Debit,Completed,389
TX-009361,CUST-0993,2025-01-11,198.06,PayPal,Completed,151
TX-009362,CUST-0994,2025-01-14,464.27,Wire Transfer,Completed,283
TX-009363,CUST-0994,2025-07-15,69.23,Credit Card,Completed,294
TX-009364,CUST-0994,2025-04-13,159.97,Credit Card,Completed,342
TX-009365,CUST-0994,2025-03-21,389.48,ACH Direct Debit,Completed,99
TX-009366,CUST-0994,2025-03-28,69.18,PayPal,Completed,318
TX-009367,CUST-0994,2026-01-11,169.62,Wire Transfer,Completed,211
TX-009368,CUST-0994,2025-12-21,348.33,ACH Direct Debit,Completed,154
TX-009369,CUST-0994,2025-01-29,150.5,Credit Card,Completed,88
TX-009370,CUST-0995,2025-03-24,173.62,Credit Card,Refunded,273
TX-009371,CUST-0995,2025-07-02,394.43,ACH Direct Debit,Completed,186
TX-009372,CUST-0995,2026-01-23,278.59,Wire Transfer,Completed,319
TX-009373,CUST-0995,2025-09-10,252.03,Wire Transfer,Completed,169
TX-009374,CUST-0995,2025-05-12,109.37,ACH Direct Debit,Completed,111
TX-009375,CUST-0995,2025-11-24,223.74,Wire Transfer,Completed,129
TX-009376,CUST-0995,2025-08-07,488.34,ACH Direct Debit,Completed,373
TX-009377,CUST-0995,2025-08-18,316.35,Credit Card,Completed,221
TX-009378,CUST-0995,2025-10-26,176.47,Credit Card,Completed,283
TX-009379,CUST-0995,2025-04-01,428.04,PayPal,Completed,121
TX-009380,CUST-0996,2025-10-14,229.93,ACH Direct Debit,Completed,171
TX-009381,CUST-0996,2025-09-15,481.86,Wire Transfer,Completed,90
TX-009382,CUST-0996,2025-05-22,246.27,ACH Direct Debit,Completed,273
TX-009383,CUST-0997,2025-04-10,325.6,PayPal,Completed,349
TX-009384,CUST-0997,2025-02-05,467.06,Wire Transfer,Completed,209
TX-009385,CUST-0997,2025-09-15,42.38,PayPal,Completed,290
TX-009386,CUST-0997,2025-08-26,4105.05,Wire Transfer,Refunded,3880
TX-009387,CUST-0997,2025-01-09,445.92,Wire Transfer,Completed,197
TX-009388,CUST-0997,2025-09-09,496.38,Credit Card,Completed,199
TX-009389,CUST-0997,2025-04-17,411.84,Wire Transfer,Failed,244
TX-009390,CUST-0997,2025-04-14,184.05,Credit Card,Completed,262
TX-009391,CUST-0997,2025-03-25,-306.54,ACH Direct Debit,Failed,272
TX-009392,CUST-0997,2025-04-23,362.71,Wire Transfer,Failed,383
TX-009393,CUST-0997,2025-05-29,413.99,PayPal,Completed,95
TX-009394,CUST-0997,2026-02-08,71.2,ACH Direct Debit,Completed,86
TX-009395,CUST-0998,2025-07-28,35.96,Wire Transfer,Completed,97
TX-009396,CUST-0998,2025-11-25,152.69,PayPal,Completed,409
TX-009397,CUST-0998,2025-09-27,324.22,ACH Direct Debit,Failed,154
TX-009398,CUST-0998,2025-01-29,109.22,ACH Direct Debit,Completed,352
TX-009399,CUST-0998,2025-12-07,414.54,Wire Transfer,Completed,350
TX-009400,CUST-0998,2025-09-26,442.96,ACH Direct Debit,Completed,389
TX-009401,CUST-0998,2025-06-29,447.64,Credit Card,Completed,376
TX-009402,CUST-0998,2026-01-01,256.65,Wire Transfer,Refunded,262
TX-009403,CUST-0998,2025-07-16,407.49,Wire Transfer,Completed,110
TX-009404,CUST-0998,2025-04-24,475.81,PayPal,Completed,402
TX-009405,CUST-0998,2025-05-26,307.44,Wire Transfer,Completed,219
TX-009406,CUST-0998,2025-05-31,332.19,PayPal,Completed,313
TX-009407,CUST-0998,2026-02-20,190.35,PayPal,Completed,108
TX-009408,CUST-0998,2025-06-29,217.51,ACH Direct Debit,Failed,284
TX-009409,CUST-0998,2025-06-07,345.73,ACH Direct Debit,Completed,336
TX-009410,CUST-0999,2025-01-15,388.34,Wire Transfer,Completed,113
TX-009411,CUST-0999,2025-12-13,476.58,PayPal,Completed,124
TX-009412,CUST-0999,2026-01-19,325.33,Credit Card,Completed,306
TX-009413,CUST-0999,2025-03-18,244.5,ACH Direct Debit,Failed,143
TX-009414,CUST-0999,2025-04-14,35.89,PayPal,Completed,389
TX-009415,CUST-0999,2025-07-22,424.75,PayPal,Completed,153
TX-009416,CUST-0999,2025-07-10,336.63,PayPal,Completed,372
TX-009417,CUST-0999,2025-04-11,407.43,Wire Transfer,Completed,226
TX-009418,CUST-0999,2025-12-19,292.0,PayPal,Completed,342
TX-009419,CUST-1000,2025-08-27,448.69,ACH Direct Debit,Failed,252
TX-009420,CUST-1000,2025-04-11,289.87,ACH Direct Debit,Completed,399
TX-009421,CUST-1000,2025-10-23,471.47,Credit Card,Completed,404
TX-009422,CUST-1000,2025-06-26,467.0,Wire Transfer,Completed,407
TX-009423,CUST-1000,2025-03-24,398.1,Credit Card,Completed,281
TX-009424,CUST-1000,2025-07-21,364.27,ACH Direct Debit,Completed,220
TX-009425,CUST-1000,2025-04-16,486.84,ACH Direct Debit,Completed,305
TX-009426,CUST-1000,2025-12-15,356.34,ACH Direct Debit,Completed,284
